id,season,matchday,match,match_date,match_time,home_team,away_team,ft_home_goals,ft_away_goals,result,outcome,my_odds,odds_1xbet,odds_williamhill
1,2005/06,1,NK Domžale-NK Nafta,2005-07-22,16:30:00,NK Domžale,NK Nafta,2,0,2:0 (2:0),1,,,
2,2005/06,1,NK Drava (old)-Rudar Velenje,2005-07-23,16:30:00,NK Drava (old),Rudar Velenje,1,0,1:0 (1:0),1,,,
3,2005/06,1,FC Anet Koper-NK Primorje,2005-07-23,16:30:00,FC Anet Koper,NK Primorje,1,1,1:1 (1:0),0,,,
4,2005/06,1,ND Gorica-Bela Krajina,2005-07-24,19:00:00,ND Gorica,Bela Krajina,4,0,4:0 (3:0),1,,,
5,2005/06,1,NK Publikum Celje-NK Maribor,2005-07-24,19:00:00,NK Publikum Celje,NK Maribor,0,0,0:0 (0:0),0,,,
6,2005/06,2,NK Nafta-NK Publikum Celje,2005-07-30,16:30:00,NK Nafta,NK Publikum Celje,2,1,2:1 (1:1),1,,,
7,2005/06,2,NK Maribor-FC Anet Koper,2005-07-30,19:00:00,NK Maribor,FC Anet Koper,1,2,1:2 (0:1),1,,,
8,2005/06,2,ND Gorica-NK Drava (old),2005-07-30,19:00:00,ND Gorica,NK Drava (old),2,0,2:0 (0:0),1,,,
9,2005/06,2,Bela Krajina-NK Primorje,2005-07-31,16:30:00,Bela Krajina,NK Primorje,1,0,1:0 (0:0),1,,,
10,2005/06,2,Rudar Velenje-NK Domžale,2005-07-31,16:30:00,Rudar Velenje,NK Domžale,0,8,0:8 (0:4),1,,,
11,2005/06,3,NK Domžale-ND Gorica,2005-08-06,16:30:00,NK Domžale,ND Gorica,1,1,1:1 (0:1),0,,,
12,2005/06,3,FC Anet Koper-NK Nafta,2005-08-06,16:30:00,FC Anet Koper,NK Nafta,0,2,0:2 (0:1),1,,,
13,2005/06,3,NK Publikum Celje-Rudar Velenje,2005-08-06,19:00:00,NK Publikum Celje,Rudar Velenje,2,1,2:1 (1:1),1,,,
14,2005/06,3,NK Drava (old)-Bela Krajina,2005-08-07,16:30:00,NK Drava (old),Bela Krajina,3,0,3:0 (1:0),1,,,
15,2005/06,3,NK Primorje-NK Maribor,2005-08-07,16:30:00,NK Primorje,NK Maribor,2,1,2:1 (1:1),1,,,
16,2005/06,4,NK Nafta-NK Primorje,2005-08-13,16:00:00,NK Nafta,NK Primorje,1,0,1:0 (0:0),1,,,
17,2005/06,4,Rudar Velenje-FC Anet Koper,2005-08-13,19:00:00,Rudar Velenje,FC Anet Koper,2,1,2:1 (1:1),1,,,
18,2005/06,4,Bela Krajina-NK Maribor,2005-08-14,16:00:00,Bela Krajina,NK Maribor,2,2,2:2 (0:2),0,,,
19,2005/06,4,NK Drava (old)-NK Domžale,2005-08-14,16:00:00,NK Drava (old),NK Domžale,1,1,1:1 (0:0),0,,,
20,2005/06,4,ND Gorica-NK Publikum Celje,2005-08-14,19:00:00,ND Gorica,NK Publikum Celje,2,1,2:1 (2:1),1,,,
21,2005/06,5,NK Domžale-Bela Krajina,2005-08-20,16:00:00,NK Domžale,Bela Krajina,4,0,4:0 (2:0),1,,,
22,2005/06,5,FC Anet Koper-ND Gorica,2005-08-20,16:00:00,FC Anet Koper,ND Gorica,2,0,2:0 (1:0),1,,,
23,2005/06,5,NK Publikum Celje-NK Drava (old),2005-08-20,19:00:00,NK Publikum Celje,NK Drava (old),2,0,2:0 (0:0),1,,,
24,2005/06,5,NK Maribor-NK Nafta,2005-08-20,19:00:00,NK Maribor,NK Nafta,1,0,1:0 (0:0),1,,,
25,2005/06,5,NK Primorje-Rudar Velenje,2005-08-24,16:00:00,NK Primorje,Rudar Velenje,6,1,6:1 (2:1),1,,,
26,2005/06,6,NK Drava (old)-FC Anet Koper,2005-08-27,16:00:00,NK Drava (old),FC Anet Koper,1,0,1:0 (0:0),1,,,
27,2005/06,6,Rudar Velenje-NK Maribor,2005-08-27,19:00:00,Rudar Velenje,NK Maribor,0,1,0:1 (0:1),1,,,
28,2005/06,6,ND Gorica-NK Primorje,2005-08-27,19:00:00,ND Gorica,NK Primorje,2,0,2:0 (1:0),1,,,
29,2005/06,6,Bela Krajina-NK Nafta,2005-08-28,16:00:00,Bela Krajina,NK Nafta,1,4,1:4 (1:2),1,,,
30,2005/06,6,NK Domžale-NK Publikum Celje,2005-08-29,16:00:00,NK Domžale,NK Publikum Celje,5,0,5:0 (1:0),1,,,
31,2005/06,7,FC Anet Koper-NK Domžale,2005-09-10,15:30:00,FC Anet Koper,NK Domžale,2,2,2:2 (0:1),0,,,
32,2005/06,7,NK Primorje-NK Drava (old),2005-09-10,15:30:00,NK Primorje,NK Drava (old),6,2,6:2 (3:1),1,,,
33,2005/06,7,NK Nafta-Rudar Velenje,2005-09-10,15:30:00,NK Nafta,Rudar Velenje,5,0,5:0 (3:0),1,,,
34,2005/06,7,NK Publikum Celje-Bela Krajina,2005-09-10,18:00:00,NK Publikum Celje,Bela Krajina,0,3,0:3 (0:1),1,,,
35,2005/06,7,NK Maribor-ND Gorica,2005-09-11,18:00:00,NK Maribor,ND Gorica,2,1,2:1 (1:1),1,,,
36,2005/06,8,NK Drava (old)-NK Maribor,2005-09-17,15:30:00,NK Drava (old),NK Maribor,0,3,0:3 (0:1),1,,,
37,2005/06,8,ND Gorica-NK Nafta,2005-09-17,18:00:00,ND Gorica,NK Nafta,2,0,2:0 (0:0),1,,,
38,2005/06,8,NK Publikum Celje-FC Anet Koper,2005-09-17,18:00:00,NK Publikum Celje,FC Anet Koper,3,3,3:3 (2:1),0,,,
39,2005/06,8,Bela Krajina-Rudar Velenje,2005-09-18,15:30:00,Bela Krajina,Rudar Velenje,1,0,1:0 (1:0),1,,,
40,2005/06,8,NK Domžale-NK Primorje,2005-09-18,15:30:00,NK Domžale,NK Primorje,3,0,3:0 (1:0),1,,,
41,2005/06,9,FC Anet Koper-Bela Krajina,2005-09-21,15:30:00,FC Anet Koper,Bela Krajina,2,1,2:1 (1:1),1,,,
42,2005/06,9,NK Primorje-NK Publikum Celje,2005-09-21,15:30:00,NK Primorje,NK Publikum Celje,1,0,1:0 (0:0),1,,,
43,2005/06,9,NK Nafta-NK Drava (old),2005-09-21,15:30:00,NK Nafta,NK Drava (old),1,0,1:0 (1:0),1,,,
44,2005/06,9,Rudar Velenje-ND Gorica,2005-09-21,15:30:00,Rudar Velenje,ND Gorica,1,2,1:2 (0:1),1,,,
45,2005/06,9,NK Maribor-NK Domžale,2005-09-21,19:00:00,NK Maribor,NK Domžale,0,0,0:0 (0:0),0,,,
46,2005/06,10,NK Nafta-NK Domžale,2005-09-24,15:30:00,NK Nafta,NK Domžale,0,1,0:1 (0:1),1,,,
47,2005/06,10,Rudar Velenje-NK Drava (old),2005-09-24,18:00:00,Rudar Velenje,NK Drava (old),0,0,0:0 (0:0),0,,,
48,2005/06,10,NK Maribor-NK Publikum Celje,2005-09-24,18:00:00,NK Maribor,NK Publikum Celje,0,2,0:2 (0:1),1,,,
49,2005/06,10,Bela Krajina-ND Gorica,2005-09-25,15:30:00,Bela Krajina,ND Gorica,1,1,1:1 (0:1),0,,,
50,2005/06,10,NK Primorje-FC Anet Koper,2005-09-25,15:30:00,NK Primorje,FC Anet Koper,2,0,2:0 (2:0),1,,,
51,2005/06,11,NK Drava (old)-ND Gorica,2005-10-01,15:00:00,NK Drava (old),ND Gorica,1,3,1:3 (0:2),1,,,
52,2005/06,11,NK Publikum Celje-NK Nafta,2005-10-01,17:00:00,NK Publikum Celje,NK Nafta,1,3,1:3 (0:2),1,,,
53,2005/06,11,NK Primorje-Bela Krajina,2005-10-02,15:00:00,NK Primorje,Bela Krajina,2,1,2:1 (0:0),1,,,
54,2005/06,11,FC Anet Koper-NK Maribor,2005-10-02,15:00:00,FC Anet Koper,NK Maribor,2,3,2:3 (0:1),1,,,
55,2005/06,11,NK Domžale-Rudar Velenje,2005-10-03,15:00:00,NK Domžale,Rudar Velenje,4,1,4:1 (1:1),1,,,
56,2005/06,12,ND Gorica-NK Domžale,2005-10-15,13:45:00,ND Gorica,NK Domžale,1,1,1:1 (1:0),0,,,
57,2005/06,12,Bela Krajina-NK Drava (old),2005-10-15,14:00:00,Bela Krajina,NK Drava (old),1,1,1:1 (0:0),0,,,
58,2005/06,12,NK Nafta-FC Anet Koper,2005-10-15,14:00:00,NK Nafta,FC Anet Koper,1,0,1:0 (0:0),1,,,
59,2005/06,12,Rudar Velenje-NK Publikum Celje,2005-10-15,17:00:00,Rudar Velenje,NK Publikum Celje,0,1,0:1 (0:0),1,,,
60,2005/06,12,NK Maribor-NK Primorje,2005-10-15,17:00:00,NK Maribor,NK Primorje,2,0,2:0 (2:0),1,,,
61,2005/06,13,NK Primorje-NK Nafta,2005-10-22,14:00:00,NK Primorje,NK Nafta,2,0,2:0 (0:0),1,,,
62,2005/06,13,FC Anet Koper-Rudar Velenje,2005-10-22,14:00:00,FC Anet Koper,Rudar Velenje,2,1,2:1 (1:1),1,,,
63,2005/06,13,NK Domžale-NK Drava (old),2005-10-22,14:00:00,NK Domžale,NK Drava (old),1,0,1:0 (0:0),1,,,
64,2005/06,13,NK Maribor-Bela Krajina,2005-10-22,17:00:00,NK Maribor,Bela Krajina,1,1,1:1 (1:0),0,,,
65,2005/06,13,NK Publikum Celje-ND Gorica,2005-10-22,17:00:00,NK Publikum Celje,ND Gorica,2,1,2:1 (0:0),1,,,
66,2005/06,14,Bela Krajina-NK Domžale,2005-10-26,14:00:00,Bela Krajina,NK Domžale,1,1,1:1 (1:0),0,,,
67,2005/06,14,NK Drava (old)-NK Publikum Celje,2005-10-26,14:00:00,NK Drava (old),NK Publikum Celje,1,0,1:0 (0:0),1,,,
68,2005/06,14,NK Nafta-NK Maribor,2005-10-26,14:00:00,NK Nafta,NK Maribor,0,4,0:4 (0:2),1,,,
69,2005/06,14,ND Gorica-FC Anet Koper,2005-10-26,17:00:00,ND Gorica,FC Anet Koper,3,0,3:0 (1:0),1,,,
70,2005/06,14,Rudar Velenje-NK Primorje,2005-10-26,17:00:00,Rudar Velenje,NK Primorje,0,4,0:4 (0:3),1,,,
71,2005/06,15,NK Nafta-Bela Krajina,2005-10-29,14:00:00,NK Nafta,Bela Krajina,1,1,1:1 (0:1),0,,,
72,2005/06,15,NK Primorje-ND Gorica,2005-10-29,14:00:00,NK Primorje,ND Gorica,2,2,2:2 (1:1),0,,,
73,2005/06,15,FC Anet Koper-NK Drava (old),2005-10-29,14:00:00,FC Anet Koper,NK Drava (old),0,1,0:1 (0:1),1,,,
74,2005/06,15,NK Maribor-Rudar Velenje,2005-10-29,17:00:00,NK Maribor,Rudar Velenje,1,1,1:1 (0:0),0,,,
75,2005/06,15,NK Publikum Celje-NK Domžale,2005-10-29,17:00:00,NK Publikum Celje,NK Domžale,3,2,3:2 (2:1),1,,,
76,2005/06,16,Bela Krajina-NK Publikum Celje,2005-11-05,13:00:00,Bela Krajina,NK Publikum Celje,1,0,1:0 (1:0),1,,,
77,2005/06,16,NK Domžale-FC Anet Koper,2005-11-05,13:00:00,NK Domžale,FC Anet Koper,4,1,4:1 (2:0),1,,,
78,2005/06,16,NK Drava (old)-NK Primorje,2005-11-05,13:00:00,NK Drava (old),NK Primorje,4,1,4:1 (1:1),1,,,
79,2005/06,16,Rudar Velenje-NK Nafta,2005-11-05,15:00:00,Rudar Velenje,NK Nafta,1,3,1:3 (1:1),1,,,
80,2005/06,16,ND Gorica-NK Maribor,2005-11-06,13:45:00,ND Gorica,NK Maribor,4,1,4:1 (1:1),1,,,
81,2005/06,17,Rudar Velenje-Bela Krajina,2006-03-11,14:00:00,Rudar Velenje,Bela Krajina,0,0,0:0 (0:0),0,,,
82,2005/06,17,NK Nafta-ND Gorica,2006-03-11,14:00:00,NK Nafta,ND Gorica,2,4,2:4 (0:2),1,,,
83,2005/06,17,NK Primorje-NK Domžale,2006-03-11,14:00:00,NK Primorje,NK Domžale,2,2,2:2 (1:2),0,,,
84,2005/06,17,FC Anet Koper-NK Publikum Celje,2006-03-11,14:00:00,FC Anet Koper,NK Publikum Celje,2,0,2:0 (1:0),1,,,
85,2005/06,17,NK Maribor-NK Drava (old),2006-03-11,17:00:00,NK Maribor,NK Drava (old),2,1,2:1 (1:1),1,,,
86,2005/06,18,Bela Krajina-FC Anet Koper,2005-11-19,13:00:00,Bela Krajina,FC Anet Koper,1,3,1:3 (1:0),1,,,
87,2005/06,18,NK Domžale-NK Maribor,2005-11-19,13:00:00,NK Domžale,NK Maribor,2,1,2:1 (1:1),1,,,
88,2005/06,18,NK Drava (old)-NK Nafta,2005-11-19,13:00:00,NK Drava (old),NK Nafta,3,2,3:2 (2:0),1,,,
89,2005/06,18,NK Publikum Celje-NK Primorje,2005-11-19,15:00:00,NK Publikum Celje,NK Primorje,2,0,2:0 (0:0),1,,,
90,2005/06,18,ND Gorica-Rudar Velenje,2005-11-19,15:00:00,ND Gorica,Rudar Velenje,0,0,0:0 (0:0),0,,,
91,2005/06,19,FC Anet Koper-NK Primorje,2005-11-26,13:00:00,FC Anet Koper,NK Primorje,1,0,1:0 (0:0),1,,,
92,2005/06,19,ND Gorica-Bela Krajina,2005-11-26,16:00:00,ND Gorica,Bela Krajina,5,0,5:0 (2:0),1,,,
93,2005/06,19,NK Drava (old)-Rudar Velenje,2006-03-04,14:00:00,NK Drava (old),Rudar Velenje,2,1,2:1 (2:0),1,,,
94,2005/06,19,NK Publikum Celje-NK Maribor,2006-03-08,16:00:00,NK Publikum Celje,NK Maribor,1,0,1:0 (1:0),1,,,
95,2005/06,19,NK Domžale-NK Nafta,2006-03-15,14:00:00,NK Domžale,NK Nafta,3,1,3:1 (0:0),1,,,
96,2005/06,20,Bela Krajina-NK Primorje,2006-03-18,14:00:00,Bela Krajina,NK Primorje,0,1,0:1 (0:1),1,,,
97,2005/06,20,NK Nafta-NK Publikum Celje,2006-03-18,14:00:00,NK Nafta,NK Publikum Celje,0,0,0:0 (0:0),0,,,
98,2005/06,20,Rudar Velenje-NK Domžale,2006-03-18,14:00:00,Rudar Velenje,NK Domžale,2,0,2:0 (2:0),1,,,
99,2005/06,20,ND Gorica-NK Drava (old),2006-03-18,14:00:00,ND Gorica,NK Drava (old),4,0,4:0 (3:0),1,,,
100,2005/06,20,NK Maribor-FC Anet Koper,2006-03-18,17:00:00,NK Maribor,FC Anet Koper,0,1,0:1 (0:1),1,,,
101,2005/06,21,NK Drava (old)-Bela Krajina,2006-03-25,14:00:00,NK Drava (old),Bela Krajina,0,1,0:1 (0:1),1,,,
102,2005/06,21,NK Domžale-ND Gorica,2006-03-25,14:00:00,NK Domžale,ND Gorica,1,1,1:1 (1:1),0,,,
103,2005/06,21,NK Publikum Celje-Rudar Velenje,2006-03-25,14:00:00,NK Publikum Celje,Rudar Velenje,4,2,4:2 (0:0),1,,,
104,2005/06,21,FC Anet Koper-NK Nafta,2006-03-25,14:00:00,FC Anet Koper,NK Nafta,2,0,2:0 (1:0),1,,,
105,2005/06,21,NK Primorje-NK Maribor,2006-03-25,14:00:00,NK Primorje,NK Maribor,0,3,0:3 (0:0),1,,,
106,2005/06,22,Bela Krajina-NK Maribor,2006-03-29,15:30:00,Bela Krajina,NK Maribor,0,1,0:1 (0:0),1,,,
107,2005/06,22,NK Nafta-NK Primorje,2006-03-29,15:30:00,NK Nafta,NK Primorje,2,0,2:0 (0:0),1,,,
108,2005/06,22,NK Drava (old)-NK Domžale,2006-03-29,15:30:00,NK Drava (old),NK Domžale,1,1,1:1 (0:0),0,,,
109,2005/06,22,Rudar Velenje-FC Anet Koper,2006-03-29,17:00:00,Rudar Velenje,FC Anet Koper,2,2,2:2 (0:1),0,,,
110,2005/06,22,ND Gorica-NK Publikum Celje,2006-03-29,17:00:00,ND Gorica,NK Publikum Celje,2,0,2:0 (0:0),1,,,
667,2008/09,26,NK Nafta-FC Koper,2009-04-04,15:00:00,NK Nafta,FC Koper,1,1,1:1 (1:1),0,,,
111,2005/06,23,NK Domžale-Bela Krajina,2006-04-01,15:30:00,NK Domžale,Bela Krajina,2,1,2:1 (1:1),1,,,
112,2005/06,23,FC Anet Koper-ND Gorica,2006-04-01,15:30:00,FC Anet Koper,ND Gorica,1,1,1:1 (1:1),0,,,
113,2005/06,23,NK Primorje-Rudar Velenje,2006-04-01,15:30:00,NK Primorje,Rudar Velenje,1,1,1:1 (1:0),0,,,
114,2005/06,23,NK Publikum Celje-NK Drava (old),2006-04-01,17:00:00,NK Publikum Celje,NK Drava (old),3,1,3:1 (1:0),1,,,
115,2005/06,23,NK Maribor-NK Nafta,2006-04-01,17:00:00,NK Maribor,NK Nafta,5,1,5:1 (2:1),1,,,
116,2005/06,24,NK Domžale-NK Publikum Celje,2006-04-08,14:00:00,NK Domžale,NK Publikum Celje,2,1,2:1 (1:1),1,,,
117,2005/06,24,Bela Krajina-NK Nafta,2006-04-08,16:00:00,Bela Krajina,NK Nafta,3,0,3:0 (1:0),1,,,
118,2005/06,24,NK Drava (old)-FC Anet Koper,2006-04-08,16:00:00,NK Drava (old),FC Anet Koper,1,1,1:1 (0:1),0,,,
119,2005/06,24,Rudar Velenje-NK Maribor,2006-04-08,19:00:00,Rudar Velenje,NK Maribor,2,3,2:3 (2:2),1,,,
120,2005/06,24,ND Gorica-NK Primorje,2006-04-08,19:00:00,ND Gorica,NK Primorje,2,0,2:0 (0:0),1,,,
121,2005/06,25,FC Anet Koper-NK Domžale,2006-04-12,16:00:00,FC Anet Koper,NK Domžale,2,0,2:0 (0:0),1,,,
122,2005/06,25,NK Primorje-NK Drava (old),2006-04-12,16:00:00,NK Primorje,NK Drava (old),2,2,2:2 (1:1),0,,,
123,2005/06,25,NK Nafta-Rudar Velenje,2006-04-12,16:00:00,NK Nafta,Rudar Velenje,2,1,2:1 (1:1),1,,,
124,2005/06,25,NK Publikum Celje-Bela Krajina,2006-04-12,17:00:00,NK Publikum Celje,Bela Krajina,2,0,2:0 (2:0),1,,,
125,2005/06,25,NK Maribor-ND Gorica,2006-04-12,19:00:00,NK Maribor,ND Gorica,4,1,4:1 (1:1),1,,,
126,2005/06,26,Bela Krajina-Rudar Velenje,2006-04-15,16:00:00,Bela Krajina,Rudar Velenje,1,1,1:1 (0:0),0,,,
127,2005/06,26,NK Drava (old)-NK Maribor,2006-04-15,16:00:00,NK Drava (old),NK Maribor,3,2,3:2 (1:1),1,,,
128,2005/06,26,NK Domžale-NK Primorje,2006-04-15,16:00:00,NK Domžale,NK Primorje,2,0,2:0 (1:0),1,,,
129,2005/06,26,ND Gorica-NK Nafta,2006-04-15,19:00:00,ND Gorica,NK Nafta,1,1,1:1 (0:0),0,,,
130,2005/06,26,NK Publikum Celje-FC Anet Koper,2006-04-15,19:00:00,NK Publikum Celje,FC Anet Koper,0,2,0:2 (0:1),1,,,
131,2005/06,27,FC Anet Koper-Bela Krajina,2006-04-22,16:00:00,FC Anet Koper,Bela Krajina,2,0,2:0 (1:0),1,,,
132,2005/06,27,NK Primorje-NK Publikum Celje,2006-04-22,16:00:00,NK Primorje,NK Publikum Celje,2,4,2:4 (2:1),1,,,
133,2005/06,27,NK Nafta-NK Drava (old),2006-04-22,16:00:00,NK Nafta,NK Drava (old),0,0,0:0 (0:0),0,,,
134,2005/06,27,NK Maribor-NK Domžale,2006-04-22,17:00:00,NK Maribor,NK Domžale,0,3,0:3 (0:1),1,,,
135,2005/06,27,Rudar Velenje-ND Gorica,2006-04-22,19:00:00,Rudar Velenje,ND Gorica,0,3,0:3 (0:1),1,,,
136,2005/06,28,Bela Krajina-ND Gorica,2006-04-26,16:00:00,Bela Krajina,ND Gorica,1,1,1:1 (1:0),0,,,
137,2005/06,28,NK Nafta-NK Domžale,2006-04-26,16:00:00,NK Nafta,NK Domžale,0,0,0:0 (0:0),0,,,
138,2005/06,28,NK Primorje-FC Anet Koper,2006-04-26,16:00:00,NK Primorje,FC Anet Koper,1,0,1:0 (0:0),1,,,
139,2005/06,28,Rudar Velenje-NK Drava (old),2006-04-26,17:00:00,Rudar Velenje,NK Drava (old),1,3,1:3 (1:0),1,,,
140,2005/06,28,NK Maribor-NK Publikum Celje,2006-04-26,17:00:00,NK Maribor,NK Publikum Celje,1,2,1:2 (0:1),1,,,
141,2005/06,29,NK Primorje-Bela Krajina,2006-04-29,16:00:00,NK Primorje,Bela Krajina,2,2,2:2 (1:0),0,,,
142,2005/06,29,FC Anet Koper-NK Maribor,2006-04-29,16:00:00,FC Anet Koper,NK Maribor,2,0,2:0 (0:0),1,,,
143,2005/06,29,NK Domžale-Rudar Velenje,2006-04-29,16:00:00,NK Domžale,Rudar Velenje,3,0,3:0 (1:0),1,,,
144,2005/06,29,NK Drava (old)-ND Gorica,2006-04-29,16:00:00,NK Drava (old),ND Gorica,2,0,2:0 (1:0),1,,,
145,2005/06,29,NK Publikum Celje-NK Nafta,2006-04-29,19:00:00,NK Publikum Celje,NK Nafta,2,1,2:1 (1:0),1,,,
146,2005/06,30,Bela Krajina-NK Drava (old),2006-05-02,16:00:00,Bela Krajina,NK Drava (old),1,5,1:5 (0:3),1,,,
147,2005/06,30,NK Nafta-FC Anet Koper,2006-05-02,16:00:00,NK Nafta,FC Anet Koper,0,1,0:1 (0:0),1,,,
148,2005/06,30,Rudar Velenje-NK Publikum Celje,2006-05-02,19:00:00,Rudar Velenje,NK Publikum Celje,2,4,2:4 (2:0),1,,,
149,2005/06,30,NK Maribor-NK Primorje,2006-05-02,19:00:00,NK Maribor,NK Primorje,2,0,2:0 (1:0),1,,,
150,2005/06,30,ND Gorica-NK Domžale,2006-05-03,19:15:00,ND Gorica,NK Domžale,2,0,2:0 (1:0),1,,,
151,2005/06,31,NK Maribor-Bela Krajina,2006-05-06,16:00:00,NK Maribor,Bela Krajina,0,0,0:0 (0:0),0,,,
152,2005/06,31,NK Primorje-NK Nafta,2006-05-06,16:00:00,NK Primorje,NK Nafta,0,0,0:0 (0:0),0,,,
153,2005/06,31,FC Anet Koper-Rudar Velenje,2006-05-06,16:00:00,FC Anet Koper,Rudar Velenje,3,0,3:0 (3:0),1,,,
154,2005/06,31,NK Domžale-NK Drava (old),2006-05-06,16:00:00,NK Domžale,NK Drava (old),0,2,0:2 (0:2),1,,,
155,2005/06,31,NK Publikum Celje-ND Gorica,2006-05-06,17:00:00,NK Publikum Celje,ND Gorica,0,4,0:4 (0:3),1,,,
156,2005/06,32,Bela Krajina-NK Domžale,2006-05-13,16:00:00,Bela Krajina,NK Domžale,0,1,0:1 (0:0),1,,,
157,2005/06,32,NK Drava (old)-NK Publikum Celje,2006-05-13,16:00:00,NK Drava (old),NK Publikum Celje,4,1,4:1 (1:1),1,,,
158,2005/06,32,NK Nafta-NK Maribor,2006-05-13,16:30:00,NK Nafta,NK Maribor,1,0,1:0 (0:0),1,,,
159,2005/06,32,ND Gorica-FC Anet Koper,2006-05-13,19:00:00,ND Gorica,FC Anet Koper,0,0,0:0 (0:0),0,,,
160,2005/06,32,Rudar Velenje-NK Primorje,2006-05-13,19:00:00,Rudar Velenje,NK Primorje,1,1,1:1 (0:0),0,,,
161,2005/06,33,NK Nafta-Bela Krajina,2006-05-17,16:00:00,NK Nafta,Bela Krajina,3,3,3:3 (1:2),0,,,
162,2005/06,33,NK Maribor-Rudar Velenje,2006-05-17,16:00:00,NK Maribor,Rudar Velenje,1,0,1:0 (0:0),1,,,
163,2005/06,33,NK Primorje-ND Gorica,2006-05-17,16:00:00,NK Primorje,ND Gorica,1,3,1:3 (1:1),1,,,
164,2005/06,33,FC Anet Koper-NK Drava (old),2006-05-17,16:00:00,FC Anet Koper,NK Drava (old),1,1,1:1 (1:0),0,,,
165,2005/06,33,NK Publikum Celje-NK Domžale,2006-05-17,17:00:00,NK Publikum Celje,NK Domžale,1,3,1:3 (0:1),1,,,
166,2005/06,34,Bela Krajina-NK Publikum Celje,2006-05-20,16:00:00,Bela Krajina,NK Publikum Celje,3,1,3:1 (1:0),1,,,
167,2005/06,34,NK Domžale-FC Anet Koper,2006-05-20,16:00:00,NK Domžale,FC Anet Koper,2,0,2:0 (1:0),1,,,
168,2005/06,34,NK Drava (old)-NK Primorje,2006-05-20,16:00:00,NK Drava (old),NK Primorje,0,0,0:0 (0:0),0,,,
169,2005/06,34,Rudar Velenje-NK Nafta,2006-05-20,16:00:00,Rudar Velenje,NK Nafta,1,2,1:2 (0:1),1,,,
170,2005/06,34,ND Gorica-NK Maribor,2006-05-20,16:15:00,ND Gorica,NK Maribor,2,1,2:1 (1:0),1,,,
171,2005/06,35,Rudar Velenje-Bela Krajina,2006-05-27,16:00:00,Rudar Velenje,Bela Krajina,2,2,2:2 (0:2),0,,,
172,2005/06,35,NK Nafta-ND Gorica,2006-05-27,16:00:00,NK Nafta,ND Gorica,1,4,1:4 (1:4),1,,,
173,2005/06,35,NK Maribor-NK Drava (old),2006-05-27,16:00:00,NK Maribor,NK Drava (old),2,1,2:1 (2:1),1,,,
174,2005/06,35,NK Primorje-NK Domžale,2006-05-27,16:00:00,NK Primorje,NK Domžale,0,0,0:0 (0:0),0,,,
175,2005/06,35,FC Anet Koper-NK Publikum Celje,2006-05-27,16:00:00,FC Anet Koper,NK Publikum Celje,2,2,2:2 (2:1),0,,,
176,2005/06,36,Bela Krajina-FC Anet Koper,2006-06-03,17:00:00,Bela Krajina,FC Anet Koper,0,3,0:3 (0:2),1,,,
177,2005/06,36,NK Publikum Celje-NK Primorje,2006-06-03,17:00:00,NK Publikum Celje,NK Primorje,0,1,0:1 (0:0),1,,,
178,2005/06,36,NK Domžale-NK Maribor,2006-06-03,17:00:00,NK Domžale,NK Maribor,2,0,2:0 (1:0),1,,,
179,2005/06,36,NK Drava (old)-NK Nafta,2006-06-03,17:00:00,NK Drava (old),NK Nafta,2,0,2:0 (1:0),1,,,
180,2005/06,36,ND Gorica-Rudar Velenje,2006-06-03,17:00:00,ND Gorica,Rudar Velenje,4,0,4:0 (1:0),1,,,
181,2006/07,1,NK Maribor-NK Drava (old),2006-07-29,19:00:00,NK Maribor,NK Drava (old),1,0,1:0 (0:0),1,,,
182,2006/07,1,NK Publikum Celje-ND Gorica,2006-07-29,19:00:00,NK Publikum Celje,ND Gorica,0,0,0:0 (0:0),0,,,
183,2006/07,1,NK Primorje-NK Nafta,2006-07-30,16:30:00,NK Primorje,NK Nafta,1,0,1:0 (0:0),1,,,
184,2006/07,1,NK Domžale-Bela Krajina,2006-07-30,19:00:00,NK Domžale,Bela Krajina,1,0,1:0 (0:0),1,,,
185,2006/07,1,FC Anet Koper-NK Factor Ljubljana,2006-07-31,16:30:00,FC Anet Koper,NK Factor Ljubljana,3,1,3:1 (1:0),1,,,
186,2006/07,2,NK Publikum Celje-NK Domžale,2006-08-04,19:00:00,NK Publikum Celje,NK Domžale,1,3,1:3 (1:1),1,,,
187,2006/07,2,NK Factor Ljubljana-NK Primorje,2006-08-05,16:30:00,NK Factor Ljubljana,NK Primorje,0,4,0:4 (0:3),1,,,
188,2006/07,2,NK Drava (old)-FC Anet Koper,2006-08-05,16:30:00,NK Drava (old),FC Anet Koper,2,1,2:1 (1:0),1,,,
189,2006/07,2,Bela Krajina-NK Maribor,2006-08-06,16:30:00,Bela Krajina,NK Maribor,2,1,2:1 (1:1),1,,,
190,2006/07,2,ND Gorica-NK Nafta,2006-08-06,19:00:00,ND Gorica,NK Nafta,2,0,2:0 (0:0),1,,,
191,2006/07,3,FC Anet Koper-Bela Krajina,2006-08-12,16:00:00,FC Anet Koper,Bela Krajina,2,2,2:2 (0:1),0,,,
192,2006/07,3,NK Primorje-NK Drava (old),2006-08-12,16:00:00,NK Primorje,NK Drava (old),1,0,1:0 (0:0),1,,,
193,2006/07,3,NK Nafta-NK Factor Ljubljana,2006-08-12,16:00:00,NK Nafta,NK Factor Ljubljana,2,2,2:2 (1:1),0,,,
194,2006/07,3,NK Maribor-NK Publikum Celje,2006-08-13,17:00:00,NK Maribor,NK Publikum Celje,2,0,2:0 (2:0),1,,,
195,2006/07,3,NK Domžale-ND Gorica,2006-08-13,19:00:00,NK Domžale,ND Gorica,1,0,1:0 (0:0),1,,,
196,2006/07,4,ND Gorica-NK Factor Ljubljana,2006-08-19,16:00:00,ND Gorica,NK Factor Ljubljana,5,0,5:0 (4:0),1,,,
197,2006/07,4,NK Drava (old)-NK Nafta,2006-08-19,16:00:00,NK Drava (old),NK Nafta,3,0,3:0 (0:0),1,,,
198,2006/07,4,NK Publikum Celje-FC Anet Koper,2006-08-19,19:00:00,NK Publikum Celje,FC Anet Koper,1,1,1:1 (0:0),0,,,
199,2006/07,4,NK Domžale-NK Maribor,2006-08-19,19:00:00,NK Domžale,NK Maribor,3,1,3:1 (2:0),1,,,
200,2006/07,4,Bela Krajina-NK Primorje,2006-08-20,16:00:00,Bela Krajina,NK Primorje,2,2,2:2 (2:0),0,,,
201,2006/07,5,NK Nafta-Bela Krajina,2006-08-26,16:00:00,NK Nafta,Bela Krajina,1,0,1:0 (1:0),1,,,
202,2006/07,5,NK Factor Ljubljana-NK Drava (old),2006-08-26,16:00:00,NK Factor Ljubljana,NK Drava (old),0,1,0:1 (0:1),1,,,
203,2006/07,5,FC Anet Koper-NK Domžale,2006-08-27,16:00:00,FC Anet Koper,NK Domžale,1,1,1:1 (1:0),0,,,
204,2006/07,5,NK Primorje-NK Publikum Celje,2006-08-27,16:00:00,NK Primorje,NK Publikum Celje,2,0,2:0 (1:0),1,,,
205,2006/07,5,NK Maribor-ND Gorica,2006-08-27,19:00:00,NK Maribor,ND Gorica,1,1,1:1 (1:0),0,,,
206,2006/07,6,Bela Krajina-NK Factor Ljubljana,2006-08-30,16:00:00,Bela Krajina,NK Factor Ljubljana,0,1,0:1 (0:0),1,,,
207,2006/07,6,ND Gorica-NK Drava (old),2006-08-30,19:00:00,ND Gorica,NK Drava (old),3,2,3:2 (2:1),1,,,
208,2006/07,6,NK Publikum Celje-NK Nafta,2006-08-30,19:00:00,NK Publikum Celje,NK Nafta,1,2,1:2 (1:2),1,,,
209,2006/07,6,NK Domžale-NK Primorje,2006-08-30,19:00:00,NK Domžale,NK Primorje,3,1,3:1 (1:1),1,,,
210,2006/07,6,NK Maribor-FC Anet Koper,2006-08-30,19:00:00,NK Maribor,FC Anet Koper,1,1,1:1 (0:0),0,,,
211,2006/07,7,NK Factor Ljubljana-NK Publikum Celje,2006-09-08,15:30:00,NK Factor Ljubljana,NK Publikum Celje,2,4,2:4 (1:1),1,,,
212,2006/07,7,FC Anet Koper-ND Gorica,2006-09-09,15:30:00,FC Anet Koper,ND Gorica,1,1,1:1 (0:0),0,,,
213,2006/07,7,NK Nafta-NK Domžale,2006-09-09,15:30:00,NK Nafta,NK Domžale,1,2,1:2 (1:2),1,,,
214,2006/07,7,NK Drava (old)-Bela Krajina,2006-09-09,15:30:00,NK Drava (old),Bela Krajina,4,2,4:2 (1:1),1,,,
215,2006/07,7,NK Primorje-NK Maribor,2006-09-10,16:15:00,NK Primorje,NK Maribor,3,2,3:2 (2:0),1,,,
216,2006/07,8,FC Anet Koper-NK Primorje,2006-09-13,15:30:00,FC Anet Koper,NK Primorje,0,0,0:0 (0:0),0,,,
217,2006/07,8,ND Gorica-Bela Krajina,2006-09-13,17:00:00,ND Gorica,Bela Krajina,1,4,1:4 (1:2),1,,,
218,2006/07,8,NK Publikum Celje-NK Drava (old),2006-09-13,17:00:00,NK Publikum Celje,NK Drava (old),3,3,3:3 (3:0),0,,,
219,2006/07,8,NK Domžale-NK Factor Ljubljana,2006-09-13,17:00:00,NK Domžale,NK Factor Ljubljana,1,0,1:0 (1:0),1,,,
220,2006/07,8,NK Maribor-NK Nafta,2006-09-13,19:00:00,NK Maribor,NK Nafta,1,3,1:3 (1:1),1,,,
221,2006/07,9,NK Nafta-FC Anet Koper,2006-09-16,15:30:00,NK Nafta,FC Anet Koper,1,1,1:1 (0:0),0,,,
222,2006/07,9,NK Drava (old)-NK Domžale,2006-09-16,15:30:00,NK Drava (old),NK Domžale,1,1,1:1 (1:1),0,,,
223,2006/07,9,NK Primorje-ND Gorica,2006-09-17,15:30:00,NK Primorje,ND Gorica,3,3,3:3 (1:1),0,,,
224,2006/07,9,NK Factor Ljubljana-NK Maribor,2006-09-17,15:30:00,NK Factor Ljubljana,NK Maribor,0,2,0:2 (0:2),1,,,
225,2006/07,9,Bela Krajina-NK Publikum Celje,2006-09-17,15:30:00,Bela Krajina,NK Publikum Celje,1,1,1:1 (1:1),0,,,
226,2006/07,10,NK Drava (old)-NK Maribor,2006-09-23,15:30:00,NK Drava (old),NK Maribor,1,1,1:1 (1:0),0,,,
227,2006/07,10,NK Factor Ljubljana-FC Anet Koper,2006-09-23,15:30:00,NK Factor Ljubljana,FC Anet Koper,2,2,2:2 (0:0),0,,,
228,2006/07,10,NK Nafta-NK Primorje,2006-09-23,15:30:00,NK Nafta,NK Primorje,2,0,2:0 (1:0),1,,,
229,2006/07,10,ND Gorica-NK Publikum Celje,2006-09-23,19:00:00,ND Gorica,NK Publikum Celje,2,0,2:0 (1:0),1,,,
230,2006/07,10,Bela Krajina-NK Domžale,2006-09-24,15:30:00,Bela Krajina,NK Domžale,1,2,1:2 (0:1),1,,,
231,2006/07,11,NK Nafta-ND Gorica,2006-09-27,15:30:00,NK Nafta,ND Gorica,2,0,2:0 (1:0),1,,,
232,2006/07,11,NK Primorje-NK Factor Ljubljana,2006-09-27,15:30:00,NK Primorje,NK Factor Ljubljana,3,1,3:1 (0:1),1,,,
233,2006/07,11,FC Anet Koper-NK Drava (old),2006-09-27,15:30:00,FC Anet Koper,NK Drava (old),1,0,1:0 (1:0),1,,,
234,2006/07,11,NK Maribor-Bela Krajina,2006-09-27,17:00:00,NK Maribor,Bela Krajina,3,0,3:0 (1:0),1,,,
235,2006/07,11,NK Domžale-NK Publikum Celje,2006-09-27,19:00:00,NK Domžale,NK Publikum Celje,0,0,0:0 (0:0),0,,,
236,2006/07,12,NK Drava (old)-NK Primorje,2006-09-30,15:00:00,NK Drava (old),NK Primorje,0,2,0:2 (0:1),1,,,
237,2006/07,12,ND Gorica-NK Domžale,2006-09-30,19:00:00,ND Gorica,NK Domžale,0,0,0:0 (0:0),0,,,
238,2006/07,12,NK Publikum Celje-NK Maribor,2006-09-30,19:00:00,NK Publikum Celje,NK Maribor,1,3,1:3 (1:2),1,,,
239,2006/07,12,Bela Krajina-FC Anet Koper,2006-10-01,15:00:00,Bela Krajina,FC Anet Koper,2,2,2:2 (1:1),0,,,
240,2006/07,12,NK Factor Ljubljana-NK Nafta,2006-10-01,15:00:00,NK Factor Ljubljana,NK Nafta,1,4,1:4 (1:2),1,,,
241,2006/07,13,NK Nafta-NK Drava (old),2006-10-14,14:00:00,NK Nafta,NK Drava (old),1,1,1:1 (1:0),0,,,
242,2006/07,13,NK Primorje-Bela Krajina,2006-10-14,14:00:00,NK Primorje,Bela Krajina,2,0,2:0 (2:0),1,,,
243,2006/07,13,FC Anet Koper-NK Publikum Celje,2006-10-14,14:00:00,FC Anet Koper,NK Publikum Celje,0,2,0:2 (0:1),1,,,
244,2006/07,13,NK Maribor-NK Domžale,2006-10-14,19:00:00,NK Maribor,NK Domžale,1,1,1:1 (0:1),0,,,
245,2006/07,13,NK Factor Ljubljana-ND Gorica,2006-10-15,14:00:00,NK Factor Ljubljana,ND Gorica,1,1,1:1 (0:0),0,,,
246,2006/07,14,Bela Krajina-NK Nafta,2006-10-18,14:00:00,Bela Krajina,NK Nafta,0,0,0:0 (0:0),0,,,
247,2006/07,14,NK Drava (old)-NK Factor Ljubljana,2006-10-18,14:00:00,NK Drava (old),NK Factor Ljubljana,0,2,0:2 (0:1),1,,,
248,2006/07,14,NK Domžale-FC Anet Koper,2006-10-18,17:00:00,NK Domžale,FC Anet Koper,3,2,3:2 (0:1),1,,,
249,2006/07,14,NK Publikum Celje-NK Primorje,2006-10-18,17:00:00,NK Publikum Celje,NK Primorje,2,0,2:0 (1:0),1,,,
250,2006/07,14,ND Gorica-NK Maribor,2006-10-18,19:00:00,ND Gorica,NK Maribor,1,4,1:4 (0:2),1,,,
251,2006/07,15,NK Drava (old)-ND Gorica,2006-10-21,14:00:00,NK Drava (old),ND Gorica,3,1,3:1 (0:0),1,,,
252,2006/07,15,NK Nafta-NK Publikum Celje,2006-10-21,14:00:00,NK Nafta,NK Publikum Celje,2,1,2:1 (2:1),1,,,
253,2006/07,15,FC Anet Koper-NK Maribor,2006-10-21,14:00:00,FC Anet Koper,NK Maribor,2,2,2:2 (0:1),0,,,
254,2006/07,15,NK Factor Ljubljana-Bela Krajina,2006-10-22,14:00:00,NK Factor Ljubljana,Bela Krajina,1,1,1:1 (0:0),0,,,
255,2006/07,15,NK Primorje-NK Domžale,2006-10-22,14:00:00,NK Primorje,NK Domžale,0,2,0:2 (0:1),1,,,
256,2006/07,16,NK Maribor-NK Primorje,2006-10-28,17:00:00,NK Maribor,NK Primorje,2,0,2:0 (0:0),1,,,
257,2006/07,16,NK Domžale-NK Nafta,2006-10-28,17:00:00,NK Domžale,NK Nafta,6,2,6:2 (2:1),1,,,
258,2006/07,16,Bela Krajina-NK Drava (old),2006-10-29,13:00:00,Bela Krajina,NK Drava (old),2,4,2:4 (0:1),1,,,
259,2006/07,16,ND Gorica-FC Anet Koper,2006-10-29,17:00:00,ND Gorica,FC Anet Koper,1,0,1:0 (1:0),1,,,
260,2006/07,16,NK Publikum Celje-NK Factor Ljubljana,2006-10-29,17:00:00,NK Publikum Celje,NK Factor Ljubljana,1,1,1:1 (0:0),0,,,
261,2006/07,17,NK Drava (old)-NK Publikum Celje,2006-11-04,13:00:00,NK Drava (old),NK Publikum Celje,2,2,2:2 (0:1),0,,,
262,2006/07,17,NK Nafta-NK Maribor,2006-11-04,13:00:00,NK Nafta,NK Maribor,1,1,1:1 (1:1),0,,,
263,2006/07,17,Bela Krajina-ND Gorica,2006-11-05,13:00:00,Bela Krajina,ND Gorica,1,1,1:1 (1:1),0,,,
264,2006/07,17,NK Factor Ljubljana-NK Domžale,2006-11-05,13:00:00,NK Factor Ljubljana,NK Domžale,2,2,2:2 (1:1),0,,,
265,2006/07,17,NK Primorje-FC Anet Koper,2006-11-05,13:00:00,NK Primorje,FC Anet Koper,0,0,0:0 (0:0),0,,,
266,2006/07,18,NK Domžale-NK Drava (old),2006-11-10,16:00:00,NK Domžale,NK Drava (old),1,1,1:1 (1:0),0,,,
267,2006/07,18,FC Anet Koper-NK Nafta,2006-11-11,13:00:00,FC Anet Koper,NK Nafta,2,2,2:2 (2:0),0,,,
268,2006/07,18,NK Maribor-NK Factor Ljubljana,2006-11-11,13:00:00,NK Maribor,NK Factor Ljubljana,3,2,3:2 (3:0),1,,,
269,2006/07,18,NK Publikum Celje-Bela Krajina,2006-11-11,13:00:00,NK Publikum Celje,Bela Krajina,5,0,5:0 (1:0),1,,,
270,2006/07,18,ND Gorica-NK Primorje,2006-11-11,17:00:00,ND Gorica,NK Primorje,3,1,3:1 (0:0),1,,,
271,2006/07,19,NK Maribor-NK Drava (old),2006-11-18,13:00:00,NK Maribor,NK Drava (old),1,1,1:1 (0:0),0,,,
272,2006/07,19,FC Anet Koper-NK Factor Ljubljana,2006-11-18,13:00:00,FC Anet Koper,NK Factor Ljubljana,1,1,1:1 (1:0),0,,,
273,2006/07,19,NK Publikum Celje-ND Gorica,2006-11-18,15:00:00,NK Publikum Celje,ND Gorica,1,3,1:3 (0:1),1,,,
274,2006/07,19,NK Domžale-Bela Krajina,2006-11-18,15:00:00,NK Domžale,Bela Krajina,1,0,1:0 (1:0),1,,,
275,2006/07,19,NK Primorje-NK Nafta,2006-11-19,13:00:00,NK Primorje,NK Nafta,3,0,3:0 (2:0),1,,,
276,2006/07,20,NK Factor Ljubljana-NK Primorje,2006-11-25,13:00:00,NK Factor Ljubljana,NK Primorje,0,0,0:0 (0:0),0,,,
277,2006/07,20,NK Drava (old)-FC Anet Koper,2006-11-25,13:00:00,NK Drava (old),FC Anet Koper,2,1,2:1 (1:0),1,,,
278,2006/07,20,NK Publikum Celje-NK Domžale,2006-11-25,15:00:00,NK Publikum Celje,NK Domžale,1,4,1:4 (1:0),1,,,
279,2006/07,20,ND Gorica-NK Nafta,2006-11-25,17:00:00,ND Gorica,NK Nafta,2,1,2:1 (0:0),1,,,
280,2006/07,20,Bela Krajina-NK Maribor,2006-11-26,13:00:00,Bela Krajina,NK Maribor,1,1,1:1 (1:0),0,,,
281,2006/07,21,FC Anet Koper-Bela Krajina,2007-03-03,14:00:00,FC Anet Koper,Bela Krajina,2,1,2:1 (1:1),1,,,
282,2006/07,21,NK Nafta-Interblock Ljubljana,2007-03-03,14:00:00,NK Nafta,Interblock Ljubljana,3,1,3:1 (1:0),1,,,
283,2006/07,21,NK Domžale-ND Gorica,2007-03-03,16:30:00,NK Domžale,ND Gorica,4,0,4:0 (0:0),1,,,
284,2006/07,21,NK Maribor-NK Celje,2007-03-03,16:30:00,NK Maribor,NK Celje,2,2,2:2 (1:2),0,,,
285,2006/07,21,NK Primorje-NK Drava (old),2007-03-04,14:00:00,NK Primorje,NK Drava (old),1,3,1:3 (0:1),1,,,
286,2006/07,22,ND Gorica-Interblock Ljubljana,2007-03-10,16:00:00,ND Gorica,Interblock Ljubljana,3,2,3:2 (1:1),1,,,
287,2006/07,22,NK Celje-FC Anet Koper,2007-03-10,18:00:00,NK Celje,FC Anet Koper,2,3,2:3 (0:1),1,,,
288,2006/07,22,NK Drava (old)-NK Nafta,2007-03-11,14:00:00,NK Drava (old),NK Nafta,3,1,3:1 (2:1),1,,,
289,2006/07,22,Bela Krajina-NK Primorje,2007-03-11,14:00:00,Bela Krajina,NK Primorje,0,0,0:0 (0:0),0,,,
290,2006/07,22,NK Domžale-NK Maribor,2007-03-11,17:00:00,NK Domžale,NK Maribor,3,0,3:0 (1:0),1,,,
291,2006/07,23,FC Anet Koper-NK Domžale,2007-03-17,14:00:00,FC Anet Koper,NK Domžale,1,1,1:1 (0:1),0,,,
292,2006/07,23,NK Nafta-Bela Krajina,2007-03-17,14:00:00,NK Nafta,Bela Krajina,1,2,1:2 (0:2),1,,,
293,2006/07,23,Interblock Ljubljana-NK Drava (old),2007-03-17,14:00:00,Interblock Ljubljana,NK Drava (old),2,0,2:0 (0:0),1,,,
294,2006/07,23,NK Primorje-NK Celje,2007-03-18,14:00:00,NK Primorje,NK Celje,2,3,2:3 (2:0),1,,,
295,2006/07,23,NK Maribor-ND Gorica,2007-03-18,16:45:00,NK Maribor,ND Gorica,3,2,3:2 (2:1),1,,,
296,2006/07,24,NK Domžale-NK Primorje,2007-03-31,16:00:00,NK Domžale,NK Primorje,1,1,1:1 (1:1),0,,,
297,2006/07,24,ND Gorica-NK Drava (old),2007-03-31,18:00:00,ND Gorica,NK Drava (old),2,1,2:1 (2:1),1,,,
298,2006/07,24,NK Celje-NK Nafta,2007-03-31,18:00:00,NK Celje,NK Nafta,0,1,0:1 (0:1),1,,,
299,2006/07,24,NK Maribor-FC Anet Koper,2007-03-31,18:00:00,NK Maribor,FC Anet Koper,0,0,0:0 (0:0),0,,,
300,2006/07,24,Bela Krajina-Interblock Ljubljana,2007-04-01,15:30:00,Bela Krajina,Interblock Ljubljana,2,2,2:2 (2:1),0,,,
301,2006/07,25,FC Anet Koper-ND Gorica,2007-04-04,15:30:00,FC Anet Koper,ND Gorica,1,2,1:2 (1:1),1,,,
302,2006/07,25,NK Primorje-NK Maribor,2007-04-04,15:30:00,NK Primorje,NK Maribor,3,1,3:1 (1:1),1,,,
303,2006/07,25,NK Nafta-NK Domžale,2007-04-04,15:30:00,NK Nafta,NK Domžale,0,0,0:0 (0:0),0,,,
304,2006/07,25,Interblock Ljubljana-NK Celje,2007-04-04,15:30:00,Interblock Ljubljana,NK Celje,0,1,0:1 (0:0),1,,,
305,2006/07,25,NK Drava (old)-Bela Krajina,2007-04-04,15:30:00,NK Drava (old),Bela Krajina,1,6,1:6 (1:2),1,,,
306,2006/07,26,FC Anet Koper-NK Primorje,2007-04-07,15:30:00,FC Anet Koper,NK Primorje,0,2,0:2 (0:1),1,,,
307,2006/07,26,NK Maribor-NK Nafta,2007-04-07,16:00:00,NK Maribor,NK Nafta,6,2,6:2 (3:1),1,,,
308,2006/07,26,ND Gorica-Bela Krajina,2007-04-07,18:00:00,ND Gorica,Bela Krajina,3,2,3:2 (2:1),1,,,
309,2006/07,26,NK Celje-NK Drava (old),2007-04-07,18:00:00,NK Celje,NK Drava (old),0,0,0:0 (0:0),0,,,
310,2006/07,26,NK Domžale-Interblock Ljubljana,2007-04-07,19:00:00,NK Domžale,Interblock Ljubljana,3,0,3:0 (1:0),1,,,
311,2006/07,27,NK Primorje-ND Gorica,2007-04-11,16:00:00,NK Primorje,ND Gorica,1,2,1:2 (0:0),1,,,
312,2006/07,27,NK Nafta-FC Anet Koper,2007-04-11,16:00:00,NK Nafta,FC Anet Koper,1,0,1:0 (1:0),1,,,
313,2006/07,27,Interblock Ljubljana-NK Maribor,2007-04-11,16:00:00,Interblock Ljubljana,NK Maribor,1,2,1:2 (1:1),1,,,
314,2006/07,27,NK Drava (old)-NK Domžale,2007-04-11,16:00:00,NK Drava (old),NK Domžale,1,2,1:2 (0:1),1,,,
315,2006/07,27,Bela Krajina-NK Celje,2007-04-11,16:00:00,Bela Krajina,NK Celje,0,2,0:2 (0:0),1,,,
316,2006/07,28,NK Nafta-NK Primorje,2007-04-14,16:00:00,NK Nafta,NK Primorje,1,1,1:1 (0:1),0,,,
317,2006/07,28,ND Gorica-NK Celje,2007-04-14,18:00:00,ND Gorica,NK Celje,1,3,1:3 (1:2),1,,,
318,2006/07,28,Bela Krajina-NK Domžale,2007-04-15,16:00:00,Bela Krajina,NK Domžale,1,0,1:0 (1:0),1,,,
319,2006/07,28,NK Drava (old)-NK Maribor,2007-04-15,16:00:00,NK Drava (old),NK Maribor,1,1,1:1 (1:0),0,,,
320,2006/07,28,Interblock Ljubljana-FC Anet Koper,2007-04-15,16:00:00,Interblock Ljubljana,FC Anet Koper,0,1,0:1 (0:1),1,,,
321,2006/07,29,FC Anet Koper-NK Drava (old),2007-04-21,15:00:00,FC Anet Koper,NK Drava (old),1,2,1:2 (0:1),1,,,
322,2006/07,29,NK Nafta-ND Gorica,2007-04-21,16:00:00,NK Nafta,ND Gorica,2,0,2:0 (1:0),1,,,
323,2006/07,29,NK Maribor-Bela Krajina,2007-04-21,19:00:00,NK Maribor,Bela Krajina,2,1,2:1 (1:0),1,,,
324,2006/07,29,NK Domžale-NK Celje,2007-04-21,19:00:00,NK Domžale,NK Celje,0,0,0:0 (0:0),0,,,
325,2006/07,29,NK Primorje-Interblock Ljubljana,2007-04-22,16:00:00,NK Primorje,Interblock Ljubljana,3,2,3:2 (0:2),1,,,
326,2006/07,30,Interblock Ljubljana-NK Nafta,2007-04-27,16:00:00,Interblock Ljubljana,NK Nafta,2,0,2:0 (1:0),1,,,
327,2006/07,30,ND Gorica-NK Domžale,2007-04-28,19:00:00,ND Gorica,NK Domžale,6,1,6:1 (2:1),1,,,
328,2006/07,30,NK Celje-NK Maribor,2007-04-28,19:00:00,NK Celje,NK Maribor,4,1,4:1 (1:0),1,,,
329,2006/07,30,Bela Krajina-FC Anet Koper,2007-04-29,16:00:00,Bela Krajina,FC Anet Koper,1,2,1:2 (1:1),1,,,
330,2006/07,30,NK Drava (old)-NK Primorje,2007-04-29,16:00:00,NK Drava (old),NK Primorje,1,1,1:1 (1:0),0,,,
331,2006/07,31,Interblock Ljubljana-ND Gorica,2007-05-02,16:00:00,Interblock Ljubljana,ND Gorica,0,3,0:3 (0:0),1,,,
332,2006/07,31,NK Nafta-NK Drava (old),2007-05-02,16:00:00,NK Nafta,NK Drava (old),1,3,1:3 (0:1),1,,,
333,2006/07,31,NK Primorje-Bela Krajina,2007-05-02,16:00:00,NK Primorje,Bela Krajina,2,1,2:1 (1:0),1,,,
334,2006/07,31,FC Anet Koper-NK Celje,2007-05-02,16:00:00,FC Anet Koper,NK Celje,2,0,2:0 (1:0),1,,,
335,2006/07,31,NK Maribor-NK Domžale,2007-05-02,19:00:00,NK Maribor,NK Domžale,2,0,2:0 (1:0),1,,,
336,2006/07,32,ND Gorica-NK Maribor,2007-05-05,17:00:00,ND Gorica,NK Maribor,4,1,4:1 (2:0),1,,,
337,2006/07,32,NK Domžale-FC Anet Koper,2007-05-05,19:00:00,NK Domžale,FC Anet Koper,2,1,2:1 (1:0),1,,,
338,2006/07,32,NK Celje-NK Primorje,2007-05-05,19:00:00,NK Celje,NK Primorje,3,1,3:1 (0:0),1,,,
339,2006/07,32,Bela Krajina-NK Nafta,2007-05-06,16:00:00,Bela Krajina,NK Nafta,0,3,0:3 (0:1),1,,,
340,2006/07,32,NK Drava (old)-Interblock Ljubljana,2007-05-06,16:00:00,NK Drava (old),Interblock Ljubljana,3,0,3:0 (2:0),1,,,
341,2006/07,33,Interblock Ljubljana-Bela Krajina,2007-05-12,16:00:00,Interblock Ljubljana,Bela Krajina,1,0,1:0 (1:0),1,,,
342,2006/07,33,NK Nafta-NK Celje,2007-05-12,16:00:00,NK Nafta,NK Celje,1,1,1:1 (0:0),0,,,
343,2006/07,33,FC Anet Koper-NK Maribor,2007-05-12,16:00:00,FC Anet Koper,NK Maribor,2,1,2:1 (2:1),1,,,
344,2006/07,33,NK Primorje-NK Domžale,2007-05-13,15:00:00,NK Primorje,NK Domžale,0,4,0:4 (0:2),1,,,
345,2006/07,33,NK Drava (old)-ND Gorica,2007-05-13,16:00:00,NK Drava (old),ND Gorica,6,4,6:4 (4:1),1,,,
346,2006/07,34,Bela Krajina-NK Drava (old),2007-05-16,16:00:00,Bela Krajina,NK Drava (old),0,2,0:2 (0:1),1,,,
347,2006/07,34,NK Maribor-NK Primorje,2007-05-16,17:15:00,NK Maribor,NK Primorje,1,1,1:1 (0:1),0,,,
348,2006/07,34,NK Domžale-NK Nafta,2007-05-16,17:15:00,NK Domžale,NK Nafta,3,0,3:0 (2:0),1,,,
349,2006/07,34,ND Gorica-FC Anet Koper,2007-05-16,19:00:00,ND Gorica,FC Anet Koper,1,7,1:7 (1:2),1,,,
350,2006/07,34,NK Celje-Interblock Ljubljana,2007-05-16,19:00:00,NK Celje,Interblock Ljubljana,1,1,1:1 (1:1),0,,,
351,2006/07,35,Bela Krajina-ND Gorica,2007-05-19,16:00:00,Bela Krajina,ND Gorica,0,1,0:1 (0:0),1,,,
352,2006/07,35,NK Drava (old)-NK Celje,2007-05-19,16:00:00,NK Drava (old),NK Celje,3,1,3:1 (3:1),1,,,
353,2006/07,35,Interblock Ljubljana-NK Domžale,2007-05-19,16:00:00,Interblock Ljubljana,NK Domžale,0,0,0:0 (0:0),0,,,
354,2006/07,35,NK Nafta-NK Maribor,2007-05-19,16:00:00,NK Nafta,NK Maribor,0,4,0:4 (0:2),1,,,
355,2006/07,35,NK Primorje-FC Anet Koper,2007-05-19,16:00:00,NK Primorje,FC Anet Koper,2,1,2:1 (1:1),1,,,
356,2006/07,36,ND Gorica-NK Primorje,2007-05-26,17:00:00,ND Gorica,NK Primorje,1,3,1:3 (0:0),1,,,
357,2006/07,36,FC Anet Koper-NK Nafta,2007-05-26,17:00:00,FC Anet Koper,NK Nafta,3,1,3:1 (2:0),1,,,
358,2006/07,36,NK Maribor-Interblock Ljubljana,2007-05-26,17:00:00,NK Maribor,Interblock Ljubljana,3,0,3:0 (2:0),1,,,
359,2006/07,36,NK Domžale-NK Drava (old),2007-05-26,17:00:00,NK Domžale,NK Drava (old),2,0,2:0 (1:0),1,,,
360,2006/07,36,NK Celje-Bela Krajina,2007-05-26,17:00:00,NK Celje,Bela Krajina,4,0,4:0 (1:0),1,,,
361,2007/08,1,Interblock Ljubljana-NK Nafta,2007-07-20,17:15:00,Interblock Ljubljana,NK Nafta,1,0,1:0 (0:0),1,,,
362,2007/08,1,NK Celje-NK Primorje,2007-07-21,19:00:00,NK Celje,NK Primorje,2,1,2:1 (0:0),1,,,
363,2007/08,1,NK Drava (old)-NK Maribor,2007-07-22,17:15:00,NK Drava (old),NK Maribor,1,3,1:3 (0:3),1,,,
364,2007/08,1,FC Anet Koper-NK Livar,2007-07-22,17:15:00,FC Anet Koper,NK Livar,2,0,2:0 (1:0),1,,,
365,2007/08,1,ND Gorica-NK Domžale,2007-07-22,19:00:00,ND Gorica,NK Domžale,1,1,1:1 (0:0),0,,,
366,2007/08,2,Interblock Ljubljana-NK Celje,2007-07-27,17:00:00,Interblock Ljubljana,NK Celje,1,1,1:1 (1:1),0,,,
367,2007/08,2,NK Maribor-ND Gorica,2007-07-28,17:00:00,NK Maribor,ND Gorica,2,1,2:1 (0:1),1,,,
368,2007/08,2,NK Nafta-NK Livar,2007-07-28,17:00:00,NK Nafta,NK Livar,3,1,3:1 (1:0),1,,,
369,2007/08,2,NK Domžale-FC Anet Koper,2007-07-28,19:00:00,NK Domžale,FC Anet Koper,0,0,0:0 (0:0),0,,,
370,2007/08,2,NK Primorje-NK Drava (old),2007-07-29,17:00:00,NK Primorje,NK Drava (old),2,1,2:1 (1:1),1,,,
371,2007/08,3,NK Celje-NK Nafta,2007-08-04,19:00:00,NK Celje,NK Nafta,0,0,0:0 (0:0),0,,,
372,2007/08,3,NK Drava (old)-Interblock Ljubljana,2007-08-05,17:00:00,NK Drava (old),Interblock Ljubljana,2,0,2:0 (0:0),1,,,
373,2007/08,3,FC Anet Koper-NK Maribor,2007-08-05,17:00:00,FC Anet Koper,NK Maribor,2,1,2:1 (1:0),1,,,
374,2007/08,3,ND Gorica-NK Primorje,2007-08-06,19:00:00,ND Gorica,NK Primorje,1,0,1:0 (0:0),1,,,
375,2007/08,3,NK Livar-NK Domžale,2007-08-15,16:00:00,NK Livar,NK Domžale,0,1,0:1 (0:0),1,,,
376,2007/08,4,Interblock Ljubljana-ND Gorica,2007-08-10,16:00:00,Interblock Ljubljana,ND Gorica,0,1,0:1 (0:1),1,,,
377,2007/08,4,NK Nafta-NK Domžale,2007-08-11,16:00:00,NK Nafta,NK Domžale,0,6,0:6 (0:3),1,,,
378,2007/08,4,NK Maribor-NK Livar,2007-08-11,16:00:00,NK Maribor,NK Livar,3,2,3:2 (1:1),1,,,
379,2007/08,4,NK Celje-NK Drava (old),2007-08-11,19:00:00,NK Celje,NK Drava (old),6,0,6:0 (2:0),1,,,
380,2007/08,4,NK Primorje-FC Anet Koper,2007-08-12,16:00:00,NK Primorje,FC Anet Koper,2,0,2:0 (1:0),1,,,
381,2007/08,5,FC Anet Koper-Interblock Ljubljana,2007-08-18,16:00:00,FC Anet Koper,Interblock Ljubljana,1,1,1:1 (1:1),0,,,
382,2007/08,5,NK Domžale-NK Maribor,2007-08-18,19:30:00,NK Domžale,NK Maribor,4,0,4:0 (1:0),1,,,
383,2007/08,5,NK Livar-NK Primorje,2007-08-19,16:00:00,NK Livar,NK Primorje,0,5,0:5 (0:1),1,,,
384,2007/08,5,NK Drava (old)-NK Nafta,2007-08-19,16:00:00,NK Drava (old),NK Nafta,2,2,2:2 (2:0),0,,,
385,2007/08,5,ND Gorica-NK Celje,2007-08-19,19:00:00,ND Gorica,NK Celje,0,0,0:0 (0:0),0,,,
386,2007/08,6,Interblock Ljubljana-NK Livar,2007-08-24,16:00:00,Interblock Ljubljana,NK Livar,5,1,5:1 (0:0),1,,,
387,2007/08,6,NK Nafta-NK Maribor,2007-08-25,15:00:00,NK Nafta,NK Maribor,1,1,1:1 (0:0),0,,,
388,2007/08,6,NK Celje-FC Anet Koper,2007-08-25,19:00:00,NK Celje,FC Anet Koper,0,1,0:1 (0:1),1,,,
389,2007/08,6,NK Drava (old)-ND Gorica,2007-08-26,16:00:00,NK Drava (old),ND Gorica,1,0,1:0 (0:0),1,,,
390,2007/08,6,NK Primorje-NK Domžale,2007-08-26,16:00:00,NK Primorje,NK Domžale,0,2,0:2 (0:0),1,,,
391,2007/08,7,ND Gorica-NK Nafta,2007-09-01,15:00:00,ND Gorica,NK Nafta,3,4,3:4 (1:2),1,,,
392,2007/08,7,FC Anet Koper-NK Drava (old),2007-09-01,16:00:00,FC Anet Koper,NK Drava (old),2,1,2:1 (1:0),1,,,
393,2007/08,7,NK Maribor-NK Primorje,2007-09-01,16:00:00,NK Maribor,NK Primorje,0,0,0:0 (0:0),0,,,
394,2007/08,7,NK Domžale-Interblock Ljubljana,2007-09-01,19:00:00,NK Domžale,Interblock Ljubljana,2,1,2:1 (0:1),1,,,
395,2007/08,7,NK Livar-NK Celje,2007-09-02,16:00:00,NK Livar,NK Celje,1,2,1:2 (1:1),1,,,
396,2007/08,8,NK Nafta-NK Primorje,2007-09-15,15:00:00,NK Nafta,NK Primorje,2,1,2:1 (1:0),1,,,
397,2007/08,8,NK Celje-NK Domžale,2007-09-15,19:00:00,NK Celje,NK Domžale,2,0,2:0 (1:0),1,,,
398,2007/08,8,ND Gorica-FC Anet Koper,2007-09-15,19:00:00,ND Gorica,FC Anet Koper,2,3,2:3 (1:2),1,,,
399,2007/08,8,Interblock Ljubljana-NK Maribor,2007-09-16,15:00:00,Interblock Ljubljana,NK Maribor,0,1,0:1 (0:0),1,,,
400,2007/08,8,NK Drava (old)-NK Livar,2007-09-16,15:00:00,NK Drava (old),NK Livar,1,3,1:3 (1:0),1,,,
401,2007/08,9,NK Primorje-Interblock Ljubljana,2007-09-22,15:00:00,NK Primorje,Interblock Ljubljana,2,0,2:0 (1:0),1,,,
402,2007/08,9,FC Anet Koper-NK Nafta,2007-09-22,15:00:00,FC Anet Koper,NK Nafta,1,1,1:1 (1:0),0,,,
403,2007/08,9,NK Livar-ND Gorica,2007-09-22,15:00:00,NK Livar,ND Gorica,0,1,0:1 (0:1),1,,,
404,2007/08,9,NK Domžale-NK Drava (old),2007-09-22,19:00:00,NK Domžale,NK Drava (old),4,1,4:1 (2:0),1,,,
405,2007/08,9,NK Maribor-NK Celje,2007-09-23,14:00:00,NK Maribor,NK Celje,0,1,0:1 (0:0),1,,,
406,2007/08,10,NK Nafta-Interblock Ljubljana,2007-09-26,15:00:00,NK Nafta,Interblock Ljubljana,1,3,1:3 (1:2),1,,,
407,2007/08,10,NK Primorje-NK Celje,2007-09-26,15:00:00,NK Primorje,NK Celje,0,2,0:2 (0:0),1,,,
408,2007/08,10,NK Maribor-NK Drava (old),2007-09-26,15:00:00,NK Maribor,NK Drava (old),1,3,1:3 (0:2),1,,,
409,2007/08,10,NK Livar-FC Anet Koper,2007-09-26,15:00:00,NK Livar,FC Anet Koper,1,6,1:6 (0:4),1,,,
410,2007/08,10,NK Domžale-ND Gorica,2007-09-26,19:15:00,NK Domžale,ND Gorica,2,3,2:3 (0:1),1,,,
411,2007/08,11,NK Livar-NK Nafta,2007-09-29,15:00:00,NK Livar,NK Nafta,1,1,1:1 (1:0),0,,,
412,2007/08,11,FC Anet Koper-NK Domžale,2007-09-29,15:00:00,FC Anet Koper,NK Domžale,2,3,2:3 (0:0),1,,,
413,2007/08,11,NK Drava (old)-NK Primorje,2007-09-29,15:00:00,NK Drava (old),NK Primorje,3,2,3:2 (0:1),1,,,
414,2007/08,11,NK Celje-Interblock Ljubljana,2007-09-29,19:00:00,NK Celje,Interblock Ljubljana,1,2,1:2 (1:1),1,,,
415,2007/08,11,ND Gorica-NK Maribor,2007-09-30,14:00:00,ND Gorica,NK Maribor,3,2,3:2 (1:0),1,,,
416,2007/08,12,Interblock Ljubljana-NK Drava (old),2007-10-03,15:00:00,Interblock Ljubljana,NK Drava (old),4,1,4:1 (0:0),1,,,
417,2007/08,12,NK Maribor-FC Anet Koper,2007-10-03,15:00:00,NK Maribor,FC Anet Koper,3,3,3:3 (1:1),0,,,
418,2007/08,12,NK Nafta-NK Celje,2007-10-03,15:00:00,NK Nafta,NK Celje,2,0,2:0 (1:0),1,,,
419,2007/08,12,NK Primorje-ND Gorica,2007-10-03,15:00:00,NK Primorje,ND Gorica,1,2,1:2 (0:1),1,,,
420,2007/08,12,NK Domžale-NK Livar,2007-10-03,17:00:00,NK Domžale,NK Livar,2,1,2:1 (2:0),1,,,
421,2007/08,13,NK Domžale-NK Nafta,2007-10-06,17:00:00,NK Domžale,NK Nafta,5,0,5:0 (3:0),1,,,
422,2007/08,13,ND Gorica-Interblock Ljubljana,2007-10-06,17:00:00,ND Gorica,Interblock Ljubljana,1,0,1:0 (0:0),1,,,
423,2007/08,13,NK Livar-NK Maribor,2007-10-07,14:00:00,NK Livar,NK Maribor,0,6,0:6 (0:2),1,,,
424,2007/08,13,FC Anet Koper-NK Primorje,2007-10-07,14:00:00,FC Anet Koper,NK Primorje,1,1,1:1 (0:1),0,,,
425,2007/08,13,NK Drava (old)-NK Celje,2007-10-07,14:00:00,NK Drava (old),NK Celje,0,2,0:2 (0:2),1,,,
426,2007/08,14,NK Celje-ND Gorica,2007-10-19,17:00:00,NK Celje,ND Gorica,0,2,0:2 (0:0),1,,,
427,2007/08,14,Interblock Ljubljana-FC Anet Koper,2007-10-20,14:00:00,Interblock Ljubljana,FC Anet Koper,2,2,2:2 (0:1),0,,,
428,2007/08,14,NK Maribor-NK Domžale,2007-10-20,14:00:00,NK Maribor,NK Domžale,0,1,0:1 (0:1),1,,,
429,2007/08,14,NK Nafta-NK Drava (old),2007-10-20,14:00:00,NK Nafta,NK Drava (old),1,1,1:1 (1:1),0,,,
430,2007/08,14,NK Primorje-NK Livar,2007-10-21,14:00:00,NK Primorje,NK Livar,4,2,4:2 (1:1),1,,,
431,2007/08,15,NK Maribor-NK Nafta,2007-10-27,14:00:00,NK Maribor,NK Nafta,3,3,3:3 (3:1),0,,,
432,2007/08,15,FC Anet Koper-NK Celje,2007-10-27,14:00:00,FC Anet Koper,NK Celje,4,2,4:2 (3:1),1,,,
433,2007/08,15,NK Domžale-NK Primorje,2007-10-27,15:00:00,NK Domžale,NK Primorje,2,1,2:1 (1:1),1,,,
434,2007/08,15,ND Gorica-NK Drava (old),2007-10-27,17:00:00,ND Gorica,NK Drava (old),1,1,1:1 (1:0),0,,,
435,2007/08,15,NK Livar-Interblock Ljubljana,2007-10-28,13:00:00,NK Livar,Interblock Ljubljana,1,2,1:2 (1:1),1,,,
436,2007/08,16,NK Nafta-ND Gorica,2007-10-31,13:00:00,NK Nafta,ND Gorica,1,1,1:1 (1:0),0,,,
437,2007/08,16,NK Drava (old)-FC Anet Koper,2007-10-31,13:00:00,NK Drava (old),FC Anet Koper,1,0,1:0 (0:0),1,,,
438,2007/08,16,Interblock Ljubljana-NK Domžale,2007-10-31,13:00:00,Interblock Ljubljana,NK Domžale,0,2,0:2 (0:2),1,,,
439,2007/08,16,NK Primorje-NK Maribor,2007-10-31,13:00:00,NK Primorje,NK Maribor,0,0,0:0 (0:0),0,,,
440,2007/08,16,NK Celje-NK Livar,2007-10-31,17:00:00,NK Celje,NK Livar,1,2,1:2 (0:1),1,,,
441,2007/08,17,FC Anet Koper-ND Gorica,2007-11-03,13:00:00,FC Anet Koper,ND Gorica,1,0,1:0 (1:0),1,,,
442,2007/08,17,NK Maribor-Interblock Ljubljana,2007-11-03,13:00:00,NK Maribor,Interblock Ljubljana,0,1,0:1 (0:0),1,,,
443,2007/08,17,NK Domžale-NK Celje,2007-11-03,17:00:00,NK Domžale,NK Celje,2,1,2:1 (1:1),1,,,
444,2007/08,17,NK Livar-NK Drava (old),2007-11-04,13:00:00,NK Livar,NK Drava (old),4,2,4:2 (2:2),1,,,
445,2007/08,17,NK Primorje-NK Nafta,2007-11-04,13:00:00,NK Primorje,NK Nafta,1,2,1:2 (0:2),1,,,
446,2007/08,18,Interblock Ljubljana-NK Primorje,2007-11-10,13:00:00,Interblock Ljubljana,NK Primorje,1,0,1:0 (0:0),1,,,
447,2007/08,18,NK Nafta-FC Anet Koper,2007-11-10,13:00:00,NK Nafta,FC Anet Koper,2,0,2:0 (1:0),1,,,
448,2007/08,18,NK Celje-NK Maribor,2007-11-10,15:00:00,NK Celje,NK Maribor,0,2,0:2 (0:0),1,,,
449,2007/08,18,ND Gorica-NK Livar,2007-11-10,17:00:00,ND Gorica,NK Livar,1,1,1:1 (0:0),0,,,
450,2007/08,18,NK Drava (old)-NK Domžale,2007-11-11,13:00:00,NK Drava (old),NK Domžale,0,0,0:0 (0:0),0,,,
451,2007/08,19,Interblock Ljubljana-NK Nafta,2007-11-24,12:30:00,Interblock Ljubljana,NK Nafta,1,1,1:1 (1:0),0,,,
452,2007/08,19,FC Anet Koper-NK Livar,2007-11-24,12:30:00,FC Anet Koper,NK Livar,4,0,4:0 (2:0),1,,,
453,2007/08,19,ND Gorica-NK Domžale,2007-11-24,15:00:00,ND Gorica,NK Domžale,2,0,2:0 (0:0),1,,,
454,2007/08,19,NK Drava (old)-NK Maribor,2007-11-25,12:30:00,NK Drava (old),NK Maribor,1,2,1:2 (1:1),1,,,
455,2007/08,19,NK Celje-NK Primorje,2007-11-25,15:00:00,NK Celje,NK Primorje,0,2,0:2 (0:1),1,,,
456,2007/08,20,Interblock Ljubljana-NK Celje,2007-12-01,12:30:00,Interblock Ljubljana,NK Celje,1,1,1:1 (1:1),0,,,
457,2007/08,20,NK Maribor-ND Gorica,2007-12-01,12:30:00,NK Maribor,ND Gorica,0,3,0:3 (0:1),1,,,
458,2007/08,20,NK Nafta-NK Livar,2007-12-01,12:30:00,NK Nafta,NK Livar,4,2,4:2 (2:0),1,,,
459,2007/08,20,NK Domžale-FC Anet Koper,2007-12-01,15:00:00,NK Domžale,FC Anet Koper,1,1,1:1 (0:1),0,,,
460,2007/08,20,NK Primorje-NK Drava (old),2007-12-02,12:30:00,NK Primorje,NK Drava (old),1,1,1:1 (1:0),0,,,
461,2007/08,21,FC Anet Koper-NK Maribor,2008-03-01,13:00:00,FC Anet Koper,NK Maribor,1,1,1:1 (0:1),0,,,
462,2007/08,21,ND Gorica-NK Primorje,2008-03-01,17:00:00,ND Gorica,NK Primorje,1,3,1:3 (0:1),1,,,
463,2007/08,21,NK Livar-NK Domžale,2008-03-02,14:00:00,NK Livar,NK Domžale,1,2,1:2 (1:2),1,,,
464,2007/08,21,NK Celje-NK Nafta,2008-03-02,14:00:00,NK Celje,NK Nafta,2,0,2:0 (0:0),1,,,
465,2007/08,21,NK Drava (old)-Interblock Ljubljana,2008-03-02,14:00:00,NK Drava (old),Interblock Ljubljana,0,2,0:2 (0:2),1,,,
466,2007/08,22,NK Nafta-NK Domžale,2008-03-08,14:00:00,NK Nafta,NK Domžale,0,0,0:0 (0:0),0,,,
467,2007/08,22,NK Maribor-NK Livar,2008-03-08,14:00:00,NK Maribor,NK Livar,3,2,3:2 (1:1),1,,,
468,2007/08,22,Interblock Ljubljana-ND Gorica,2008-03-08,14:00:00,Interblock Ljubljana,ND Gorica,3,0,3:0 (0:0),1,,,
469,2007/08,22,NK Celje-NK Drava (old),2008-03-08,16:00:00,NK Celje,NK Drava (old),0,2,0:2 (0:1),1,,,
470,2007/08,22,NK Primorje-FC Anet Koper,2008-03-09,14:00:00,NK Primorje,FC Anet Koper,4,0,4:0 (3:0),1,,,
471,2007/08,23,FC Anet Koper-Interblock Ljubljana,2008-03-15,14:00:00,FC Anet Koper,Interblock Ljubljana,2,1,2:1 (1:1),1,,,
472,2007/08,23,ND Gorica-NK Celje,2008-03-15,17:00:00,ND Gorica,NK Celje,0,0,0:0 (0:0),0,,,
473,2007/08,23,NK Domžale-NK Maribor,2008-03-15,17:00:00,NK Domžale,NK Maribor,0,0,0:0 (0:0),0,,,
474,2007/08,23,NK Drava (old)-NK Nafta,2008-03-16,14:00:00,NK Drava (old),NK Nafta,2,1,2:1 (1:1),1,,,
475,2007/08,23,NK Livar-NK Primorje,2008-03-16,14:00:00,NK Livar,NK Primorje,3,0,3:0 (1:0),1,,,
476,2007/08,24,NK Drava (old)-ND Gorica,2008-03-22,14:00:00,NK Drava (old),ND Gorica,1,3,1:3 (0:0),1,,,
477,2007/08,24,NK Nafta-NK Maribor,2008-03-22,14:00:00,NK Nafta,NK Maribor,0,1,0:1 (0:0),1,,,
478,2007/08,24,NK Primorje-NK Domžale,2008-03-22,14:00:00,NK Primorje,NK Domžale,0,0,0:0 (0:0),0,,,
479,2007/08,24,Interblock Ljubljana-NK Livar,2008-03-22,14:00:00,Interblock Ljubljana,NK Livar,1,0,1:0 (0:0),1,,,
480,2007/08,24,NK Celje-FC Anet Koper,2008-04-02,17:00:00,NK Celje,FC Anet Koper,0,2,0:2 (0:1),1,,,
481,2007/08,25,FC Anet Koper-NK Drava (old),2008-03-29,14:00:00,FC Anet Koper,NK Drava (old),2,3,2:3 (1:1),1,,,
482,2007/08,25,NK Maribor-NK Primorje,2008-03-29,14:00:00,NK Maribor,NK Primorje,1,1,1:1 (1:0),0,,,
483,2007/08,25,NK Domžale-Interblock Ljubljana,2008-03-29,15:00:00,NK Domžale,Interblock Ljubljana,1,2,1:2 (1:1),1,,,
484,2007/08,25,ND Gorica-NK Nafta,2008-03-29,17:00:00,ND Gorica,NK Nafta,4,1,4:1 (2:0),1,,,
485,2007/08,25,NK Livar-NK Celje,2008-03-30,15:30:00,NK Livar,NK Celje,1,5,1:5 (1:2),1,,,
486,2007/08,26,NK Nafta-NK Primorje,2008-04-05,15:30:00,NK Nafta,NK Primorje,2,1,2:1 (2:0),1,,,
487,2007/08,26,Interblock Ljubljana-NK Maribor,2008-04-05,15:30:00,Interblock Ljubljana,NK Maribor,1,0,1:0 (1:0),1,,,
488,2007/08,26,NK Celje-NK Domžale,2008-04-05,15:30:00,NK Celje,NK Domžale,0,1,0:1 (0:1),1,,,
489,2007/08,26,ND Gorica-FC Anet Koper,2008-04-05,17:00:00,ND Gorica,FC Anet Koper,2,4,2:4 (1:2),1,,,
490,2007/08,26,NK Drava (old)-NK Livar,2008-04-06,15:30:00,NK Drava (old),NK Livar,3,1,3:1 (0:0),1,,,
491,2007/08,27,NK Livar-ND Gorica,2008-04-09,15:30:00,NK Livar,ND Gorica,3,3,3:3 (1:0),0,,,
492,2007/08,27,NK Primorje-Interblock Ljubljana,2008-04-09,15:30:00,NK Primorje,Interblock Ljubljana,0,2,0:2 (0:1),1,,,
493,2007/08,27,FC Anet Koper-NK Nafta,2008-04-09,15:30:00,FC Anet Koper,NK Nafta,3,1,3:1 (2:0),1,,,
494,2007/08,27,NK Maribor-NK Celje,2008-04-09,15:30:00,NK Maribor,NK Celje,5,2,5:2 (2:2),1,,,
495,2007/08,27,NK Domžale-NK Drava (old),2008-04-09,17:00:00,NK Domžale,NK Drava (old),2,1,2:1 (1:0),1,,,
496,2007/08,28,NK Nafta-Interblock Ljubljana,2008-04-12,15:30:00,NK Nafta,Interblock Ljubljana,1,0,1:0 (0:0),1,,,
497,2007/08,28,NK Maribor-NK Drava (old),2008-04-12,15:30:00,NK Maribor,NK Drava (old),1,0,1:0 (0:0),1,,,
498,2007/08,28,NK Domžale-ND Gorica,2008-04-12,17:00:00,NK Domžale,ND Gorica,1,1,1:1 (1:1),0,,,
499,2007/08,28,NK Primorje-NK Celje,2008-04-13,15:30:00,NK Primorje,NK Celje,5,0,5:0 (2:0),1,,,
500,2007/08,28,NK Livar-FC Anet Koper,2008-04-13,15:30:00,NK Livar,FC Anet Koper,1,2,1:2 (1:1),1,,,
501,2007/08,29,FC Anet Koper-NK Domžale,2008-04-19,15:30:00,FC Anet Koper,NK Domžale,2,2,2:2 (1:1),0,,,
502,2007/08,29,NK Celje-Interblock Ljubljana,2008-04-19,19:00:00,NK Celje,Interblock Ljubljana,2,1,2:1 (0:0),1,,,
503,2007/08,29,ND Gorica-NK Maribor,2008-04-20,15:00:00,ND Gorica,NK Maribor,2,1,2:1 (2:0),1,,,
504,2007/08,29,NK Drava (old)-NK Primorje,2008-04-20,15:30:00,NK Drava (old),NK Primorje,1,0,1:0 (0:0),1,,,
505,2007/08,29,NK Livar-NK Nafta,2008-04-20,15:30:00,NK Livar,NK Nafta,0,1,0:1 (0:1),1,,,
506,2007/08,30,NK Maribor-FC Anet Koper,2008-04-26,15:30:00,NK Maribor,FC Anet Koper,3,3,3:3 (2:1),0,,,
507,2007/08,30,NK Nafta-NK Celje,2008-04-26,15:30:00,NK Nafta,NK Celje,0,0,0:0 (0:0),0,,,
508,2007/08,30,Interblock Ljubljana-NK Drava (old),2008-04-26,15:30:00,Interblock Ljubljana,NK Drava (old),1,2,1:2 (1:1),1,,,
509,2007/08,30,NK Domžale-NK Livar,2008-04-26,17:00:00,NK Domžale,NK Livar,1,1,1:1 (0:0),0,,,
510,2007/08,30,NK Primorje-ND Gorica,2008-04-27,15:30:00,NK Primorje,ND Gorica,1,0,1:0 (0:0),1,,,
511,2007/08,31,FC Anet Koper-NK Primorje,2008-05-03,16:00:00,FC Anet Koper,NK Primorje,2,1,2:1 (0:1),1,,,
512,2007/08,31,NK Domžale-NK Nafta,2008-05-03,17:00:00,NK Domžale,NK Nafta,2,0,2:0 (1:0),1,,,
513,2007/08,31,NK Livar-NK Maribor,2008-05-04,16:00:00,NK Livar,NK Maribor,0,3,0:3 (0:1),1,,,
514,2007/08,31,NK Drava (old)-NK Celje,2008-05-04,16:00:00,NK Drava (old),NK Celje,1,2,1:2 (0:1),1,,,
515,2007/08,31,ND Gorica-Interblock Ljubljana,2008-05-04,17:00:00,ND Gorica,Interblock Ljubljana,2,2,2:2 (1:2),0,,,
516,2007/08,32,NK Nafta-NK Drava (old),2008-05-07,16:00:00,NK Nafta,NK Drava (old),1,0,1:0 (1:0),1,,,
517,2007/08,32,Interblock Ljubljana-FC Anet Koper,2008-05-07,16:00:00,Interblock Ljubljana,FC Anet Koper,1,2,1:2 (0:1),1,,,
518,2007/08,32,NK Primorje-NK Livar,2008-05-07,16:00:00,NK Primorje,NK Livar,3,0,3:0 (1:0),1,,,
519,2007/08,32,NK Maribor-NK Domžale,2008-05-07,16:00:00,NK Maribor,NK Domžale,0,1,0:1 (0:1),1,,,
520,2007/08,32,NK Celje-ND Gorica,2008-05-07,19:00:00,NK Celje,ND Gorica,4,2,4:2 (2:1),1,,,
521,2007/08,33,FC Anet Koper-NK Celje,2008-05-10,15:00:00,FC Anet Koper,NK Celje,2,0,2:0 (2:0),1,,,
522,2007/08,33,NK Livar-Interblock Ljubljana,2008-05-10,16:00:00,NK Livar,Interblock Ljubljana,2,2,2:2 (1:0),0,,,
523,2007/08,33,NK Domžale-NK Primorje,2008-05-10,17:00:00,NK Domžale,NK Primorje,3,2,3:2 (2:1),1,,,
524,2007/08,33,NK Maribor-NK Nafta,2008-05-10,18:00:00,NK Maribor,NK Nafta,3,1,3:1 (2:1),1,,,
525,2007/08,33,ND Gorica-NK Drava (old),2008-05-10,19:00:00,ND Gorica,NK Drava (old),1,0,1:0 (1:0),1,,,
526,2007/08,34,NK Nafta-ND Gorica,2008-05-17,16:00:00,NK Nafta,ND Gorica,1,2,1:2 (0:0),1,,,
527,2007/08,34,NK Celje-NK Livar,2008-05-17,19:00:00,NK Celje,NK Livar,1,0,1:0 (0:0),1,,,
528,2007/08,34,NK Drava (old)-FC Anet Koper,2008-05-18,16:00:00,NK Drava (old),FC Anet Koper,2,1,2:1 (0:0),1,,,
529,2007/08,34,NK Primorje-NK Maribor,2008-05-18,16:00:00,NK Primorje,NK Maribor,1,0,1:0 (0:0),1,,,
530,2007/08,34,Interblock Ljubljana-NK Domžale,2008-05-19,16:00:00,Interblock Ljubljana,NK Domžale,2,3,2:3 (0:1),1,,,
531,2007/08,35,NK Domžale-NK Celje,2008-05-24,16:30:00,NK Domžale,NK Celje,4,0,4:0 (0:0),1,,,
532,2007/08,35,NK Livar-NK Drava (old),2008-05-24,16:30:00,NK Livar,NK Drava (old),0,3,0:3 (0:1),1,,,
533,2007/08,35,FC Anet Koper-ND Gorica,2008-05-24,16:30:00,FC Anet Koper,ND Gorica,4,3,4:3 (1:1),1,,,
534,2007/08,35,NK Primorje-NK Nafta,2008-05-24,16:30:00,NK Primorje,NK Nafta,2,1,2:1 (1:1),1,,,
535,2007/08,35,NK Maribor-Interblock Ljubljana,2008-05-24,16:30:00,NK Maribor,Interblock Ljubljana,1,1,1:1 (0:1),0,,,
536,2007/08,36,Interblock Ljubljana-NK Primorje,2008-05-31,15:00:00,Interblock Ljubljana,NK Primorje,1,2,1:2 (0:0),1,,,
537,2007/08,36,NK Nafta-FC Anet Koper,2008-05-31,15:00:00,NK Nafta,FC Anet Koper,1,0,1:0 (0:0),1,,,
538,2007/08,36,ND Gorica-NK Livar,2008-05-31,15:00:00,ND Gorica,NK Livar,6,1,6:1 (2:0),1,,,
539,2007/08,36,NK Drava (old)-NK Domžale,2008-05-31,15:00:00,NK Drava (old),NK Domžale,0,6,0:6 (0:3),1,,,
540,2007/08,36,NK Celje-NK Maribor,2008-05-31,15:00:00,NK Celje,NK Maribor,0,2,0:2 (0:2),1,,,
541,2008/09,1,NK Nafta-NK Drava (old),2008-07-19,17:00:00,NK Nafta,NK Drava (old),2,0,2:0 (2:0),1,,,
542,2008/09,1,NK Domžale-NK Primorje,2008-07-19,19:45:00,NK Domžale,NK Primorje,2,0,2:0 (2:0),1,,,
543,2008/09,1,NK Celje-Rudar Velenje,2008-07-19,19:45:00,NK Celje,Rudar Velenje,2,0,2:0 (1:0),1,,,
544,2008/09,1,NK Maribor-FC Koper,2008-07-20,17:00:00,NK Maribor,FC Koper,3,2,3:2 (0:1),1,,,
545,2008/09,1,ND Gorica-Interblock Ljubljana,2008-07-20,19:00:00,ND Gorica,Interblock Ljubljana,2,2,2:2 (1:1),0,,,
546,2008/09,2,FC Koper-ND Gorica,2008-07-26,17:00:00,FC Koper,ND Gorica,1,3,1:3 (1:1),1,,,
547,2008/09,2,Rudar Velenje-NK Maribor,2008-07-26,19:00:00,Rudar Velenje,NK Maribor,1,2,1:2 (1:0),1,,,
548,2008/09,2,NK Domžale-NK Nafta,2008-07-26,19:45:00,NK Domžale,NK Nafta,2,2,2:2 (2:1),0,,,
549,2008/09,2,NK Primorje-Interblock Ljubljana,2008-07-27,17:00:00,NK Primorje,Interblock Ljubljana,1,1,1:1 (0:1),0,,,
550,2008/09,2,NK Drava (old)-NK Celje,2008-07-27,17:00:00,NK Drava (old),NK Celje,0,2,0:2 (0:1),1,,,
551,2008/09,3,ND Gorica-Rudar Velenje,2008-08-01,19:00:00,ND Gorica,Rudar Velenje,0,2,0:2 (0:2),1,,,
552,2008/09,3,NK Nafta-NK Primorje,2008-08-02,17:00:00,NK Nafta,NK Primorje,1,0,1:0 (1:0),1,,,
553,2008/09,3,NK Celje-NK Domžale,2008-08-02,19:00:00,NK Celje,NK Domžale,0,0,0:0 (0:0),0,,,
554,2008/09,3,NK Maribor-NK Drava (old),2008-08-02,19:45:00,NK Maribor,NK Drava (old),1,1,1:1 (0:1),0,,,
555,2008/09,3,Interblock Ljubljana-FC Koper,2008-08-04,17:00:00,Interblock Ljubljana,FC Koper,1,2,1:2 (0:1),1,,,
556,2008/09,4,NK Nafta-NK Celje,2008-08-09,16:00:00,NK Nafta,NK Celje,1,0,1:0 (0:0),1,,,
557,2008/09,4,Rudar Velenje-Interblock Ljubljana,2008-08-09,19:00:00,Rudar Velenje,Interblock Ljubljana,2,0,2:0 (1:0),1,,,
558,2008/09,4,NK Drava (old)-ND Gorica,2008-08-10,16:00:00,NK Drava (old),ND Gorica,5,1,5:1 (3:0),1,,,
559,2008/09,4,NK Primorje-FC Koper,2008-08-10,16:00:00,NK Primorje,FC Koper,2,0,2:0 (1:0),1,,,
560,2008/09,4,NK Domžale-NK Maribor,2008-08-10,18:30:00,NK Domžale,NK Maribor,1,0,1:0 (1:0),1,,,
561,2008/09,5,FC Koper-Rudar Velenje,2008-08-16,16:00:00,FC Koper,Rudar Velenje,1,1,1:1 (0:1),0,,,
562,2008/09,5,NK Celje-NK Primorje,2008-08-16,19:00:00,NK Celje,NK Primorje,2,2,2:2 (1:1),0,,,
563,2008/09,5,NK Maribor-NK Nafta,2008-08-16,19:45:00,NK Maribor,NK Nafta,4,1,4:1 (2:0),1,,,
564,2008/09,5,Interblock Ljubljana-NK Drava (old),2008-08-17,16:00:00,Interblock Ljubljana,NK Drava (old),1,2,1:2 (1:0),1,,,
565,2008/09,5,ND Gorica-NK Domžale,2008-08-17,19:00:00,ND Gorica,NK Domžale,0,2,0:2 (0:1),1,,,
566,2008/09,6,NK Celje-NK Maribor,2008-08-23,19:00:00,NK Celje,NK Maribor,3,3,3:3 (2:1),0,,,
567,2008/09,6,NK Nafta-ND Gorica,2008-08-24,16:00:00,NK Nafta,ND Gorica,1,0,1:0 (0:0),1,,,
568,2008/09,6,NK Drava (old)-FC Koper,2008-08-24,16:00:00,NK Drava (old),FC Koper,2,1,2:1 (0:0),1,,,
569,2008/09,6,NK Primorje-Rudar Velenje,2008-08-24,16:00:00,NK Primorje,Rudar Velenje,3,1,3:1 (2:1),1,,,
570,2008/09,6,NK Domžale-Interblock Ljubljana,2008-08-24,18:00:00,NK Domžale,Interblock Ljubljana,4,0,4:0 (1:0),1,,,
571,2008/09,7,ND Gorica-NK Celje,2008-08-29,19:00:00,ND Gorica,NK Celje,2,1,2:1 (2:0),1,,,
572,2008/09,7,FC Koper-NK Domžale,2008-08-30,16:00:00,FC Koper,NK Domžale,1,1,1:1 (0:0),0,,,
573,2008/09,7,Rudar Velenje-NK Drava (old),2008-08-30,19:00:00,Rudar Velenje,NK Drava (old),3,0,3:0 (1:0),1,,,
574,2008/09,7,NK Maribor-NK Primorje,2008-08-30,19:00:00,NK Maribor,NK Primorje,3,3,3:3 (1:2),0,,,
575,2008/09,7,Interblock Ljubljana-NK Nafta,2008-09-01,16:00:00,Interblock Ljubljana,NK Nafta,3,1,3:1 (0:0),1,,,
576,2008/09,8,NK Nafta-FC Koper,2008-09-13,15:00:00,NK Nafta,FC Koper,2,0,2:0 (0:0),1,,,
577,2008/09,8,NK Celje-Interblock Ljubljana,2008-09-13,17:00:00,NK Celje,Interblock Ljubljana,0,0,0:0 (0:0),0,,,
578,2008/09,8,NK Maribor-ND Gorica,2008-09-13,19:00:00,NK Maribor,ND Gorica,4,3,4:3 (3:1),1,,,
579,2008/09,8,NK Domžale-Rudar Velenje,2008-09-14,17:30:00,NK Domžale,Rudar Velenje,2,1,2:1 (1:0),1,,,
580,2008/09,8,NK Primorje-NK Drava (old),2008-10-12,14:00:00,NK Primorje,NK Drava (old),0,0,0:0 (0:0),0,,,
581,2008/09,9,FC Koper-NK Celje,2008-09-20,15:00:00,FC Koper,NK Celje,1,0,1:0 (0:0),1,,,
582,2008/09,9,Interblock Ljubljana-NK Maribor,2008-09-20,15:00:00,Interblock Ljubljana,NK Maribor,1,2,1:2 (0:1),1,,,
583,2008/09,9,ND Gorica-NK Primorje,2008-09-20,17:00:00,ND Gorica,NK Primorje,2,1,2:1 (1:0),1,,,
584,2008/09,9,Rudar Velenje-NK Nafta,2008-09-20,19:00:00,Rudar Velenje,NK Nafta,0,0,0:0 (0:0),0,,,
585,2008/09,9,NK Drava (old)-NK Domžale,2008-09-21,15:00:00,NK Drava (old),NK Domžale,3,0,3:0 (0:0),1,,,
586,2008/09,10,NK Drava (old)-NK Nafta,2008-09-24,15:00:00,NK Drava (old),NK Nafta,1,0,1:0 (0:0),1,,,
587,2008/09,10,NK Primorje-NK Domžale,2008-09-24,15:00:00,NK Primorje,NK Domžale,3,3,3:3 (3:2),0,,,
588,2008/09,10,Interblock Ljubljana-ND Gorica,2008-09-24,15:00:00,Interblock Ljubljana,ND Gorica,2,0,2:0 (2:0),1,,,
589,2008/09,10,FC Koper-NK Maribor,2008-09-24,15:00:00,FC Koper,NK Maribor,1,1,1:1 (0:0),0,,,
590,2008/09,10,Rudar Velenje-NK Celje,2008-09-24,17:00:00,Rudar Velenje,NK Celje,2,2,2:2 (1:0),0,,,
591,2008/09,11,NK Nafta-NK Domžale,2008-09-27,15:00:00,NK Nafta,NK Domžale,1,0,1:0 (0:0),1,,,
592,2008/09,11,NK Celje-NK Drava (old),2008-09-27,17:00:00,NK Celje,NK Drava (old),1,0,1:0 (0:0),1,,,
593,2008/09,11,NK Maribor-Rudar Velenje,2008-09-27,19:00:00,NK Maribor,Rudar Velenje,2,1,2:1 (1:0),1,,,
594,2008/09,11,ND Gorica-FC Koper,2008-09-27,19:00:00,ND Gorica,FC Koper,2,0,2:0 (0:0),1,,,
595,2008/09,11,Interblock Ljubljana-NK Primorje,2008-09-28,15:00:00,Interblock Ljubljana,NK Primorje,2,0,2:0 (0:0),1,,,
596,2008/09,12,NK Drava (old)-NK Maribor,2008-10-04,14:00:00,NK Drava (old),NK Maribor,0,4,0:4 (0:2),1,,,
597,2008/09,12,FC Koper-Interblock Ljubljana,2008-10-04,14:00:00,FC Koper,Interblock Ljubljana,1,4,1:4 (0:1),1,,,
598,2008/09,12,Rudar Velenje-ND Gorica,2008-10-04,17:00:00,Rudar Velenje,ND Gorica,2,1,2:1 (2:0),1,,,
599,2008/09,12,NK Domžale-NK Celje,2008-10-04,19:00:00,NK Domžale,NK Celje,1,2,1:2 (0:1),1,,,
600,2008/09,12,NK Primorje-NK Nafta,2008-10-05,14:00:00,NK Primorje,NK Nafta,1,2,1:2 (1:1),1,,,
601,2008/09,13,ND Gorica-NK Drava (old),2008-10-17,17:00:00,ND Gorica,NK Drava (old),1,0,1:0 (1:0),1,,,
602,2008/09,13,NK Celje-NK Nafta,2008-10-17,19:00:00,NK Celje,NK Nafta,2,1,2:1 (1:0),1,,,
603,2008/09,13,FC Koper-NK Primorje,2008-10-18,14:00:00,FC Koper,NK Primorje,1,1,1:1 (0:0),0,,,
604,2008/09,13,Interblock Ljubljana-Rudar Velenje,2008-10-18,14:00:00,Interblock Ljubljana,Rudar Velenje,2,1,2:1 (1:0),1,,,
605,2008/09,13,NK Maribor-NK Domžale,2008-10-18,17:00:00,NK Maribor,NK Domžale,3,0,3:0 (1:0),1,,,
606,2008/09,14,NK Nafta-NK Maribor,2008-10-25,14:00:00,NK Nafta,NK Maribor,1,1,1:1 (0:0),0,,,
607,2008/09,14,Rudar Velenje-FC Koper,2008-10-25,16:30:00,Rudar Velenje,FC Koper,5,1,5:1 (0:0),1,,,
608,2008/09,14,NK Primorje-NK Celje,2008-10-26,13:00:00,NK Primorje,NK Celje,1,4,1:4 (0:2),1,,,
609,2008/09,14,NK Drava (old)-Interblock Ljubljana,2008-10-26,13:00:00,NK Drava (old),Interblock Ljubljana,1,2,1:2 (1:1),1,,,
610,2008/09,14,NK Domžale-ND Gorica,2008-10-26,16:00:00,NK Domžale,ND Gorica,2,3,2:3 (1:1),1,,,
611,2008/09,15,FC Koper-NK Drava (old),2008-10-31,13:00:00,FC Koper,NK Drava (old),3,1,3:1 (2:0),1,,,
612,2008/09,15,Interblock Ljubljana-NK Domžale,2008-10-31,13:00:00,Interblock Ljubljana,NK Domžale,0,0,0:0 (0:0),0,,,
613,2008/09,15,Rudar Velenje-NK Primorje,2008-10-31,17:00:00,Rudar Velenje,NK Primorje,0,1,0:1 (0:1),1,,,
614,2008/09,15,NK Maribor-NK Celje,2008-10-31,17:00:00,NK Maribor,NK Celje,2,1,2:1 (1:1),1,,,
615,2008/09,15,ND Gorica-NK Nafta,2008-10-31,17:00:00,ND Gorica,NK Nafta,3,1,3:1 (2:1),1,,,
616,2008/09,16,NK Nafta-Interblock Ljubljana,2008-11-08,13:00:00,NK Nafta,Interblock Ljubljana,3,0,3:0 (2:0),1,,,
617,2008/09,16,NK Primorje-NK Maribor,2008-11-08,13:00:00,NK Primorje,NK Maribor,0,0,0:0 (0:0),0,,,
618,2008/09,16,NK Domžale-FC Koper,2008-11-08,15:00:00,NK Domžale,FC Koper,3,1,3:1 (0:1),1,,,
619,2008/09,16,NK Celje-ND Gorica,2008-11-08,17:00:00,NK Celje,ND Gorica,3,2,3:2 (2:0),1,,,
620,2008/09,16,NK Drava (old)-Rudar Velenje,2008-11-09,13:00:00,NK Drava (old),Rudar Velenje,0,1,0:1 (0:1),1,,,
621,2008/09,17,Interblock Ljubljana-NK Celje,2008-11-15,13:00:00,Interblock Ljubljana,NK Celje,1,1,1:1 (0:1),0,,,
622,2008/09,17,FC Koper-NK Nafta,2008-11-15,13:00:00,FC Koper,NK Nafta,1,1,1:1 (0:1),0,,,
623,2008/09,17,ND Gorica-NK Maribor,2008-11-15,17:00:00,ND Gorica,NK Maribor,2,0,2:0 (0:0),1,,,
624,2008/09,17,Rudar Velenje-NK Domžale,2008-11-15,19:05:00,Rudar Velenje,NK Domžale,1,0,1:0 (1:0),1,,,
625,2008/09,17,NK Drava (old)-NK Primorje,2008-11-16,13:00:00,NK Drava (old),NK Primorje,1,1,1:1 (0:1),0,,,
626,2008/09,18,NK Nafta-Rudar Velenje,2008-11-22,12:30:00,NK Nafta,Rudar Velenje,1,1,1:1 (1:0),0,,,
627,2008/09,18,NK Celje-FC Koper,2008-11-22,14:00:00,NK Celje,FC Koper,2,1,2:1 (2:0),1,,,
628,2008/09,18,NK Maribor-Interblock Ljubljana,2008-11-22,19:05:00,NK Maribor,Interblock Ljubljana,4,1,4:1 (1:0),1,,,
629,2008/09,18,NK Primorje-ND Gorica,2008-11-23,12:30:00,NK Primorje,ND Gorica,1,3,1:3 (0:1),1,,,
630,2008/09,18,NK Domžale-NK Drava (old),2008-11-23,16:00:00,NK Domžale,NK Drava (old),0,0,0:0 (0:0),0,,,
631,2008/09,19,NK Nafta-NK Drava (old),2008-11-29,12:30:00,NK Nafta,NK Drava (old),1,0,1:0 (1:0),1,,,
632,2008/09,19,ND Gorica-Interblock Ljubljana,2008-11-29,15:00:00,ND Gorica,Interblock Ljubljana,1,1,1:1 (1:0),0,,,
633,2008/09,19,NK Maribor-FC Koper,2008-11-29,17:00:00,NK Maribor,FC Koper,0,0,0:0 (0:0),0,,,
634,2008/09,19,NK Celje-Rudar Velenje,2008-11-30,16:00:00,NK Celje,Rudar Velenje,2,1,2:1 (0:1),1,,,
635,2008/09,19,NK Domžale-NK Primorje,2008-12-03,14:30:00,NK Domžale,NK Primorje,0,0,0:0 (0:0),0,,,
636,2008/09,20,FC Koper-ND Gorica,2008-12-06,12:30:00,FC Koper,ND Gorica,3,1,3:1 (2:0),1,,,
637,2008/09,20,Rudar Velenje-NK Maribor,2008-12-06,17:00:00,Rudar Velenje,NK Maribor,1,2,1:2 (0:1),1,,,
638,2008/09,20,NK Primorje-Interblock Ljubljana,2008-12-07,12:30:00,NK Primorje,Interblock Ljubljana,0,3,0:3 (0:1),1,,,
639,2008/09,20,NK Drava (old)-NK Celje,2008-12-07,12:30:00,NK Drava (old),NK Celje,0,2,0:2 (0:0),1,,,
640,2008/09,20,NK Domžale-NK Nafta,2008-12-07,16:00:00,NK Domžale,NK Nafta,2,2,2:2 (1:2),0,,,
641,2008/09,21,ND Gorica-Rudar Velenje,2009-02-20,19:00:00,ND Gorica,Rudar Velenje,0,1,0:1 (0:0),1,,,
642,2008/09,21,NK Nafta-NK Primorje,2009-02-21,14:00:00,NK Nafta,NK Primorje,2,0,2:0 (1:0),1,,,
643,2008/09,21,Interblock Ljubljana-FC Koper,2009-02-21,14:00:00,Interblock Ljubljana,FC Koper,1,1,1:1 (1:1),0,,,
644,2008/09,21,NK Maribor-NK Drava (old),2009-02-21,14:00:00,NK Maribor,NK Drava (old),2,1,2:1 (1:1),1,,,
645,2008/09,21,NK Celje-NK Domžale,2009-02-22,14:00:00,NK Celje,NK Domžale,0,1,0:1 (0:0),1,,,
646,2008/09,22,NK Nafta-NK Celje,2009-02-28,13:00:00,NK Nafta,NK Celje,0,0,0:0 (0:0),0,,,
647,2008/09,22,Rudar Velenje-Interblock Ljubljana,2009-02-28,14:00:00,Rudar Velenje,Interblock Ljubljana,2,1,2:1 (0:0),1,,,
648,2008/09,22,NK Primorje-FC Koper,2009-03-01,14:00:00,NK Primorje,FC Koper,0,0,0:0 (0:0),0,,,
649,2008/09,22,NK Domžale-NK Maribor,2009-03-01,14:00:00,NK Domžale,NK Maribor,3,3,3:3 (2:0),0,,,
650,2008/09,22,NK Drava (old)-ND Gorica,2009-03-01,14:00:00,NK Drava (old),ND Gorica,2,2,2:2 (1:2),0,,,
651,2008/09,23,NK Celje-NK Primorje,2009-03-07,14:00:00,NK Celje,NK Primorje,3,0,3:0 (1:0),1,,,
652,2008/09,23,FC Koper-Rudar Velenje,2009-03-07,14:00:00,FC Koper,Rudar Velenje,0,1,0:1 (0:1),1,,,
653,2008/09,23,Interblock Ljubljana-NK Drava (old),2009-03-07,14:00:00,Interblock Ljubljana,NK Drava (old),3,2,3:2 (1:0),1,,,
654,2008/09,23,NK Maribor-NK Nafta,2009-03-07,17:00:00,NK Maribor,NK Nafta,3,1,3:1 (2:1),1,,,
655,2008/09,23,ND Gorica-NK Domžale,2009-03-07,19:05:00,ND Gorica,NK Domžale,2,3,2:3 (0:2),1,,,
656,2008/09,24,NK Nafta-ND Gorica,2009-03-14,14:00:00,NK Nafta,ND Gorica,1,4,1:4 (0:3),1,,,
657,2008/09,24,NK Domžale-Interblock Ljubljana,2009-03-14,14:00:00,NK Domžale,Interblock Ljubljana,2,0,2:0 (0:0),1,,,
658,2008/09,24,NK Celje-NK Maribor,2009-03-14,19:00:00,NK Celje,NK Maribor,1,1,1:1 (0:1),0,,,
659,2008/09,24,NK Drava (old)-FC Koper,2009-03-15,13:00:00,NK Drava (old),FC Koper,1,2,1:2 (1:1),1,,,
660,2008/09,24,NK Primorje-Rudar Velenje,2009-03-15,14:00:00,NK Primorje,Rudar Velenje,2,0,2:0 (1:0),1,,,
661,2008/09,25,FC Koper-NK Domžale,2009-03-21,13:30:00,FC Koper,NK Domžale,0,0,0:0 (0:0),0,,,
662,2008/09,25,Rudar Velenje-NK Drava (old),2009-03-21,14:00:00,Rudar Velenje,NK Drava (old),3,2,3:2 (1:0),1,,,
663,2008/09,25,Interblock Ljubljana-NK Nafta,2009-03-21,14:00:00,Interblock Ljubljana,NK Nafta,5,0,5:0 (0:0),1,,,
664,2008/09,25,NK Maribor-NK Primorje,2009-03-21,17:00:00,NK Maribor,NK Primorje,2,0,2:0 (1:0),1,,,
665,2008/09,25,ND Gorica-NK Celje,2009-03-21,17:00:00,ND Gorica,NK Celje,1,0,1:0 (1:0),1,,,
666,2008/09,26,NK Domžale-Rudar Velenje,2009-04-04,15:00:00,NK Domžale,Rudar Velenje,0,1,0:1 (0:1),1,,,
668,2008/09,26,NK Celje-Interblock Ljubljana,2009-04-04,17:00:00,NK Celje,Interblock Ljubljana,1,0,1:0 (0:0),1,,,
669,2008/09,26,NK Maribor-ND Gorica,2009-04-04,19:00:00,NK Maribor,ND Gorica,0,0,0:0 (0:0),0,,,
670,2008/09,26,NK Primorje-NK Drava (old),2009-04-05,15:00:00,NK Primorje,NK Drava (old),1,0,1:0 (0:0),1,,,
671,2008/09,27,Interblock Ljubljana-NK Maribor,2009-04-08,15:30:00,Interblock Ljubljana,NK Maribor,4,1,4:1 (1:0),1,,,
672,2008/09,27,NK Drava (old)-NK Domžale,2009-04-08,15:30:00,NK Drava (old),NK Domžale,0,2,0:2 (0:1),1,,,
673,2008/09,27,FC Koper-NK Celje,2009-04-08,15:30:00,FC Koper,NK Celje,3,2,3:2 (2:2),1,,,
674,2008/09,27,Rudar Velenje-NK Nafta,2009-04-08,17:00:00,Rudar Velenje,NK Nafta,2,0,2:0 (1:0),1,,,
675,2008/09,27,ND Gorica-NK Primorje,2009-04-08,19:00:00,ND Gorica,NK Primorje,3,3,3:3 (1:2),0,,,
676,2008/09,28,NK Drava (old)-NK Nafta,2009-04-11,15:30:00,NK Drava (old),NK Nafta,4,1,4:1 (1:1),1,,,
677,2008/09,28,NK Primorje-NK Domžale,2009-04-11,15:30:00,NK Primorje,NK Domžale,0,0,0:0 (0:0),0,,,
678,2008/09,28,Interblock Ljubljana-ND Gorica,2009-04-11,15:30:00,Interblock Ljubljana,ND Gorica,1,2,1:2 (1:1),1,,,
679,2008/09,28,FC Koper-NK Maribor,2009-04-11,16:00:00,FC Koper,NK Maribor,0,0,0:0 (0:0),0,,,
680,2008/09,28,Rudar Velenje-NK Celje,2009-04-11,19:00:00,Rudar Velenje,NK Celje,0,1,0:1 (0:0),1,,,
681,2008/09,29,NK Nafta-NK Domžale,2009-04-18,15:00:00,NK Nafta,NK Domžale,0,0,0:0 (0:0),0,,,
682,2008/09,29,NK Celje-NK Drava (old),2009-04-18,17:00:00,NK Celje,NK Drava (old),1,3,1:3 (1:2),1,,,
683,2008/09,29,ND Gorica-FC Koper,2009-04-18,17:00:00,ND Gorica,FC Koper,1,0,1:0 (0:0),1,,,
684,2008/09,29,NK Maribor-Rudar Velenje,2009-04-18,19:00:00,NK Maribor,Rudar Velenje,4,1,4:1 (2:0),1,,,
685,2008/09,29,Interblock Ljubljana-NK Primorje,2009-04-20,16:00:00,Interblock Ljubljana,NK Primorje,3,1,3:1 (2:1),1,,,
686,2008/09,30,FC Koper-Interblock Ljubljana,2009-04-25,16:00:00,FC Koper,Interblock Ljubljana,3,0,3:0 (0:0),1,,,
687,2008/09,30,NK Domžale-NK Celje,2009-04-25,19:00:00,NK Domžale,NK Celje,0,3,0:3 (0:2),1,,,
688,2008/09,30,Rudar Velenje-ND Gorica,2009-04-25,19:15:00,Rudar Velenje,ND Gorica,1,0,1:0 (1:0),1,,,
689,2008/09,30,NK Drava (old)-NK Maribor,2009-04-26,16:00:00,NK Drava (old),NK Maribor,2,1,2:1 (1:1),1,,,
690,2008/09,30,NK Primorje-NK Nafta,2009-04-26,16:00:00,NK Primorje,NK Nafta,1,0,1:0 (1:0),1,,,
691,2008/09,31,Interblock Ljubljana-Rudar Velenje,2009-05-02,16:00:00,Interblock Ljubljana,Rudar Velenje,0,1,0:1 (0:1),1,,,
692,2008/09,31,FC Koper-NK Primorje,2009-05-02,16:00:00,FC Koper,NK Primorje,1,0,1:0 (1:0),1,,,
693,2008/09,31,NK Celje-NK Nafta,2009-05-02,17:00:00,NK Celje,NK Nafta,2,0,2:0 (1:0),1,,,
694,2008/09,31,NK Maribor-NK Domžale,2009-05-02,19:00:00,NK Maribor,NK Domžale,2,1,2:1 (1:1),1,,,
695,2008/09,31,ND Gorica-NK Drava (old),2009-05-02,19:00:00,ND Gorica,NK Drava (old),3,5,3:5 (1:4),1,,,
696,2008/09,32,NK Nafta-NK Maribor,2009-05-06,15:30:00,NK Nafta,NK Maribor,1,0,1:0 (1:0),1,,,
697,2008/09,32,NK Primorje-NK Celje,2009-05-06,16:00:00,NK Primorje,NK Celje,2,0,2:0 (0:0),1,,,
698,2008/09,32,Rudar Velenje-FC Koper,2009-05-06,16:00:00,Rudar Velenje,FC Koper,0,0,0:0 (0:0),0,,,
699,2008/09,32,NK Drava (old)-Interblock Ljubljana,2009-05-06,16:00:00,NK Drava (old),Interblock Ljubljana,2,1,2:1 (1:1),1,,,
700,2008/09,32,NK Domžale-ND Gorica,2009-05-06,17:00:00,NK Domžale,ND Gorica,0,2,0:2 (0:1),1,,,
701,2008/09,33,FC Koper-NK Drava (old),2009-05-09,15:00:00,FC Koper,NK Drava (old),1,2,1:2 (1:0),1,,,
702,2008/09,33,Rudar Velenje-NK Primorje,2009-05-09,19:00:00,Rudar Velenje,NK Primorje,1,1,1:1 (0:0),0,,,
703,2008/09,33,NK Maribor-NK Celje,2009-05-09,19:00:00,NK Maribor,NK Celje,1,0,1:0 (0:0),1,,,
704,2008/09,33,ND Gorica-NK Nafta,2009-05-09,19:00:00,ND Gorica,NK Nafta,2,1,2:1 (2:0),1,,,
705,2008/09,33,Interblock Ljubljana-NK Domžale,2009-05-11,16:00:00,Interblock Ljubljana,NK Domžale,0,2,0:2 (0:2),1,,,
706,2008/09,34,NK Drava (old)-Rudar Velenje,2009-05-16,16:00:00,NK Drava (old),Rudar Velenje,2,0,2:0 (0:0),1,,,
707,2008/09,34,NK Nafta-Interblock Ljubljana,2009-05-16,16:00:00,NK Nafta,Interblock Ljubljana,3,3,3:3 (1:1),0,,,
708,2008/09,34,NK Domžale-FC Koper,2009-05-16,17:00:00,NK Domžale,FC Koper,1,0,1:0 (0:0),1,,,
709,2008/09,34,NK Celje-ND Gorica,2009-05-16,19:00:00,NK Celje,ND Gorica,1,2,1:2 (0:1),1,,,
710,2008/09,34,NK Primorje-NK Maribor,2009-05-17,16:00:00,NK Primorje,NK Maribor,1,1,1:1 (0:0),0,,,
711,2008/09,35,FC Koper-NK Nafta,2009-05-20,16:30:00,FC Koper,NK Nafta,3,0,3:0 (1:0),1,,,
712,2008/09,35,Rudar Velenje-NK Domžale,2009-05-20,16:30:00,Rudar Velenje,NK Domžale,2,2,2:2 (1:1),0,,,
713,2008/09,35,NK Drava (old)-NK Primorje,2009-05-20,16:30:00,NK Drava (old),NK Primorje,0,1,0:1 (0:1),1,,,
714,2008/09,35,ND Gorica-NK Maribor,2009-05-20,16:30:00,ND Gorica,NK Maribor,3,0,3:0 (2:0),1,,,
715,2008/09,35,Interblock Ljubljana-NK Celje,2009-05-20,16:30:00,Interblock Ljubljana,NK Celje,2,0,2:0 (0:0),1,,,
716,2008/09,36,NK Nafta-Rudar Velenje,2009-05-23,16:30:00,NK Nafta,Rudar Velenje,0,1,0:1 (0:1),1,,,
717,2008/09,36,NK Celje-FC Koper,2009-05-23,16:30:00,NK Celje,FC Koper,1,2,1:2 (0:0),1,,,
718,2008/09,36,NK Maribor-Interblock Ljubljana,2009-05-23,16:30:00,NK Maribor,Interblock Ljubljana,0,1,0:1 (0:0),1,,,
719,2008/09,36,NK Primorje-ND Gorica,2009-05-23,16:30:00,NK Primorje,ND Gorica,2,1,2:1 (1:0),1,,,
720,2008/09,36,NK Domžale-NK Drava (old),2009-05-23,16:30:00,NK Domžale,NK Drava (old),2,2,2:2 (0:1),0,,,
721,2009/10,1,NK Domžale-NK Drava (old),2009-07-17,17:00:00,NK Domžale,NK Drava (old),2,2,2:2 (1:0),0,,,
722,2009/10,1,NK Maribor-ND Gorica,2009-07-18,17:00:00,NK Maribor,ND Gorica,0,1,0:1 (0:0),1,,,
723,2009/10,1,Olimpija Ljubljana-Interblock Ljubljana,2009-07-18,17:00:00,Olimpija Ljubljana,Interblock Ljubljana,1,3,1:3 (0:1),1,,,
724,2009/10,1,FC Koper-NK Celje,2009-07-18,17:00:00,FC Koper,NK Celje,1,0,1:0 (1:0),1,,,
725,2009/10,1,Rudar Velenje-NK Nafta,2009-07-19,18:00:00,Rudar Velenje,NK Nafta,2,0,2:0 (1:0),1,,,
726,2009/10,2,NK Nafta-NK Celje,2009-07-25,17:00:00,NK Nafta,NK Celje,2,2,2:2 (1:2),0,,,
727,2009/10,2,Interblock Ljubljana-NK Domžale,2009-07-25,17:00:00,Interblock Ljubljana,NK Domžale,0,0,0:0 (0:0),0,,,
728,2009/10,2,NK Drava (old)-FC Koper,2009-07-26,17:00:00,NK Drava (old),FC Koper,1,3,1:3 (1:1),1,,,
729,2009/10,2,Rudar Velenje-NK Maribor,2009-07-26,18:00:00,Rudar Velenje,NK Maribor,1,0,1:0 (1:0),1,,,
730,2009/10,2,ND Gorica-Olimpija Ljubljana,2009-07-26,19:00:00,ND Gorica,Olimpija Ljubljana,1,2,1:2 (0:0),1,,,
731,2009/10,3,Olimpija Ljubljana-Rudar Velenje,2009-07-31,17:00:00,Olimpija Ljubljana,Rudar Velenje,0,1,0:1 (0:0),1,,,
732,2009/10,3,NK Domžale-ND Gorica,2009-07-31,19:00:00,NK Domžale,ND Gorica,1,4,1:4 (0:0),1,,,
733,2009/10,3,NK Maribor-NK Nafta,2009-08-01,17:00:00,NK Maribor,NK Nafta,3,1,3:1 (1:0),1,,,
734,2009/10,3,FC Koper-Interblock Ljubljana,2009-08-01,17:00:00,FC Koper,Interblock Ljubljana,2,1,2:1 (1:0),1,,,
735,2009/10,3,NK Celje-NK Drava (old),2009-08-01,19:00:00,NK Celje,NK Drava (old),1,0,1:0 (1:0),1,,,
736,2009/10,4,NK Nafta-NK Drava (old),2009-08-08,16:30:00,NK Nafta,NK Drava (old),3,1,3:1 (2:1),1,,,
737,2009/10,4,ND Gorica-FC Koper,2009-08-08,19:00:00,ND Gorica,FC Koper,1,2,1:2 (0:0),1,,,
738,2009/10,4,NK Maribor-Olimpija Ljubljana,2009-08-08,19:15:00,NK Maribor,Olimpija Ljubljana,1,0,1:0 (1:0),1,,,
739,2009/10,4,Interblock Ljubljana-NK Celje,2009-08-09,16:30:00,Interblock Ljubljana,NK Celje,1,2,1:2 (1:1),1,,,
740,2009/10,4,Rudar Velenje-NK Domžale,2009-08-09,18:00:00,Rudar Velenje,NK Domžale,4,1,4:1 (2:0),1,,,
741,2009/10,5,NK Domžale-NK Maribor,2009-08-14,19:00:00,NK Domžale,NK Maribor,1,3,1:3 (0:1),1,,,
742,2009/10,5,FC Koper-Rudar Velenje,2009-08-15,16:00:00,FC Koper,Rudar Velenje,2,2,2:2 (1:1),0,,,
743,2009/10,5,NK Celje-ND Gorica,2009-08-15,19:00:00,NK Celje,ND Gorica,2,0,2:0 (1:0),1,,,
744,2009/10,5,Olimpija Ljubljana-NK Nafta,2009-08-16,16:00:00,Olimpija Ljubljana,NK Nafta,2,0,2:0 (1:0),1,,,
745,2009/10,5,NK Drava (old)-Interblock Ljubljana,2009-08-16,16:00:00,NK Drava (old),Interblock Ljubljana,1,1,1:1 (1:0),0,,,
746,2009/10,6,NK Nafta-Interblock Ljubljana,2009-08-22,16:00:00,NK Nafta,Interblock Ljubljana,0,1,0:1 (0:1),1,,,
747,2009/10,6,ND Gorica-NK Drava (old),2009-08-22,19:00:00,ND Gorica,NK Drava (old),1,2,1:2 (1:2),1,,,
748,2009/10,6,Rudar Velenje-NK Celje,2009-08-22,19:45:00,Rudar Velenje,NK Celje,2,0,2:0 (1:0),1,,,
749,2009/10,6,Olimpija Ljubljana-NK Domžale,2009-08-23,16:00:00,Olimpija Ljubljana,NK Domžale,3,1,3:1 (0:0),1,,,
750,2009/10,6,NK Maribor-FC Koper,2009-08-23,18:00:00,NK Maribor,FC Koper,1,2,1:2 (1:0),1,,,
751,2009/10,7,NK Domžale-NK Nafta,2009-08-28,19:00:00,NK Domžale,NK Nafta,2,1,2:1 (0:0),1,,,
752,2009/10,7,FC Koper-Olimpija Ljubljana,2009-08-29,16:00:00,FC Koper,Olimpija Ljubljana,2,1,2:1 (0:0),1,,,
753,2009/10,7,Interblock Ljubljana-ND Gorica,2009-08-29,16:00:00,Interblock Ljubljana,ND Gorica,3,1,3:1 (1:0),1,,,
754,2009/10,7,NK Celje-NK Maribor,2009-08-29,19:00:00,NK Celje,NK Maribor,2,1,2:1 (1:1),1,,,
755,2009/10,7,NK Drava (old)-Rudar Velenje,2009-08-30,16:00:00,NK Drava (old),Rudar Velenje,1,0,1:0 (0:0),1,,,
756,2009/10,8,NK Domžale-FC Koper,2009-09-11,17:00:00,NK Domžale,FC Koper,1,1,1:1 (1:0),0,,,
757,2009/10,8,NK Nafta-ND Gorica,2009-09-12,15:00:00,NK Nafta,ND Gorica,2,1,2:1 (0:0),1,,,
758,2009/10,8,Olimpija Ljubljana-NK Celje,2009-09-12,15:00:00,Olimpija Ljubljana,NK Celje,4,2,4:2 (0:1),1,,,
759,2009/10,8,Rudar Velenje-Interblock Ljubljana,2009-09-12,19:00:00,Rudar Velenje,Interblock Ljubljana,2,1,2:1 (1:0),1,,,
760,2009/10,8,NK Maribor-NK Drava (old),2009-09-12,19:00:00,NK Maribor,NK Drava (old),2,2,2:2 (1:1),0,,,
761,2009/10,9,FC Koper-NK Nafta,2009-09-19,15:00:00,FC Koper,NK Nafta,3,1,3:1 (1:1),1,,,
762,2009/10,9,Interblock Ljubljana-NK Maribor,2009-09-19,15:00:00,Interblock Ljubljana,NK Maribor,2,1,2:1 (0:1),1,,,
763,2009/10,9,NK Celje-NK Domžale,2009-09-19,17:00:00,NK Celje,NK Domžale,2,3,2:3 (1:2),1,,,
764,2009/10,9,ND Gorica-Rudar Velenje,2009-09-19,19:00:00,ND Gorica,Rudar Velenje,1,3,1:3 (0:1),1,,,
765,2009/10,9,NK Drava (old)-Olimpija Ljubljana,2009-09-20,15:00:00,NK Drava (old),Olimpija Ljubljana,0,3,0:3 (0:2),1,,,
766,2009/10,10,NK Nafta-Rudar Velenje,2009-09-23,15:00:00,NK Nafta,Rudar Velenje,5,2,5:2 (2:2),1,,,
767,2009/10,10,Interblock Ljubljana-Olimpija Ljubljana,2009-09-23,15:00:00,Interblock Ljubljana,Olimpija Ljubljana,0,1,0:1 (0:0),1,,,
768,2009/10,10,NK Drava (old)-NK Domžale,2009-09-23,15:00:00,NK Drava (old),NK Domžale,2,1,2:1 (0:0),1,,,
769,2009/10,10,ND Gorica-NK Maribor,2009-09-23,17:00:00,ND Gorica,NK Maribor,2,3,2:3 (1:2),1,,,
770,2009/10,10,NK Celje-FC Koper,2009-09-23,19:15:00,NK Celje,FC Koper,0,1,0:1 (0:1),1,,,
771,2009/10,11,NK Celje-NK Nafta,2009-09-26,15:00:00,NK Celje,NK Nafta,2,2,2:2 (0:1),0,,,
772,2009/10,11,FC Koper-NK Drava (old),2009-09-26,15:00:00,FC Koper,NK Drava (old),0,0,0:0 (0:0),0,,,
773,2009/10,11,Olimpija Ljubljana-ND Gorica,2009-09-27,15:00:00,Olimpija Ljubljana,ND Gorica,1,1,1:1 (1:0),0,,,
774,2009/10,11,NK Domžale-Interblock Ljubljana,2009-09-27,17:00:00,NK Domžale,Interblock Ljubljana,1,0,1:0 (1:0),1,,,
775,2009/10,11,NK Maribor-Rudar Velenje,2009-09-27,17:00:00,NK Maribor,Rudar Velenje,0,2,0:2 (0:0),1,,,
776,2009/10,12,NK Nafta-NK Maribor,2009-10-03,14:00:00,NK Nafta,NK Maribor,2,4,2:4 (0:3),1,,,
777,2009/10,12,Interblock Ljubljana-FC Koper,2009-10-03,14:00:00,Interblock Ljubljana,FC Koper,0,1,0:1 (0:0),1,,,
778,2009/10,12,Rudar Velenje-Olimpija Ljubljana,2009-10-03,17:00:00,Rudar Velenje,Olimpija Ljubljana,0,3,0:3 (0:1),1,,,
779,2009/10,12,ND Gorica-NK Domžale,2009-10-03,17:00:00,ND Gorica,NK Domžale,1,1,1:1 (0:1),0,,,
780,2009/10,12,NK Drava (old)-NK Celje,2009-10-04,14:00:00,NK Drava (old),NK Celje,0,1,0:1 (0:1),1,,,
781,2009/10,13,FC Koper-ND Gorica,2009-10-17,14:00:00,FC Koper,ND Gorica,1,1,1:1 (0:0),0,,,
782,2009/10,13,Olimpija Ljubljana-NK Maribor,2009-10-17,14:00:00,Olimpija Ljubljana,NK Maribor,0,1,0:1 (0:0),1,,,
783,2009/10,13,NK Domžale-Rudar Velenje,2009-10-17,16:00:00,NK Domžale,Rudar Velenje,2,0,2:0 (0:0),1,,,
784,2009/10,13,NK Celje-Interblock Ljubljana,2009-10-17,17:00:00,NK Celje,Interblock Ljubljana,3,1,3:1 (2:0),1,,,
785,2009/10,13,NK Drava (old)-NK Nafta,2009-10-18,14:00:00,NK Drava (old),NK Nafta,1,2,1:2 (0:1),1,,,
786,2009/10,14,NK Nafta-Olimpija Ljubljana,2009-10-24,14:00:00,NK Nafta,Olimpija Ljubljana,1,0,1:0 (1:0),1,,,
787,2009/10,14,Interblock Ljubljana-NK Drava (old),2009-10-24,14:00:00,Interblock Ljubljana,NK Drava (old),2,1,2:1 (1:1),1,,,
788,2009/10,14,NK Maribor-NK Domžale,2009-10-24,17:00:00,NK Maribor,NK Domžale,1,2,1:2 (0:1),1,,,
789,2009/10,14,ND Gorica-NK Celje,2009-10-24,17:00:00,ND Gorica,NK Celje,1,1,1:1 (1:0),0,,,
790,2009/10,14,Rudar Velenje-FC Koper,2009-10-24,19:15:00,Rudar Velenje,FC Koper,2,2,2:2 (0:0),0,,,
791,2009/10,15,Interblock Ljubljana-NK Nafta,2009-10-28,13:30:00,Interblock Ljubljana,NK Nafta,1,1,1:1 (0:0),0,,,
792,2009/10,15,NK Drava (old)-ND Gorica,2009-10-28,13:30:00,NK Drava (old),ND Gorica,1,1,1:1 (1:1),0,,,
793,2009/10,15,FC Koper-NK Maribor,2009-10-28,13:30:00,FC Koper,NK Maribor,1,3,1:3 (1:2),1,,,
794,2009/10,15,NK Domžale-Olimpija Ljubljana,2009-10-28,15:00:00,NK Domžale,Olimpija Ljubljana,1,2,1:2 (0:1),1,,,
795,2009/10,15,NK Celje-Rudar Velenje,2009-10-28,17:00:00,NK Celje,Rudar Velenje,0,4,0:4 (0:3),1,,,
796,2009/10,16,NK Nafta-NK Domžale,2009-10-31,13:00:00,NK Nafta,NK Domžale,2,2,2:2 (2:1),0,,,
797,2009/10,16,Olimpija Ljubljana-FC Koper,2009-10-31,13:00:00,Olimpija Ljubljana,FC Koper,0,1,0:1 (0:0),1,,,
798,2009/10,16,Rudar Velenje-NK Drava (old),2009-10-31,17:00:00,Rudar Velenje,NK Drava (old),0,3,0:3 (0:0),1,,,
799,2009/10,16,ND Gorica-Interblock Ljubljana,2009-10-31,17:00:00,ND Gorica,Interblock Ljubljana,4,3,4:3 (1:2),1,,,
800,2009/10,16,NK Maribor-NK Celje,2009-10-31,19:15:00,NK Maribor,NK Celje,3,3,3:3 (1:0),0,,,
801,2009/10,17,Interblock Ljubljana-Rudar Velenje,2009-11-07,13:00:00,Interblock Ljubljana,Rudar Velenje,3,1,3:1 (3:1),1,,,
802,2009/10,17,FC Koper-NK Domžale,2009-11-07,13:00:00,FC Koper,NK Domžale,0,1,0:1 (0:1),1,,,
803,2009/10,17,ND Gorica-NK Nafta,2009-11-07,16:00:00,ND Gorica,NK Nafta,3,1,3:1 (0:1),1,,,
804,2009/10,17,NK Celje-Olimpija Ljubljana,2009-11-07,16:00:00,NK Celje,Olimpija Ljubljana,1,1,1:1 (0:0),0,,,
805,2009/10,17,NK Drava (old)-NK Maribor,2009-11-08,13:00:00,NK Drava (old),NK Maribor,0,2,0:2 (0:1),1,,,
806,2009/10,18,NK Nafta-FC Koper,2009-11-21,13:00:00,NK Nafta,FC Koper,3,1,3:1 (1:0),1,,,
807,2009/10,18,Olimpija Ljubljana-NK Drava (old),2009-11-21,13:00:00,Olimpija Ljubljana,NK Drava (old),3,0,3:0 (0:0),1,,,
808,2009/10,18,Rudar Velenje-ND Gorica,2009-11-21,16:00:00,Rudar Velenje,ND Gorica,0,3,0:3 (0:1),1,,,
809,2009/10,18,NK Domžale-NK Celje,2009-11-22,12:00:00,NK Domžale,NK Celje,1,5,1:5 (1:0),1,,,
810,2009/10,18,NK Maribor-Interblock Ljubljana,2009-12-12,16:00:00,NK Maribor,Interblock Ljubljana,1,0,1:0 (0:0),1,,,
811,2009/10,19,Olimpija Ljubljana-Interblock Ljubljana,2009-11-28,12:30:00,Olimpija Ljubljana,Interblock Ljubljana,2,0,2:0 (0:0),1,,,
812,2009/10,19,NK Domžale-NK Drava (old),2009-11-28,12:30:00,NK Domžale,NK Drava (old),2,0,2:0 (1:0),1,,,
813,2009/10,19,NK Maribor-ND Gorica,2009-11-28,15:30:00,NK Maribor,ND Gorica,3,1,3:1 (1:0),1,,,
814,2009/10,19,Rudar Velenje-NK Nafta,2009-11-28,16:00:00,Rudar Velenje,NK Nafta,0,1,0:1 (0:1),1,,,
815,2009/10,19,FC Koper-NK Celje,2009-12-12,12:00:00,FC Koper,NK Celje,4,0,4:0 (3:0),1,,,
816,2009/10,20,NK Nafta-NK Celje,2009-12-05,12:30:00,NK Nafta,NK Celje,2,1,2:1 (1:1),1,,,
817,2009/10,20,Interblock Ljubljana-NK Domžale,2009-12-05,12:30:00,Interblock Ljubljana,NK Domžale,2,1,2:1 (2:1),1,,,
818,2009/10,20,ND Gorica-Olimpija Ljubljana,2009-12-05,13:00:00,ND Gorica,Olimpija Ljubljana,1,1,1:1 (1:0),0,,,
819,2009/10,20,NK Drava (old)-FC Koper,2009-12-06,12:30:00,NK Drava (old),FC Koper,1,1,1:1 (0:0),0,,,
820,2009/10,20,Rudar Velenje-NK Maribor,2009-12-06,14:45:00,Rudar Velenje,NK Maribor,0,2,0:2 (0:0),1,,,
821,2009/10,21,Olimpija Ljubljana-Rudar Velenje,2009-12-02,12:00:00,Olimpija Ljubljana,Rudar Velenje,0,1,0:1 (0:0),1,,,
822,2009/10,21,FC Koper-Interblock Ljubljana,2009-12-02,12:00:00,FC Koper,Interblock Ljubljana,0,0,0:0 (0:0),0,,,
823,2009/10,21,NK Maribor-NK Nafta,2009-12-02,16:00:00,NK Maribor,NK Nafta,1,2,1:2 (0:2),1,,,
824,2009/10,21,NK Domžale-ND Gorica,2009-12-02,16:00:00,NK Domžale,ND Gorica,2,3,2:3 (1:2),1,,,
825,2009/10,21,NK Celje-NK Drava (old),2009-12-02,16:00:00,NK Celje,NK Drava (old),3,0,3:0 (2:0),1,,,
826,2009/10,22,NK Nafta-NK Drava (old),2009-12-09,12:00:00,NK Nafta,NK Drava (old),1,0,1:0 (1:0),1,,,
827,2009/10,22,Interblock Ljubljana-NK Celje,2009-12-09,12:00:00,Interblock Ljubljana,NK Celje,0,0,0:0 (0:0),0,,,
828,2009/10,22,Rudar Velenje-NK Domžale,2009-12-09,14:00:00,Rudar Velenje,NK Domžale,0,2,0:2 (0:1),1,,,
829,2009/10,22,ND Gorica-FC Koper,2009-12-09,16:00:00,ND Gorica,FC Koper,1,2,1:2 (1:2),1,,,
830,2009/10,22,NK Maribor-Olimpija Ljubljana,2009-12-09,16:00:00,NK Maribor,Olimpija Ljubljana,2,1,2:1 (2:1),1,,,
831,2009/10,23,NK Domžale-NK Maribor,2010-02-27,13:00:00,NK Domžale,NK Maribor,2,3,2:3 (1:1),1,,,
832,2009/10,23,NK Celje-ND Gorica,2010-02-27,13:00:00,NK Celje,ND Gorica,1,4,1:4 (0:2),1,,,
833,2009/10,23,NK Drava (old)-Interblock Ljubljana,2010-02-27,13:00:00,NK Drava (old),Interblock Ljubljana,3,1,3:1 (0:1),1,,,
834,2009/10,23,FC Koper-Rudar Velenje,2010-02-27,16:00:00,FC Koper,Rudar Velenje,2,1,2:1 (1:1),1,,,
835,2009/10,23,Olimpija Ljubljana-NK Nafta,2010-02-28,12:00:00,Olimpija Ljubljana,NK Nafta,0,0,0:0 (0:0),0,,,
836,2009/10,24,Rudar Velenje-NK Celje,2010-03-06,13:15:00,Rudar Velenje,NK Celje,3,1,3:1 (2:1),1,,,
837,2009/10,24,NK Nafta-Interblock Ljubljana,2010-03-06,14:00:00,NK Nafta,Interblock Ljubljana,3,1,3:1 (0:0),1,,,
838,2009/10,24,Olimpija Ljubljana-NK Domžale,2010-03-06,14:00:00,Olimpija Ljubljana,NK Domžale,1,1,1:1 (1:0),0,,,
839,2009/10,24,ND Gorica-NK Drava (old),2010-03-06,15:00:00,ND Gorica,NK Drava (old),2,1,2:1 (1:1),1,,,
840,2009/10,24,NK Maribor-FC Koper,2010-03-06,17:00:00,NK Maribor,FC Koper,2,2,2:2 (1:1),0,,,
841,2009/10,25,NK Drava (old)-Rudar Velenje,2010-03-31,15:00:00,NK Drava (old),Rudar Velenje,0,1,0:1 (0:1),1,,,
842,2009/10,25,Interblock Ljubljana-ND Gorica,2010-03-31,15:00:00,Interblock Ljubljana,ND Gorica,0,5,0:5 (0:1),1,,,
843,2009/10,25,NK Domžale-NK Nafta,2010-03-31,16:00:00,NK Domžale,NK Nafta,3,1,3:1 (2:1),1,,,
844,2009/10,25,FC Koper-Olimpija Ljubljana,2010-03-31,16:00:00,FC Koper,Olimpija Ljubljana,1,0,1:0 (1:0),1,,,
845,2009/10,25,NK Celje-NK Maribor,2010-03-31,16:00:00,NK Celje,NK Maribor,0,2,0:2 (0:1),1,,,
846,2009/10,26,Rudar Velenje-Interblock Ljubljana,2010-03-13,13:00:00,Rudar Velenje,Interblock Ljubljana,1,2,1:2 (0:2),1,,,
847,2009/10,26,NK Maribor-NK Drava (old),2010-03-13,14:00:00,NK Maribor,NK Drava (old),3,2,3:2 (1:1),1,,,
848,2009/10,26,Olimpija Ljubljana-NK Celje,2010-03-13,14:00:00,Olimpija Ljubljana,NK Celje,1,3,1:3 (1:1),1,,,
849,2009/10,26,NK Domžale-FC Koper,2010-03-13,19:15:00,NK Domžale,FC Koper,0,1,0:1 (0:1),1,,,
850,2009/10,26,NK Nafta-ND Gorica,2010-03-14,14:00:00,NK Nafta,ND Gorica,0,1,0:1 (0:0),1,,,
851,2009/10,27,NK Drava (old)-Olimpija Ljubljana,2010-03-20,14:00:00,NK Drava (old),Olimpija Ljubljana,0,0,0:0 (0:0),0,,,
852,2009/10,27,Interblock Ljubljana-NK Maribor,2010-03-20,14:00:00,Interblock Ljubljana,NK Maribor,0,1,0:1 (0:1),1,,,
853,2009/10,27,NK Celje-NK Domžale,2010-03-20,15:00:00,NK Celje,NK Domžale,1,0,1:0 (1:0),1,,,
854,2009/10,27,ND Gorica-Rudar Velenje,2010-03-20,19:15:00,ND Gorica,Rudar Velenje,2,1,2:1 (1:1),1,,,
855,2009/10,27,FC Koper-NK Nafta,2010-03-21,16:00:00,FC Koper,NK Nafta,2,0,2:0 (0:0),1,,,
856,2009/10,28,NK Nafta-Rudar Velenje,2010-03-27,14:00:00,NK Nafta,Rudar Velenje,2,0,2:0 (0:0),1,,,
857,2009/10,28,Interblock Ljubljana-Olimpija Ljubljana,2010-03-27,14:00:00,Interblock Ljubljana,Olimpija Ljubljana,2,1,2:1 (0:0),1,,,
858,2009/10,28,NK Drava (old)-NK Domžale,2010-03-27,14:00:00,NK Drava (old),NK Domžale,2,1,2:1 (0:0),1,,,
859,2009/10,28,ND Gorica-NK Maribor,2010-03-27,17:00:00,ND Gorica,NK Maribor,3,3,3:3 (2:1),0,,,
860,2009/10,28,NK Celje-FC Koper,2010-03-28,16:00:00,NK Celje,FC Koper,1,3,1:3 (0:2),1,,,
861,2009/10,29,Olimpija Ljubljana-ND Gorica,2010-04-03,15:00:00,Olimpija Ljubljana,ND Gorica,5,0,5:0 (2:0),1,,,
862,2009/10,29,NK Celje-NK Nafta,2010-04-03,16:00:00,NK Celje,NK Nafta,3,2,3:2 (1:1),1,,,
863,2009/10,29,FC Koper-NK Drava (old),2010-04-03,16:00:00,FC Koper,NK Drava (old),1,1,1:1 (1:1),0,,,
864,2009/10,29,NK Domžale-Interblock Ljubljana,2010-04-03,17:00:00,NK Domžale,Interblock Ljubljana,2,1,2:1 (1:0),1,,,
865,2009/10,29,NK Maribor-Rudar Velenje,2010-04-03,19:15:00,NK Maribor,Rudar Velenje,0,1,0:1 (0:0),1,,,
866,2009/10,30,NK Nafta-NK Maribor,2010-04-10,13:00:00,NK Nafta,NK Maribor,3,1,3:1 (1:0),1,,,
867,2009/10,30,Interblock Ljubljana-FC Koper,2010-04-10,15:00:00,Interblock Ljubljana,FC Koper,0,5,0:5 (0:0),1,,,
868,2009/10,30,NK Drava (old)-NK Celje,2010-04-10,15:00:00,NK Drava (old),NK Celje,0,1,0:1 (0:0),1,,,
869,2009/10,30,Rudar Velenje-Olimpija Ljubljana,2010-04-10,17:00:00,Rudar Velenje,Olimpija Ljubljana,1,3,1:3 (1:2),1,,,
870,2009/10,30,ND Gorica-NK Domžale,2010-04-10,17:00:00,ND Gorica,NK Domžale,2,3,2:3 (2:0),1,,,
871,2009/10,31,Olimpija Ljubljana-NK Maribor,2010-04-16,15:30:00,Olimpija Ljubljana,NK Maribor,1,1,1:1 (1:1),0,,,
872,2009/10,31,FC Koper-ND Gorica,2010-04-17,14:30:00,FC Koper,ND Gorica,3,2,3:2 (2:2),1,,,
873,2009/10,31,NK Drava (old)-NK Nafta,2010-04-17,15:30:00,NK Drava (old),NK Nafta,0,0,0:0 (0:0),0,,,
874,2009/10,31,NK Celje-Interblock Ljubljana,2010-04-17,17:00:00,NK Celje,Interblock Ljubljana,5,1,5:1 (2:1),1,,,
875,2009/10,31,NK Domžale-Rudar Velenje,2010-04-17,19:00:00,NK Domžale,Rudar Velenje,1,1,1:1 (1:1),0,,,
876,2009/10,32,Interblock Ljubljana-NK Drava (old),2010-04-24,15:30:00,Interblock Ljubljana,NK Drava (old),0,2,0:2 (0:2),1,,,
877,2009/10,32,ND Gorica-NK Celje,2010-04-24,17:00:00,ND Gorica,NK Celje,3,0,3:0 (2:0),1,,,
878,2009/10,32,NK Maribor-NK Domžale,2010-04-24,19:15:00,NK Maribor,NK Domžale,1,1,1:1 (0:0),0,,,
879,2009/10,32,Rudar Velenje-FC Koper,2010-04-24,19:15:00,Rudar Velenje,FC Koper,0,2,0:2 (0:1),1,,,
880,2009/10,32,NK Nafta-Olimpija Ljubljana,2010-04-25,16:00:00,NK Nafta,Olimpija Ljubljana,0,1,0:1 (0:0),1,,,
881,2009/10,33,Interblock Ljubljana-NK Nafta,2010-04-30,15:30:00,Interblock Ljubljana,NK Nafta,1,1,1:1 (0:0),0,,,
882,2009/10,33,NK Drava (old)-ND Gorica,2010-04-30,15:30:00,NK Drava (old),ND Gorica,2,4,2:4 (0:2),1,,,
883,2009/10,33,NK Celje-Rudar Velenje,2010-04-30,17:00:00,NK Celje,Rudar Velenje,0,0,0:0 (0:0),0,,,
884,2009/10,33,FC Koper-NK Maribor,2010-04-30,19:00:00,FC Koper,NK Maribor,0,0,0:0 (0:0),0,,,
885,2009/10,33,NK Domžale-Olimpija Ljubljana,2010-04-30,19:00:00,NK Domžale,Olimpija Ljubljana,1,2,1:2 (1:2),1,,,
886,2009/10,34,NK Maribor-NK Celje,2010-05-04,19:00:00,NK Maribor,NK Celje,1,1,1:1 (0:1),0,,,
887,2009/10,34,NK Nafta-NK Domžale,2010-05-05,16:00:00,NK Nafta,NK Domžale,2,0,2:0 (1:0),1,,,
888,2009/10,34,Olimpija Ljubljana-FC Koper,2010-05-05,16:00:00,Olimpija Ljubljana,FC Koper,3,1,3:1 (2:1),1,,,
889,2009/10,34,Rudar Velenje-NK Drava (old),2010-05-05,17:00:00,Rudar Velenje,NK Drava (old),4,2,4:2 (2:1),1,,,
890,2009/10,34,ND Gorica-Interblock Ljubljana,2010-05-05,19:00:00,ND Gorica,Interblock Ljubljana,6,1,6:1 (2:0),1,,,
891,2009/10,35,ND Gorica-NK Nafta,2010-05-11,16:00:00,ND Gorica,NK Nafta,3,1,3:1 (1:0),1,,,
892,2009/10,35,Interblock Ljubljana-Rudar Velenje,2010-05-11,16:00:00,Interblock Ljubljana,Rudar Velenje,0,1,0:1 (0:0),1,,,
893,2009/10,35,NK Drava (old)-NK Maribor,2010-05-11,16:00:00,NK Drava (old),NK Maribor,0,1,0:1 (0:0),1,,,
894,2009/10,35,NK Celje-Olimpija Ljubljana,2010-05-11,16:00:00,NK Celje,Olimpija Ljubljana,1,0,1:0 (0:0),1,,,
895,2009/10,35,FC Koper-NK Domžale,2010-05-11,16:00:00,FC Koper,NK Domžale,1,3,1:3 (0:2),1,,,
896,2009/10,36,NK Nafta-FC Koper,2010-05-16,16:00:00,NK Nafta,FC Koper,1,2,1:2 (1:0),1,,,
897,2009/10,36,NK Domžale-NK Celje,2010-05-16,16:00:00,NK Domžale,NK Celje,2,2,2:2 (1:0),0,,,
898,2009/10,36,Olimpija Ljubljana-NK Drava (old),2010-05-16,16:00:00,Olimpija Ljubljana,NK Drava (old),2,0,2:0 (0:0),1,,,
899,2009/10,36,NK Maribor-Interblock Ljubljana,2010-05-16,16:00:00,NK Maribor,Interblock Ljubljana,1,0,1:0 (0:0),1,,,
900,2009/10,36,Rudar Velenje-ND Gorica,2010-05-16,16:00:00,Rudar Velenje,ND Gorica,2,3,2:3 (1:2),1,,,
901,2010/11,1,FC Koper-NK Primorje,2010-07-16,19:00:00,FC Koper,NK Primorje,4,1,4:1 (2:0),1,,,
902,2010/11,1,NK Celje-NK Domžale,2010-07-17,19:15:00,NK Celje,NK Domžale,0,1,0:1 (0:0),1,,,
903,2010/11,1,Olimpija Ljubljana-Rudar Velenje,2010-07-18,17:00:00,Olimpija Ljubljana,Rudar Velenje,1,3,1:3 (1:1),1,,,
904,2010/11,1,NK Maribor-ND Triglav 2000,2010-07-18,17:00:00,NK Maribor,ND Triglav 2000,5,0,5:0 (3:0),1,,,
905,2010/11,1,ND Gorica-NK Nafta,2010-07-18,19:00:00,ND Gorica,NK Nafta,1,0,1:0 (1:0),1,,,
906,2010/11,2,NK Nafta-NK Primorje,2010-07-24,17:00:00,NK Nafta,NK Primorje,2,1,2:1 (0:0),1,,,
907,2010/11,2,ND Triglav 2000-NK Celje,2010-07-24,17:00:00,ND Triglav 2000,NK Celje,1,1,1:1 (1:1),0,,,
908,2010/11,2,NK Domžale-FC Koper,2010-07-24,19:00:00,NK Domžale,FC Koper,2,0,2:0 (1:0),1,,,
909,2010/11,2,Rudar Velenje-NK Maribor,2010-07-25,19:00:00,Rudar Velenje,NK Maribor,0,0,0:0 (0:0),0,,,
910,2010/11,2,ND Gorica-Olimpija Ljubljana,2010-07-25,19:00:00,ND Gorica,Olimpija Ljubljana,2,2,2:2 (1:1),0,,,
911,2010/11,3,NK Primorje-NK Domžale,2010-07-31,17:00:00,NK Primorje,NK Domžale,0,0,0:0 (0:0),0,,,
912,2010/11,3,NK Celje-Rudar Velenje,2010-07-31,19:00:00,NK Celje,Rudar Velenje,5,1,5:1 (2:0),1,,,
913,2010/11,3,FC Koper-ND Triglav 2000,2010-07-31,19:00:00,FC Koper,ND Triglav 2000,1,1,1:1 (0:1),0,,,
914,2010/11,3,NK Maribor-ND Gorica,2010-08-01,17:00:00,NK Maribor,ND Gorica,3,1,3:1 (3:0),1,,,
915,2010/11,3,Olimpija Ljubljana-NK Nafta,2010-08-02,17:00:00,Olimpija Ljubljana,NK Nafta,0,1,0:1 (0:0),1,,,
916,2010/11,4,NK Nafta-NK Domžale,2010-08-07,16:00:00,NK Nafta,NK Domžale,3,2,3:2 (2:1),1,,,
917,2010/11,4,Rudar Velenje-FC Koper,2010-08-07,17:00:00,Rudar Velenje,FC Koper,2,1,2:1 (0:1),1,,,
918,2010/11,4,ND Gorica-NK Celje,2010-08-07,19:00:00,ND Gorica,NK Celje,3,3,3:3 (2:0),0,,,
919,2010/11,4,ND Triglav 2000-NK Primorje,2010-08-08,16:00:00,ND Triglav 2000,NK Primorje,3,2,3:2 (2:2),1,,,
920,2010/11,4,Olimpija Ljubljana-NK Maribor,2010-09-29,17:00:00,Olimpija Ljubljana,NK Maribor,0,1,0:1 (0:1),1,,,
921,2010/11,5,NK Maribor-NK Nafta,2010-08-14,17:00:00,NK Maribor,NK Nafta,3,1,3:1 (1:1),1,,,
922,2010/11,5,NK Celje-Olimpija Ljubljana,2010-08-14,17:20:00,NK Celje,Olimpija Ljubljana,1,1,1:1 (1:0),0,,,
923,2010/11,5,FC Koper-ND Gorica,2010-08-14,19:00:00,FC Koper,ND Gorica,1,0,1:0 (1:0),1,,,
924,2010/11,5,NK Domžale-ND Triglav 2000,2010-08-14,19:00:00,NK Domžale,ND Triglav 2000,3,0,3:0 (1:0),1,,,
925,2010/11,5,NK Primorje-Rudar Velenje,2010-08-15,16:00:00,NK Primorje,Rudar Velenje,1,1,1:1 (1:0),0,,,
926,2010/11,6,NK Nafta-ND Triglav 2000,2010-08-21,16:00:00,NK Nafta,ND Triglav 2000,2,1,2:1 (1:1),1,,,
927,2010/11,6,ND Gorica-NK Primorje,2010-08-21,19:00:00,ND Gorica,NK Primorje,3,2,3:2 (1:1),1,,,
928,2010/11,6,Rudar Velenje-NK Domžale,2010-08-21,19:15:00,Rudar Velenje,NK Domžale,0,1,0:1 (0:0),1,,,
929,2010/11,6,NK Maribor-NK Celje,2010-08-22,18:00:00,NK Maribor,NK Celje,2,0,2:0 (2:0),1,,,
930,2010/11,6,Olimpija Ljubljana-FC Koper,2010-08-22,19:15:00,Olimpija Ljubljana,FC Koper,1,2,1:2 (0:2),1,,,
931,2010/11,7,NK Celje-NK Nafta,2010-08-28,17:00:00,NK Celje,NK Nafta,2,4,2:4 (1:2),1,,,
932,2010/11,7,NK Domžale-ND Gorica,2010-08-28,19:15:00,NK Domžale,ND Gorica,1,0,1:0 (1:0),1,,,
933,2010/11,7,NK Primorje-Olimpija Ljubljana,2010-08-29,16:00:00,NK Primorje,Olimpija Ljubljana,5,1,5:1 (1:0),1,,,
934,2010/11,7,ND Triglav 2000-Rudar Velenje,2010-08-29,16:00:00,ND Triglav 2000,Rudar Velenje,1,0,1:0 (0:0),1,,,
935,2010/11,7,FC Koper-NK Maribor,2010-08-29,18:00:00,FC Koper,NK Maribor,0,1,0:1 (0:0),1,,,
936,2010/11,8,NK Nafta-Rudar Velenje,2010-09-10,19:00:00,NK Nafta,Rudar Velenje,3,3,3:3 (3:0),0,,,
937,2010/11,8,Olimpija Ljubljana-NK Domžale,2010-09-10,19:00:00,Olimpija Ljubljana,NK Domžale,0,1,0:1 (0:0),1,,,
938,2010/11,8,ND Gorica-ND Triglav 2000,2010-09-11,19:00:00,ND Gorica,ND Triglav 2000,2,1,2:1 (1:1),1,,,
939,2010/11,8,NK Maribor-NK Primorje,2010-09-11,19:00:00,NK Maribor,NK Primorje,1,1,1:1 (0:1),0,,,
940,2010/11,8,NK Celje-FC Koper,2010-09-11,19:00:00,NK Celje,FC Koper,2,1,2:1 (0:1),1,,,
941,2010/11,9,Rudar Velenje-ND Gorica,2010-09-18,17:00:00,Rudar Velenje,ND Gorica,1,2,1:2 (1:1),1,,,
942,2010/11,9,FC Koper-NK Nafta,2010-09-18,17:40:00,FC Koper,NK Nafta,0,3,0:3 (0:3),1,,,
943,2010/11,9,ND Triglav 2000-Olimpija Ljubljana,2010-09-19,15:00:00,ND Triglav 2000,Olimpija Ljubljana,0,5,0:5 (0:2),1,,,
944,2010/11,9,NK Domžale-NK Maribor,2010-10-09,19:15:00,NK Domžale,NK Maribor,0,1,0:1 (0:0),1,,,
945,2010/11,9,NK Primorje-NK Celje,2010-10-10,14:00:00,NK Primorje,NK Celje,2,0,2:0 (0:0),1,,,
946,2010/11,10,ND Triglav 2000-NK Maribor,2010-09-22,15:00:00,ND Triglav 2000,NK Maribor,2,2,2:2 (0:2),0,,,
947,2010/11,10,NK Primorje-FC Koper,2010-09-22,15:00:00,NK Primorje,FC Koper,3,1,3:1 (2:1),1,,,
948,2010/11,10,NK Nafta-ND Gorica,2010-09-22,17:00:00,NK Nafta,ND Gorica,3,0,3:0 (2:0),1,,,
949,2010/11,10,Rudar Velenje-Olimpija Ljubljana,2010-09-22,17:00:00,Rudar Velenje,Olimpija Ljubljana,1,1,1:1 (0:0),0,,,
950,2010/11,10,NK Domžale-NK Celje,2010-09-22,19:00:00,NK Domžale,NK Celje,1,0,1:0 (1:0),1,,,
951,2010/11,11,FC Koper-NK Domžale,2010-09-25,17:00:00,FC Koper,NK Domžale,2,0,2:0 (1:0),1,,,
952,2010/11,11,NK Celje-ND Triglav 2000,2010-09-25,17:00:00,NK Celje,ND Triglav 2000,1,1,1:1 (1:1),0,,,
953,2010/11,11,Olimpija Ljubljana-ND Gorica,2010-09-25,19:00:00,Olimpija Ljubljana,ND Gorica,0,0,0:0 (0:0),0,,,
954,2010/11,11,NK Maribor-Rudar Velenje,2010-09-25,19:15:00,NK Maribor,Rudar Velenje,3,1,3:1 (1:0),1,,,
955,2010/11,11,NK Primorje-NK Nafta,2010-09-26,15:00:00,NK Primorje,NK Nafta,4,2,4:2 (3:0),1,,,
956,2010/11,12,ND Gorica-NK Maribor,2010-10-02,17:00:00,ND Gorica,NK Maribor,0,2,0:2 (0:1),1,,,
957,2010/11,12,Rudar Velenje-NK Celje,2010-10-02,17:00:00,Rudar Velenje,NK Celje,3,2,3:2 (1:1),1,,,
958,2010/11,12,NK Domžale-NK Primorje,2010-10-02,17:00:00,NK Domžale,NK Primorje,4,1,4:1 (1:0),1,,,
959,2010/11,12,NK Nafta-Olimpija Ljubljana,2010-10-02,19:00:00,NK Nafta,Olimpija Ljubljana,2,3,2:3 (2:1),1,,,
960,2010/11,12,ND Triglav 2000-FC Koper,2010-10-03,15:00:00,ND Triglav 2000,FC Koper,0,0,0:0 (0:0),0,,,
961,2010/11,13,NK Celje-ND Gorica,2010-10-16,16:00:00,NK Celje,ND Gorica,1,0,1:0 (0:0),1,,,
962,2010/11,13,NK Domžale-NK Nafta,2010-10-16,17:00:00,NK Domžale,NK Nafta,1,1,1:1 (0:1),0,,,
963,2010/11,13,FC Koper-Rudar Velenje,2010-10-16,17:00:00,FC Koper,Rudar Velenje,2,1,2:1 (1:1),1,,,
964,2010/11,13,NK Maribor-Olimpija Ljubljana,2010-10-16,19:15:00,NK Maribor,Olimpija Ljubljana,0,0,0:0 (0:0),0,,,
965,2010/11,13,NK Primorje-ND Triglav 2000,2010-10-27,14:00:00,NK Primorje,ND Triglav 2000,0,3,0:3 (0:1),1,,,
966,2010/11,14,NK Nafta-NK Maribor,2010-10-23,17:00:00,NK Nafta,NK Maribor,0,2,0:2 (0:0),1,,,
967,2010/11,14,Olimpija Ljubljana-NK Celje,2010-10-23,17:00:00,Olimpija Ljubljana,NK Celje,1,0,1:0 (0:0),1,,,
968,2010/11,14,ND Gorica-FC Koper,2010-10-23,17:00:00,ND Gorica,FC Koper,2,2,2:2 (0:1),0,,,
969,2010/11,14,Rudar Velenje-NK Primorje,2010-10-23,17:00:00,Rudar Velenje,NK Primorje,3,1,3:1 (1:0),1,,,
970,2010/11,14,ND Triglav 2000-NK Domžale,2010-10-24,13:00:00,ND Triglav 2000,NK Domžale,1,3,1:3 (0:3),1,,,
971,2010/11,15,NK Celje-NK Maribor,2010-10-30,17:00:00,NK Celje,NK Maribor,0,4,0:4 (0:3),1,,,
972,2010/11,15,FC Koper-Olimpija Ljubljana,2010-10-30,19:00:00,FC Koper,Olimpija Ljubljana,2,0,2:0 (0:0),1,,,
973,2010/11,15,ND Triglav 2000-NK Nafta,2010-10-31,13:00:00,ND Triglav 2000,NK Nafta,2,0,2:0 (1:0),1,,,
974,2010/11,15,NK Primorje-ND Gorica,2010-10-31,13:00:00,NK Primorje,ND Gorica,0,2,0:2 (0:1),1,,,
975,2010/11,15,NK Domžale-Rudar Velenje,2010-10-31,15:00:00,NK Domžale,Rudar Velenje,2,3,2:3 (0:2),1,,,
976,2010/11,16,NK Nafta-NK Celje,2010-11-06,16:00:00,NK Nafta,NK Celje,2,2,2:2 (0:1),0,,,
977,2010/11,16,ND Gorica-NK Domžale,2010-11-06,16:00:00,ND Gorica,NK Domžale,0,3,0:3 (0:2),1,,,
978,2010/11,16,Rudar Velenje-ND Triglav 2000,2010-11-06,16:00:00,Rudar Velenje,ND Triglav 2000,5,0,5:0 (1:0),1,,,
979,2010/11,16,NK Maribor-FC Koper,2010-11-06,17:00:00,NK Maribor,FC Koper,2,0,2:0 (2:0),1,,,
980,2010/11,16,Olimpija Ljubljana-NK Primorje,2010-11-06,17:00:00,Olimpija Ljubljana,NK Primorje,3,0,3:0 (1:0),1,,,
981,2010/11,17,Rudar Velenje-NK Nafta,2010-11-13,16:00:00,Rudar Velenje,NK Nafta,0,0,0:0 (0:0),0,,,
982,2010/11,17,FC Koper-NK Celje,2010-11-13,16:00:00,FC Koper,NK Celje,7,3,7:3 (4:3),1,,,
983,2010/11,17,NK Primorje-NK Maribor,2010-11-14,12:00:00,NK Primorje,NK Maribor,0,0,0:0 (0:0),0,,,
984,2010/11,17,ND Triglav 2000-ND Gorica,2010-11-14,13:00:00,ND Triglav 2000,ND Gorica,2,0,2:0 (1:0),1,,,
985,2010/11,17,NK Domžale-Olimpija Ljubljana,2010-11-14,16:00:00,NK Domžale,Olimpija Ljubljana,2,1,2:1 (1:0),1,,,
986,2010/11,18,NK Celje-NK Primorje,2010-11-20,16:00:00,NK Celje,NK Primorje,3,0,3:0 (1:0),1,,,
987,2010/11,18,ND Gorica-Rudar Velenje,2010-11-20,16:00:00,ND Gorica,Rudar Velenje,1,1,1:1 (0:1),0,,,
988,2010/11,18,NK Nafta-FC Koper,2010-11-20,16:30:00,NK Nafta,FC Koper,0,2,0:2 (0:1),1,,,
989,2010/11,18,Olimpija Ljubljana-ND Triglav 2000,2010-11-20,17:00:00,Olimpija Ljubljana,ND Triglav 2000,1,0,1:0 (0:0),1,,,
990,2010/11,18,NK Maribor-NK Domžale,2010-11-20,18:00:00,NK Maribor,NK Domžale,1,1,1:1 (0:0),0,,,
991,2010/11,19,ND Gorica-NK Nafta,2010-11-27,16:00:00,ND Gorica,NK Nafta,1,0,1:0 (0:0),1,,,
992,2010/11,19,NK Maribor-ND Triglav 2000,2010-11-27,17:00:00,NK Maribor,ND Triglav 2000,3,1,3:1 (1:1),1,,,
993,2010/11,19,FC Koper-NK Primorje,2010-11-27,17:00:00,FC Koper,NK Primorje,2,1,2:1 (0:0),1,,,
994,2010/11,19,NK Celje-NK Domžale,2011-02-20,14:00:00,NK Celje,NK Domžale,0,0,0:0 (0:0),0,,,
995,2010/11,19,Olimpija Ljubljana-Rudar Velenje,2011-02-22,17:00:00,Olimpija Ljubljana,Rudar Velenje,2,2,2:2 (1:1),0,,,
996,2010/11,20,Rudar Velenje-NK Maribor,2011-02-26,13:00:00,Rudar Velenje,NK Maribor,2,4,2:4 (1:1),1,,,
997,2010/11,20,NK Nafta-NK Primorje,2011-02-26,14:00:00,NK Nafta,NK Primorje,1,2,1:2 (0:1),1,,,
998,2010/11,20,NK Domžale-FC Koper,2011-02-26,14:00:00,NK Domžale,FC Koper,1,2,1:2 (0:1),1,,,
999,2010/11,20,ND Gorica-Olimpija Ljubljana,2011-02-26,15:00:00,ND Gorica,Olimpija Ljubljana,1,3,1:3 (1:2),1,,,
1000,2010/11,20,ND Triglav 2000-NK Celje,2011-02-27,14:00:00,ND Triglav 2000,NK Celje,0,0,0:0 (0:0),0,,,
1001,2010/11,21,NK Celje-Rudar Velenje,2011-03-05,15:00:00,NK Celje,Rudar Velenje,1,0,1:0 (1:0),1,,,
1002,2010/11,21,Olimpija Ljubljana-NK Nafta,2011-03-05,17:00:00,Olimpija Ljubljana,NK Nafta,2,0,2:0 (0:0),1,,,
1003,2010/11,21,NK Maribor-ND Gorica,2011-03-05,17:00:00,NK Maribor,ND Gorica,1,2,1:2 (1:2),1,,,
1004,2010/11,21,FC Koper-ND Triglav 2000,2011-03-05,17:00:00,FC Koper,ND Triglav 2000,0,1,0:1 (0:1),1,,,
1005,2010/11,21,NK Primorje-NK Domžale,2011-03-06,14:00:00,NK Primorje,NK Domžale,0,0,0:0 (0:0),0,,,
1006,2010/11,22,NK Nafta-NK Domžale,2011-03-12,15:00:00,NK Nafta,NK Domžale,2,3,2:3 (1:2),1,,,
1007,2010/11,22,Rudar Velenje-FC Koper,2011-03-12,15:00:00,Rudar Velenje,FC Koper,0,1,0:1 (0:0),1,,,
1008,2010/11,22,ND Gorica-NK Celje,2011-03-12,17:00:00,ND Gorica,NK Celje,1,1,1:1 (0:1),0,,,
1009,2010/11,22,Olimpija Ljubljana-NK Maribor,2011-03-12,19:30:00,Olimpija Ljubljana,NK Maribor,0,0,0:0 (0:0),0,,,
1010,2010/11,22,ND Triglav 2000-NK Primorje,2011-03-13,14:00:00,ND Triglav 2000,NK Primorje,2,0,2:0 (0:0),1,,,
1011,2010/11,23,NK Primorje-Rudar Velenje,2011-03-16,14:00:00,NK Primorje,Rudar Velenje,0,6,0:6 (0:4),1,,,
1012,2010/11,23,NK Celje-Olimpija Ljubljana,2011-03-16,16:00:00,NK Celje,Olimpija Ljubljana,1,3,1:3 (0:0),1,,,
1013,2010/11,23,NK Domžale-ND Triglav 2000,2011-03-16,16:00:00,NK Domžale,ND Triglav 2000,3,1,3:1 (3:1),1,,,
1014,2010/11,23,NK Maribor-NK Nafta,2011-03-16,17:00:00,NK Maribor,NK Nafta,0,1,0:1 (0:1),1,,,
1015,2010/11,23,FC Koper-ND Gorica,2011-03-16,17:00:00,FC Koper,ND Gorica,2,2,2:2 (1:1),0,,,
1016,2010/11,24,Rudar Velenje-NK Domžale,2011-03-19,15:00:00,Rudar Velenje,NK Domžale,3,1,3:1 (1:1),1,,,
1017,2010/11,24,Olimpija Ljubljana-FC Koper,2011-03-19,15:00:00,Olimpija Ljubljana,FC Koper,4,0,4:0 (1:0),1,,,
1018,2010/11,24,NK Nafta-ND Triglav 2000,2011-03-19,17:00:00,NK Nafta,ND Triglav 2000,1,1,1:1 (1:1),0,,,
1019,2010/11,24,ND Gorica-NK Primorje,2011-03-19,17:00:00,ND Gorica,NK Primorje,4,1,4:1 (3:0),1,,,
1020,2010/11,24,NK Maribor-NK Celje,2011-03-19,19:15:00,NK Maribor,NK Celje,2,0,2:0 (2:0),1,,,
1021,2010/11,25,NK Celje-NK Nafta,2011-04-01,17:00:00,NK Celje,NK Nafta,3,0,3:0 (1:0),1,,,
1022,2010/11,25,NK Domžale-ND Gorica,2011-04-01,19:00:00,NK Domžale,ND Gorica,2,0,2:0 (1:0),1,,,
1023,2010/11,25,NK Primorje-Olimpija Ljubljana,2011-04-02,15:30:00,NK Primorje,Olimpija Ljubljana,2,2,2:2 (1:2),0,,,
1024,2010/11,25,ND Triglav 2000-Rudar Velenje,2011-04-02,15:30:00,ND Triglav 2000,Rudar Velenje,1,4,1:4 (0:2),1,,,
1025,2010/11,25,FC Koper-NK Maribor,2011-04-02,19:15:00,FC Koper,NK Maribor,3,0,3:0 (0:0),1,,,
1026,2010/11,26,NK Nafta-Rudar Velenje,2011-04-05,16:00:00,NK Nafta,Rudar Velenje,1,2,1:2 (1:2),1,,,
1027,2010/11,26,ND Gorica-ND Triglav 2000,2011-04-05,17:00:00,ND Gorica,ND Triglav 2000,1,0,1:0 (1:0),1,,,
1028,2010/11,26,Olimpija Ljubljana-NK Domžale,2011-04-05,17:00:00,Olimpija Ljubljana,NK Domžale,0,0,0:0 (0:0),0,,,
1029,2010/11,26,NK Maribor-NK Primorje,2011-04-05,17:00:00,NK Maribor,NK Primorje,2,0,2:0 (0:0),1,,,
1030,2010/11,26,NK Celje-FC Koper,2011-04-06,17:00:00,NK Celje,FC Koper,0,3,0:3 (0:1),1,,,
1031,2010/11,27,NK Primorje-NK Celje,2011-04-09,15:30:00,NK Primorje,NK Celje,0,1,0:1 (0:0),1,,,
1032,2010/11,27,FC Koper-NK Nafta,2011-04-09,16:00:00,FC Koper,NK Nafta,4,1,4:1 (2:1),1,,,
1033,2010/11,27,Rudar Velenje-ND Gorica,2011-04-09,17:00:00,Rudar Velenje,ND Gorica,0,1,0:1 (0:0),1,,,
1034,2010/11,27,NK Domžale-NK Maribor,2011-04-09,19:15:00,NK Domžale,NK Maribor,2,2,2:2 (0:2),0,,,
1035,2010/11,27,ND Triglav 2000-Olimpija Ljubljana,2011-04-10,15:30:00,ND Triglav 2000,Olimpija Ljubljana,1,4,1:4 (0:3),1,,,
1036,2010/11,28,NK Domžale-NK Celje,2011-04-15,19:00:00,NK Domžale,NK Celje,2,0,2:0 (0:0),1,,,
1037,2010/11,28,NK Primorje-FC Koper,2011-04-16,16:00:00,NK Primorje,FC Koper,1,1,1:1 (1:0),0,,,
1038,2010/11,28,NK Nafta-ND Gorica,2011-04-16,17:00:00,NK Nafta,ND Gorica,1,4,1:4 (0:4),1,,,
1039,2010/11,28,Rudar Velenje-Olimpija Ljubljana,2011-04-16,19:15:00,Rudar Velenje,Olimpija Ljubljana,1,3,1:3 (1:2),1,,,
1040,2010/11,28,ND Triglav 2000-NK Maribor,2011-04-17,16:00:00,ND Triglav 2000,NK Maribor,1,2,1:2 (1:1),1,,,
1041,2010/11,29,NK Celje-ND Triglav 2000,2011-04-22,17:00:00,NK Celje,ND Triglav 2000,2,0,2:0 (1:0),1,,,
1042,2010/11,29,Olimpija Ljubljana-ND Gorica,2011-04-22,19:00:00,Olimpija Ljubljana,ND Gorica,1,0,1:0 (1:0),1,,,
1043,2010/11,29,NK Primorje-NK Nafta,2011-04-23,16:00:00,NK Primorje,NK Nafta,1,4,1:4 (1:1),1,,,
1044,2010/11,29,FC Koper-NK Domžale,2011-04-23,19:00:00,FC Koper,NK Domžale,3,1,3:1 (1:0),1,,,
1045,2010/11,29,NK Maribor-Rudar Velenje,2011-04-23,19:00:00,NK Maribor,Rudar Velenje,2,1,2:1 (1:1),1,,,
1046,2010/11,30,Rudar Velenje-NK Celje,2011-04-30,16:00:00,Rudar Velenje,NK Celje,1,0,1:0 (0:0),1,,,
1047,2010/11,30,ND Triglav 2000-FC Koper,2011-04-30,16:00:00,ND Triglav 2000,FC Koper,0,0,0:0 (0:0),0,,,
1048,2010/11,30,NK Nafta-Olimpija Ljubljana,2011-04-30,17:00:00,NK Nafta,Olimpija Ljubljana,1,2,1:2 (0:0),1,,,
1049,2010/11,30,NK Domžale-NK Primorje,2011-04-30,18:00:00,NK Domžale,NK Primorje,1,0,1:0 (0:0),1,,,
1050,2010/11,30,ND Gorica-NK Maribor,2011-04-30,19:00:00,ND Gorica,NK Maribor,0,6,0:6 (0:3),1,,,
1051,2010/11,31,NK Celje-ND Gorica,2011-05-03,17:00:00,NK Celje,ND Gorica,3,1,3:1 (2:1),1,,,
1052,2010/11,31,NK Primorje-ND Triglav 2000,2011-05-04,16:00:00,NK Primorje,ND Triglav 2000,1,0,1:0 (0:0),1,,,
1053,2010/11,31,NK Domžale-NK Nafta,2011-05-04,17:00:00,NK Domžale,NK Nafta,3,2,3:2 (1:1),1,,,
1054,2010/11,31,FC Koper-Rudar Velenje,2011-05-04,17:00:00,FC Koper,Rudar Velenje,3,3,3:3 (0:2),0,,,
1055,2010/11,31,NK Maribor-Olimpija Ljubljana,2011-05-04,17:00:00,NK Maribor,Olimpija Ljubljana,2,2,2:2 (1:1),0,,,
1056,2010/11,32,Rudar Velenje-NK Primorje,2011-05-07,17:00:00,Rudar Velenje,NK Primorje,0,1,0:1 (0:0),1,,,
1057,2010/11,32,NK Nafta-NK Maribor,2011-05-07,17:30:00,NK Nafta,NK Maribor,1,1,1:1 (1:0),0,,,
1058,2010/11,32,Olimpija Ljubljana-NK Celje,2011-05-07,19:00:00,Olimpija Ljubljana,NK Celje,3,1,3:1 (0:0),1,,,
1059,2010/11,32,ND Gorica-FC Koper,2011-05-07,19:00:00,ND Gorica,FC Koper,0,0,0:0 (0:0),0,,,
1060,2010/11,32,ND Triglav 2000-NK Domžale,2011-05-08,16:00:00,ND Triglav 2000,NK Domžale,2,4,2:4 (0:3),1,,,
1061,2010/11,33,NK Celje-NK Maribor,2011-05-10,19:00:00,NK Celje,NK Maribor,0,0,0:0 (0:0),0,,,
1062,2010/11,33,ND Triglav 2000-NK Nafta,2011-05-11,16:00:00,ND Triglav 2000,NK Nafta,4,0,4:0 (3:0),1,,,
1063,2010/11,33,NK Primorje-ND Gorica,2011-05-11,16:00:00,NK Primorje,ND Gorica,2,3,2:3 (2:1),1,,,
1064,2010/11,33,FC Koper-Olimpija Ljubljana,2011-05-11,17:00:00,FC Koper,Olimpija Ljubljana,2,1,2:1 (1:1),1,,,
1065,2010/11,33,NK Domžale-Rudar Velenje,2011-05-11,19:00:00,NK Domžale,Rudar Velenje,2,0,2:0 (2:0),1,,,
1066,2010/11,34,Rudar Velenje-ND Triglav 2000,2011-05-14,17:00:00,Rudar Velenje,ND Triglav 2000,0,0,0:0 (0:0),0,,,
1067,2010/11,34,NK Nafta-NK Celje,2011-05-14,17:30:00,NK Nafta,NK Celje,0,0,0:0 (0:0),0,,,
1068,2010/11,34,NK Maribor-FC Koper,2011-05-14,17:30:00,NK Maribor,FC Koper,1,1,1:1 (0:1),0,,,
1069,2010/11,34,Olimpija Ljubljana-NK Primorje,2011-05-14,19:00:00,Olimpija Ljubljana,NK Primorje,5,0,5:0 (4:0),1,,,
1070,2010/11,34,ND Gorica-NK Domžale,2011-05-14,19:15:00,ND Gorica,NK Domžale,2,1,2:1 (1:0),1,,,
1071,2010/11,35,Rudar Velenje-NK Nafta,2011-05-21,17:00:00,Rudar Velenje,NK Nafta,4,0,4:0 (0:0),1,,,
1072,2010/11,35,ND Triglav 2000-ND Gorica,2011-05-21,17:00:00,ND Triglav 2000,ND Gorica,1,0,1:0 (0:0),1,,,
1073,2010/11,35,NK Domžale-Olimpija Ljubljana,2011-05-21,17:00:00,NK Domžale,Olimpija Ljubljana,3,0,3:0 (1:0),1,,,
1074,2010/11,35,NK Primorje-NK Maribor,2011-05-21,17:00:00,NK Primorje,NK Maribor,1,2,1:2 (1:0),1,,,
1075,2010/11,35,FC Koper-NK Celje,2011-05-21,17:00:00,FC Koper,NK Celje,1,0,1:0 (1:0),1,,,
1076,2010/11,36,NK Nafta-FC Koper,2011-05-29,16:00:00,NK Nafta,FC Koper,2,1,2:1 (1:1),1,,,
1077,2010/11,36,NK Celje-NK Primorje,2011-05-29,16:00:00,NK Celje,NK Primorje,2,3,2:3 (1:3),1,,,
1078,2010/11,36,NK Maribor-NK Domžale,2011-05-29,16:00:00,NK Maribor,NK Domžale,2,0,2:0 (1:0),1,,,
1079,2010/11,36,Olimpija Ljubljana-ND Triglav 2000,2011-05-29,16:00:00,Olimpija Ljubljana,ND Triglav 2000,1,3,1:3 (0:2),1,,,
1080,2010/11,36,ND Gorica-Rudar Velenje,2011-05-29,16:00:00,ND Gorica,Rudar Velenje,0,0,0:0 (0:0),0,,,
1081,2011/12,1,NK Maribor-ND Gorica,2011-07-16,19:00:00,NK Maribor,ND Gorica,2,1,2:1 (0:0),1,,,
1082,2011/12,1,ND Triglav 2000-NK Nafta,2011-07-17,17:00:00,ND Triglav 2000,NK Nafta,2,1,2:1 (1:0),1,,,
1083,2011/12,1,ND Mura 05-FC Koper,2011-07-17,17:00:00,ND Mura 05,FC Koper,1,0,1:0 (1:0),1,,,
1084,2011/12,1,Rudar Velenje-NK Domžale,2011-07-17,18:00:00,Rudar Velenje,NK Domžale,0,2,0:2 (0:0),1,,,
1085,2011/12,1,Olimpija Ljubljana-NK Celje,2011-07-17,19:00:00,Olimpija Ljubljana,NK Celje,0,3,0:3 (0:0),1,,,
1086,2011/12,2,Rudar Velenje-ND Triglav 2000,2011-07-23,18:20:00,Rudar Velenje,ND Triglav 2000,5,0,5:0 (2:0),1,,,
1087,2011/12,2,ND Gorica-ND Mura 05,2011-07-23,19:00:00,ND Gorica,ND Mura 05,1,1,1:1 (1:0),0,,,
1088,2011/12,2,NK Nafta-NK Maribor,2011-07-23,19:00:00,NK Nafta,NK Maribor,1,2,1:2 (0:1),1,,,
1089,2011/12,2,NK Domžale-NK Celje,2011-07-24,19:00:00,NK Domžale,NK Celje,1,0,1:0 (1:0),1,,,
1090,2011/12,2,FC Koper-Olimpija Ljubljana,2011-07-24,20:00:00,FC Koper,Olimpija Ljubljana,1,1,1:1 (1:0),0,,,
1091,2011/12,3,NK Maribor-Rudar Velenje,2011-07-30,19:00:00,NK Maribor,Rudar Velenje,2,1,2:1 (0:0),1,,,
1092,2011/12,3,NK Celje-FC Koper,2011-07-30,19:00:00,NK Celje,FC Koper,2,0,2:0 (0:0),1,,,
1093,2011/12,3,ND Triglav 2000-NK Domžale,2011-07-31,17:00:00,ND Triglav 2000,NK Domžale,0,4,0:4 (0:2),1,,,
1094,2011/12,3,ND Mura 05-NK Nafta,2011-07-31,17:00:00,ND Mura 05,NK Nafta,0,2,0:2 (0:1),1,,,
1095,2011/12,3,Olimpija Ljubljana-ND Gorica,2011-07-31,19:00:00,Olimpija Ljubljana,ND Gorica,2,1,2:1 (1:1),1,,,
1096,2011/12,4,ND Triglav 2000-NK Maribor,2011-08-06,17:00:00,ND Triglav 2000,NK Maribor,0,2,0:2 (0:1),1,,,
1097,2011/12,4,Rudar Velenje-ND Mura 05,2011-08-06,18:00:00,Rudar Velenje,ND Mura 05,1,0,1:0 (1:0),1,,,
1098,2011/12,4,NK Domžale-FC Koper,2011-08-06,19:00:00,NK Domžale,FC Koper,1,1,1:1 (1:0),0,,,
1099,2011/12,4,ND Gorica-NK Celje,2011-08-06,19:00:00,ND Gorica,NK Celje,2,0,2:0 (2:0),1,,,
1100,2011/12,4,NK Nafta-Olimpija Ljubljana,2011-08-07,18:00:00,NK Nafta,Olimpija Ljubljana,1,1,1:1 (0:0),0,,,
1101,2011/12,5,NK Celje-NK Nafta,2011-08-12,18:00:00,NK Celje,NK Nafta,1,1,1:1 (0:0),0,,,
1102,2011/12,5,NK Maribor-NK Domžale,2011-08-13,19:00:00,NK Maribor,NK Domžale,0,0,0:0 (0:0),0,,,
1103,2011/12,5,FC Koper-ND Gorica,2011-08-13,19:00:00,FC Koper,ND Gorica,0,4,0:4 (0:1),1,,,
1104,2011/12,5,ND Mura 05-ND Triglav 2000,2011-08-14,16:00:00,ND Mura 05,ND Triglav 2000,0,1,0:1 (0:0),1,,,
1105,2011/12,5,Olimpija Ljubljana-Rudar Velenje,2011-08-14,18:00:00,Olimpija Ljubljana,Rudar Velenje,3,1,3:1 (2:1),1,,,
1106,2011/12,6,NK Nafta-FC Koper,2011-08-19,19:00:00,NK Nafta,FC Koper,0,0,0:0 (0:0),0,,,
1107,2011/12,6,Rudar Velenje-NK Celje,2011-08-20,18:00:00,Rudar Velenje,NK Celje,3,3,3:3 (2:2),0,,,
1108,2011/12,6,NK Domžale-ND Gorica,2011-08-20,19:00:00,NK Domžale,ND Gorica,0,3,0:3 (0:0),1,,,
1109,2011/12,6,ND Triglav 2000-Olimpija Ljubljana,2011-08-21,16:00:00,ND Triglav 2000,Olimpija Ljubljana,0,1,0:1 (0:0),1,,,
1110,2011/12,6,NK Maribor-ND Mura 05,2011-08-21,18:00:00,NK Maribor,ND Mura 05,6,0,6:0 (3:0),1,,,
1111,2011/12,7,NK Celje-ND Triglav 2000,2011-08-27,17:00:00,NK Celje,ND Triglav 2000,1,2,1:2 (1:1),1,,,
1112,2011/12,7,FC Koper-Rudar Velenje,2011-08-27,19:30:00,FC Koper,Rudar Velenje,1,1,1:1 (1:0),0,,,
1113,2011/12,7,ND Mura 05-NK Domžale,2011-08-28,16:00:00,ND Mura 05,NK Domžale,1,1,1:1 (1:0),0,,,
1114,2011/12,7,Olimpija Ljubljana-NK Maribor,2011-08-28,18:00:00,Olimpija Ljubljana,NK Maribor,4,1,4:1 (3:0),1,,,
1115,2011/12,7,ND Gorica-NK Nafta,2011-08-28,19:00:00,ND Gorica,NK Nafta,2,1,2:1 (1:0),1,,,
1116,2011/12,8,Rudar Velenje-ND Gorica,2011-09-10,18:00:00,Rudar Velenje,ND Gorica,1,0,1:0 (0:0),1,,,
1117,2011/12,8,NK Domžale-NK Nafta,2011-09-10,19:00:00,NK Domžale,NK Nafta,2,1,2:1 (1:0),1,,,
1118,2011/12,8,NK Maribor-NK Celje,2011-09-10,19:00:00,NK Maribor,NK Celje,5,2,5:2 (2:2),1,,,
1119,2011/12,8,ND Mura 05-Olimpija Ljubljana,2011-09-11,14:00:00,ND Mura 05,Olimpija Ljubljana,4,2,4:2 (2:1),1,,,
1120,2011/12,8,ND Triglav 2000-FC Koper,2011-09-11,15:00:00,ND Triglav 2000,FC Koper,0,3,0:3 (0:1),1,,,
1121,2011/12,9,Olimpija Ljubljana-NK Domžale,2011-09-17,17:00:00,Olimpija Ljubljana,NK Domžale,3,1,3:1 (2:1),1,,,
1122,2011/12,9,NK Celje-ND Mura 05,2011-09-17,17:00:00,NK Celje,ND Mura 05,0,1,0:1 (0:1),1,,,
1123,2011/12,9,ND Gorica-ND Triglav 2000,2011-09-17,19:00:00,ND Gorica,ND Triglav 2000,0,0,0:0 (0:0),0,,,
1124,2011/12,9,NK Nafta-Rudar Velenje,2011-09-17,19:00:00,NK Nafta,Rudar Velenje,1,2,1:2 (1:1),1,,,
1125,2011/12,9,FC Koper-NK Maribor,2011-09-18,19:00:00,FC Koper,NK Maribor,2,2,2:2 (1:1),0,,,
1126,2011/12,10,NK Domžale-Rudar Velenje,2011-09-20,19:00:00,NK Domžale,Rudar Velenje,2,3,2:3 (0:2),1,,,
1127,2011/12,10,NK Celje-Olimpija Ljubljana,2011-09-21,17:00:00,NK Celje,Olimpija Ljubljana,0,0,0:0 (0:0),0,,,
1128,2011/12,10,NK Nafta-ND Triglav 2000,2011-09-21,19:00:00,NK Nafta,ND Triglav 2000,1,0,1:0 (0:0),1,,,
1129,2011/12,10,ND Gorica-NK Maribor,2011-09-21,19:00:00,ND Gorica,NK Maribor,1,1,1:1 (0:0),0,,,
1130,2011/12,10,FC Koper-ND Mura 05,2011-09-21,19:00:00,FC Koper,ND Mura 05,0,0,0:0 (0:0),0,,,
1131,2011/12,11,NK Celje-NK Domžale,2011-09-24,17:00:00,NK Celje,NK Domžale,3,0,3:0 (0:0),1,,,
1132,2011/12,11,Olimpija Ljubljana-FC Koper,2011-09-24,19:00:00,Olimpija Ljubljana,FC Koper,3,1,3:1 (3:0),1,,,
1133,2011/12,11,ND Mura 05-ND Gorica,2011-09-25,14:00:00,ND Mura 05,ND Gorica,1,0,1:0 (1:0),1,,,
1134,2011/12,11,ND Triglav 2000-Rudar Velenje,2011-09-25,14:00:00,ND Triglav 2000,Rudar Velenje,0,0,0:0 (0:0),0,,,
1135,2011/12,11,NK Maribor-NK Nafta,2011-09-25,17:00:00,NK Maribor,NK Nafta,0,2,0:2 (0:1),1,,,
1136,2011/12,12,FC Koper-NK Celje,2011-09-27,17:00:00,FC Koper,NK Celje,1,2,1:2 (1:1),1,,,
1137,2011/12,12,NK Domžale-ND Triglav 2000,2011-09-28,17:00:00,NK Domžale,ND Triglav 2000,2,0,2:0 (1:0),1,,,
1138,2011/12,12,NK Nafta-ND Mura 05,2011-09-28,17:00:00,NK Nafta,ND Mura 05,2,2,2:2 (1:1),0,,,
1139,2011/12,12,ND Gorica-Olimpija Ljubljana,2011-09-28,17:00:00,ND Gorica,Olimpija Ljubljana,2,1,2:1 (2:0),1,,,
1140,2011/12,12,Rudar Velenje-NK Maribor,2011-11-12,15:00:00,Rudar Velenje,NK Maribor,0,3,0:3 (0:1),1,,,
1141,2011/12,13,Olimpija Ljubljana-NK Nafta,2011-10-01,18:00:00,Olimpija Ljubljana,NK Nafta,1,1,1:1 (0:1),0,,,
1142,2011/12,13,FC Koper-NK Domžale,2011-10-01,19:05:00,FC Koper,NK Domžale,2,1,2:1 (2:0),1,,,
1143,2011/12,13,ND Mura 05-Rudar Velenje,2011-10-02,14:00:00,ND Mura 05,Rudar Velenje,0,0,0:0 (0:0),0,,,
1144,2011/12,13,NK Celje-ND Gorica,2011-10-02,17:00:00,NK Celje,ND Gorica,1,2,1:2 (1:0),1,,,
1145,2011/12,13,NK Maribor-ND Triglav 2000,2011-10-02,17:00:00,NK Maribor,ND Triglav 2000,2,0,2:0 (0:0),1,,,
1146,2011/12,14,ND Gorica-FC Koper,2011-10-15,15:00:00,ND Gorica,FC Koper,4,1,4:1 (0:0),1,,,
1147,2011/12,14,NK Nafta-NK Celje,2011-10-15,17:00:00,NK Nafta,NK Celje,0,2,0:2 (0:0),1,,,
1148,2011/12,14,NK Domžale-NK Maribor,2011-10-15,19:00:00,NK Domžale,NK Maribor,1,4,1:4 (0:1),1,,,
1149,2011/12,14,Rudar Velenje-Olimpija Ljubljana,2011-10-15,19:00:00,Rudar Velenje,Olimpija Ljubljana,2,2,2:2 (1:0),0,,,
1150,2011/12,14,ND Triglav 2000-ND Mura 05,2011-10-16,14:00:00,ND Triglav 2000,ND Mura 05,1,2,1:2 (1:1),1,,,
1151,2011/12,15,NK Celje-Rudar Velenje,2011-10-22,16:00:00,NK Celje,Rudar Velenje,2,3,2:3 (2:0),1,,,
1152,2011/12,15,Olimpija Ljubljana-ND Triglav 2000,2011-10-22,17:00:00,Olimpija Ljubljana,ND Triglav 2000,1,0,1:0 (0:0),1,,,
1153,2011/12,15,ND Gorica-NK Domžale,2011-10-22,19:05:00,ND Gorica,NK Domžale,0,3,0:3 (0:1),1,,,
1154,2011/12,15,ND Mura 05-NK Maribor,2011-10-23,14:00:00,ND Mura 05,NK Maribor,1,3,1:3 (1:1),1,,,
1155,2011/12,15,FC Koper-NK Nafta,2011-10-23,15:00:00,FC Koper,NK Nafta,4,1,4:1 (3:1),1,,,
1156,2011/12,16,NK Domžale-ND Mura 05,2011-10-29,14:00:00,NK Domžale,ND Mura 05,2,1,2:1 (2:0),1,,,
1157,2011/12,16,Rudar Velenje-FC Koper,2011-10-29,15:00:00,Rudar Velenje,FC Koper,0,1,0:1 (0:0),1,,,
1158,2011/12,16,NK Nafta-ND Gorica,2011-10-29,17:00:00,NK Nafta,ND Gorica,2,3,2:3 (0:1),1,,,
1159,2011/12,16,ND Triglav 2000-NK Celje,2011-10-30,13:00:00,ND Triglav 2000,NK Celje,0,1,0:1 (0:1),1,,,
1160,2011/12,16,NK Maribor-Olimpija Ljubljana,2011-10-30,17:00:00,NK Maribor,Olimpija Ljubljana,2,2,2:2 (1:2),0,,,
1161,2011/12,17,NK Nafta-NK Domžale,2011-11-05,15:00:00,NK Nafta,NK Domžale,2,1,2:1 (0:1),1,,,
1162,2011/12,17,ND Gorica-Rudar Velenje,2011-11-05,17:00:00,ND Gorica,Rudar Velenje,2,2,2:2 (1:1),0,,,
1163,2011/12,17,FC Koper-ND Triglav 2000,2011-11-05,17:00:00,FC Koper,ND Triglav 2000,3,0,3:0 (3:0),1,,,
1164,2011/12,17,NK Celje-NK Maribor,2011-11-06,14:00:00,NK Celje,NK Maribor,2,3,2:3 (1:1),1,,,
1165,2011/12,17,Olimpija Ljubljana-ND Mura 05,2011-11-06,16:00:00,Olimpija Ljubljana,ND Mura 05,3,1,3:1 (2:1),1,,,
1166,2011/12,18,ND Triglav 2000-ND Gorica,2011-11-19,12:30:00,ND Triglav 2000,ND Gorica,0,2,0:2 (0:0),1,,,
1167,2011/12,18,NK Domžale-Olimpija Ljubljana,2011-11-19,14:00:00,NK Domžale,Olimpija Ljubljana,0,1,0:1 (0:1),1,,,
1168,2011/12,18,NK Maribor-FC Koper,2011-11-19,16:00:00,NK Maribor,FC Koper,2,1,2:1 (2:1),1,,,
1169,2011/12,18,Rudar Velenje-NK Nafta,2011-11-19,16:00:00,Rudar Velenje,NK Nafta,2,4,2:4 (0:2),1,,,
1170,2011/12,18,ND Mura 05-NK Celje,2011-11-20,12:30:00,ND Mura 05,NK Celje,4,0,4:0 (3:0),1,,,
1171,2011/12,19,ND Triglav 2000-NK Nafta,2011-11-23,12:30:00,ND Triglav 2000,NK Nafta,1,1,1:1 (0:1),0,,,
1172,2011/12,19,ND Mura 05-FC Koper,2011-11-23,12:30:00,ND Mura 05,FC Koper,1,0,1:0 (1:0),1,,,
1173,2011/12,19,Rudar Velenje-NK Domžale,2011-11-23,16:00:00,Rudar Velenje,NK Domžale,6,0,6:0 (4:0),1,,,
1174,2011/12,19,Olimpija Ljubljana-NK Celje,2011-11-23,16:00:00,Olimpija Ljubljana,NK Celje,0,0,0:0 (0:0),0,,,
1175,2011/12,19,NK Maribor-ND Gorica,2011-11-23,16:30:00,NK Maribor,ND Gorica,2,1,2:1 (0:1),1,,,
1176,2011/12,20,NK Domžale-NK Celje,2011-11-26,12:30:00,NK Domžale,NK Celje,0,2,0:2 (0:1),1,,,
1177,2011/12,20,NK Nafta-NK Maribor,2011-11-26,14:00:00,NK Nafta,NK Maribor,0,3,0:3 (0:1),1,,,
1178,2011/12,20,Rudar Velenje-ND Triglav 2000,2011-11-26,15:00:00,Rudar Velenje,ND Triglav 2000,3,0,3:0 (2:0),1,,,
1179,2011/12,20,ND Gorica-ND Mura 05,2011-11-26,16:00:00,ND Gorica,ND Mura 05,1,2,1:2 (1:0),1,,,
1180,2011/12,20,FC Koper-Olimpija Ljubljana,2011-11-27,14:00:00,FC Koper,Olimpija Ljubljana,2,0,2:0 (0:0),1,,,
1181,2011/12,21,ND Triglav 2000-NK Domžale,2011-12-04,12:00:00,ND Triglav 2000,NK Domžale,1,1,1:1 (0:1),0,,,
1182,2011/12,21,ND Mura 05-NK Nafta,2011-12-04,12:00:00,ND Mura 05,NK Nafta,2,0,2:0 (2:0),1,,,
1183,2011/12,21,Olimpija Ljubljana-ND Gorica,2011-12-04,13:00:00,Olimpija Ljubljana,ND Gorica,1,2,1:2 (1:1),1,,,
1184,2011/12,21,NK Celje-FC Koper,2011-12-04,14:45:00,NK Celje,FC Koper,0,4,0:4 (0:1),1,,,
1185,2011/12,21,NK Maribor-Rudar Velenje,2011-12-04,15:00:00,NK Maribor,Rudar Velenje,1,0,1:0 (0:0),1,,,
1186,2011/12,22,NK Domžale-FC Koper,2012-03-03,12:00:00,NK Domžale,FC Koper,1,0,1:0 (0:0),1,,,
1187,2011/12,22,NK Nafta-Olimpija Ljubljana,2012-03-03,14:00:00,NK Nafta,Olimpija Ljubljana,0,6,0:6 (0:3),1,,,
1188,2011/12,22,ND Gorica-NK Celje,2012-03-03,15:00:00,ND Gorica,NK Celje,1,1,1:1 (1:1),0,,,
1189,2011/12,22,Rudar Velenje-ND Mura 05,2012-03-03,16:00:00,Rudar Velenje,ND Mura 05,1,2,1:2 (0:1),1,,,
1190,2011/12,22,ND Triglav 2000-NK Maribor,2012-03-04,12:00:00,ND Triglav 2000,NK Maribor,2,1,2:1 (1:0),1,,,
1191,2011/12,23,NK Celje-NK Nafta,2012-03-10,14:00:00,NK Celje,NK Nafta,1,1,1:1 (1:1),0,,,
1192,2011/12,23,NK Maribor-NK Domžale,2012-03-10,15:00:00,NK Maribor,NK Domžale,2,1,2:1 (1:1),1,,,
1193,2011/12,23,FC Koper-ND Gorica,2012-03-10,17:00:00,FC Koper,ND Gorica,0,0,0:0 (0:0),0,,,
1194,2011/12,23,ND Mura 05-ND Triglav 2000,2012-03-11,14:00:00,ND Mura 05,ND Triglav 2000,2,0,2:0 (0:0),1,,,
1195,2011/12,23,Olimpija Ljubljana-Rudar Velenje,2012-03-11,14:00:00,Olimpija Ljubljana,Rudar Velenje,2,1,2:1 (2:0),1,,,
1196,2011/12,24,NK Domžale-ND Gorica,2012-03-17,12:00:00,NK Domžale,ND Gorica,1,2,1:2 (0:1),1,,,
1197,2011/12,24,Rudar Velenje-NK Celje,2012-03-17,15:00:00,Rudar Velenje,NK Celje,1,1,1:1 (1:0),0,,,
1198,2011/12,24,NK Nafta-FC Koper,2012-03-17,16:00:00,NK Nafta,FC Koper,1,2,1:2 (0:0),1,,,
1199,2011/12,24,NK Maribor-ND Mura 05,2012-03-17,16:30:00,NK Maribor,ND Mura 05,3,1,3:1 (3:0),1,,,
1200,2011/12,24,ND Triglav 2000-Olimpija Ljubljana,2012-03-18,14:00:00,ND Triglav 2000,Olimpija Ljubljana,0,2,0:2 (0:1),1,,,
1201,2011/12,25,FC Koper-Rudar Velenje,2012-03-20,18:00:00,FC Koper,Rudar Velenje,3,1,3:1 (3:0),1,,,
1202,2011/12,25,ND Mura 05-NK Domžale,2012-03-21,14:00:00,ND Mura 05,NK Domžale,3,4,3:4 (0:1),1,,,
1203,2011/12,25,NK Celje-ND Triglav 2000,2012-03-21,14:00:00,NK Celje,ND Triglav 2000,3,0,3:0 (2:0),1,,,
1204,2011/12,25,ND Gorica-NK Nafta,2012-03-21,14:00:00,ND Gorica,NK Nafta,3,1,3:1 (1:0),1,,,
1205,2011/12,25,Olimpija Ljubljana-NK Maribor,2012-03-21,17:00:00,Olimpija Ljubljana,NK Maribor,1,2,1:2 (0:1),1,,,
1206,2011/12,26,NK Domžale-NK Nafta,2012-03-24,12:00:00,NK Domžale,NK Nafta,0,0,0:0 (0:0),0,,,
1207,2011/12,26,Rudar Velenje-ND Gorica,2012-03-24,16:00:00,Rudar Velenje,ND Gorica,1,0,1:0 (1:0),1,,,
1208,2011/12,26,ND Triglav 2000-FC Koper,2012-03-25,14:00:00,ND Triglav 2000,FC Koper,0,2,0:2 (0:0),1,,,
1209,2011/12,26,ND Mura 05-Olimpija Ljubljana,2012-03-25,14:00:00,ND Mura 05,Olimpija Ljubljana,1,0,1:0 (1:0),1,,,
1210,2011/12,26,NK Maribor-NK Celje,2012-03-25,16:00:00,NK Maribor,NK Celje,3,1,3:1 (1:0),1,,,
1211,2011/12,27,NK Celje-ND Mura 05,2012-03-31,15:00:00,NK Celje,ND Mura 05,1,3,1:3 (1:1),1,,,
1212,2011/12,27,ND Gorica-ND Triglav 2000,2012-03-31,15:00:00,ND Gorica,ND Triglav 2000,1,1,1:1 (1:1),0,,,
1213,2011/12,27,Olimpija Ljubljana-NK Domžale,2012-03-31,16:00:00,Olimpija Ljubljana,NK Domžale,2,0,2:0 (2:0),1,,,
1214,2011/12,27,NK Nafta-Rudar Velenje,2012-03-31,17:00:00,NK Nafta,Rudar Velenje,1,1,1:1 (1:0),0,,,
1215,2011/12,27,FC Koper-NK Maribor,2012-04-01,16:00:00,FC Koper,NK Maribor,2,2,2:2 (1:1),0,,,
1216,2011/12,28,NK Nafta-ND Triglav 2000,2012-04-03,17:00:00,NK Nafta,ND Triglav 2000,1,2,1:2 (0:1),1,,,
1217,2011/12,28,NK Celje-Olimpija Ljubljana,2012-04-03,17:00:00,NK Celje,Olimpija Ljubljana,1,2,1:2 (0:2),1,,,
1218,2011/12,28,NK Domžale-Rudar Velenje,2012-04-04,16:00:00,NK Domžale,Rudar Velenje,1,1,1:1 (1:0),0,,,
1219,2011/12,28,ND Gorica-NK Maribor,2012-04-04,17:00:00,ND Gorica,NK Maribor,0,0,0:0 (0:0),0,,,
1220,2011/12,28,FC Koper-ND Mura 05,2012-04-04,17:00:00,FC Koper,ND Mura 05,3,1,3:1 (2:0),1,,,
1221,2011/12,29,NK Celje-NK Domžale,2012-04-07,15:00:00,NK Celje,NK Domžale,0,2,0:2 (0:1),1,,,
1222,2011/12,29,ND Mura 05-ND Gorica,2012-04-07,15:00:00,ND Mura 05,ND Gorica,0,1,0:1 (0:1),1,,,
1223,2011/12,29,ND Triglav 2000-Rudar Velenje,2012-04-07,15:00:00,ND Triglav 2000,Rudar Velenje,1,5,1:5 (0:2),1,,,
1224,2011/12,29,Olimpija Ljubljana-FC Koper,2012-04-07,17:00:00,Olimpija Ljubljana,FC Koper,0,1,0:1 (0:0),1,,,
1225,2011/12,29,NK Maribor-NK Nafta,2012-04-07,17:00:00,NK Maribor,NK Nafta,6,0,6:0 (3:0),1,,,
1226,2011/12,30,FC Koper-NK Celje,2012-04-14,16:00:00,FC Koper,NK Celje,0,0,0:0 (0:0),0,,,
1227,2011/12,30,Rudar Velenje-NK Maribor,2012-04-14,17:00:00,Rudar Velenje,NK Maribor,0,2,0:2 (0:0),1,,,
1228,2011/12,30,NK Nafta-ND Mura 05,2012-04-14,17:00:00,NK Nafta,ND Mura 05,0,3,0:3 (0:1),1,,,
1229,2011/12,30,NK Domžale-ND Triglav 2000,2012-04-14,19:00:00,NK Domžale,ND Triglav 2000,0,1,0:1 (0:1),1,,,
1230,2011/12,30,ND Gorica-Olimpija Ljubljana,2012-04-14,19:00:00,ND Gorica,Olimpija Ljubljana,2,3,2:3 (0:1),1,,,
1231,2011/12,31,Olimpija Ljubljana-NK Nafta,2012-04-20,18:00:00,Olimpija Ljubljana,NK Nafta,1,0,1:0 (0:0),1,,,
1232,2011/12,31,FC Koper-NK Domžale,2012-04-21,15:00:00,FC Koper,NK Domžale,2,1,2:1 (2:0),1,,,
1233,2011/12,31,NK Celje-ND Gorica,2012-04-22,15:00:00,NK Celje,ND Gorica,0,0,0:0 (0:0),0,,,
1234,2011/12,31,ND Mura 05-Rudar Velenje,2012-04-22,15:00:00,ND Mura 05,Rudar Velenje,1,0,1:0 (0:0),1,,,
1235,2011/12,31,NK Maribor-ND Triglav 2000,2012-04-22,16:30:00,NK Maribor,ND Triglav 2000,8,0,8:0 (4:0),1,,,
1236,2011/12,32,NK Domžale-NK Maribor,2012-04-27,18:00:00,NK Domžale,NK Maribor,0,2,0:2 (0:0),1,,,
1237,2011/12,32,NK Nafta-NK Celje,2012-04-27,19:00:00,NK Nafta,NK Celje,1,3,1:3 (1:2),1,,,
1238,2011/12,32,Rudar Velenje-Olimpija Ljubljana,2012-04-28,17:00:00,Rudar Velenje,Olimpija Ljubljana,0,3,0:3 (0:2),1,,,
1239,2011/12,32,ND Triglav 2000-ND Mura 05,2012-04-29,15:00:00,ND Triglav 2000,ND Mura 05,0,3,0:3 (0:2),1,,,
1240,2011/12,32,ND Gorica-FC Koper,2012-04-29,17:00:00,ND Gorica,FC Koper,0,1,0:1 (0:1),1,,,
1241,2011/12,33,Olimpija Ljubljana-ND Triglav 2000,2012-04-25,17:00:00,Olimpija Ljubljana,ND Triglav 2000,0,0,0:0 (0:0),0,,,
1242,2011/12,33,FC Koper-NK Nafta,2012-05-05,19:00:00,FC Koper,NK Nafta,2,0,2:0 (0:0),1,,,
1243,2011/12,33,ND Mura 05-NK Maribor,2012-05-06,15:00:00,ND Mura 05,NK Maribor,1,3,1:3 (1:1),1,,,
1244,2011/12,33,ND Gorica-NK Domžale,2012-05-06,16:30:00,ND Gorica,NK Domžale,0,0,0:0 (0:0),0,,,
1245,2011/12,33,NK Celje-Rudar Velenje,2012-05-06,16:30:00,NK Celje,Rudar Velenje,1,1,1:1 (1:1),0,,,
1246,2011/12,34,ND Triglav 2000-NK Celje,2012-05-12,16:00:00,ND Triglav 2000,NK Celje,4,3,4:3 (2:0),1,,,
1247,2011/12,34,Rudar Velenje-FC Koper,2012-05-12,16:00:00,Rudar Velenje,FC Koper,0,1,0:1 (0:0),1,,,
1248,2011/12,34,NK Domžale-ND Mura 05,2012-05-12,17:00:00,NK Domžale,ND Mura 05,1,2,1:2 (1:0),1,,,
1249,2011/12,34,NK Nafta-ND Gorica,2012-05-12,17:00:00,NK Nafta,ND Gorica,1,1,1:1 (1:0),0,,,
1250,2011/12,34,NK Maribor-Olimpija Ljubljana,2012-05-12,19:00:00,NK Maribor,Olimpija Ljubljana,3,2,3:2 (2:0),1,,,
1251,2011/12,35,NK Nafta-NK Domžale,2012-05-17,17:00:00,NK Nafta,NK Domžale,0,2,0:2 (0:0),1,,,
1252,2011/12,35,ND Gorica-Rudar Velenje,2012-05-17,17:00:00,ND Gorica,Rudar Velenje,4,1,4:1 (1:1),1,,,
1253,2011/12,35,FC Koper-ND Triglav 2000,2012-05-17,17:00:00,FC Koper,ND Triglav 2000,0,1,0:1 (0:0),1,,,
1254,2011/12,35,NK Celje-NK Maribor,2012-05-17,17:00:00,NK Celje,NK Maribor,1,2,1:2 (1:1),1,,,
1255,2011/12,35,Olimpija Ljubljana-ND Mura 05,2012-05-17,17:00:00,Olimpija Ljubljana,ND Mura 05,3,1,3:1 (1:0),1,,,
1256,2011/12,36,NK Domžale-Olimpija Ljubljana,2012-05-20,16:00:00,NK Domžale,Olimpija Ljubljana,0,1,0:1 (0:0),1,,,
1257,2011/12,36,ND Mura 05-NK Celje,2012-05-20,16:00:00,ND Mura 05,NK Celje,3,0,3:0 (1:0),1,,,
1258,2011/12,36,NK Maribor-FC Koper,2012-05-20,16:00:00,NK Maribor,FC Koper,1,1,1:1 (0:1),0,,,
1259,2011/12,36,ND Triglav 2000-ND Gorica,2012-05-20,16:00:00,ND Triglav 2000,ND Gorica,2,0,2:0 (2:0),1,,,
1260,2011/12,36,Rudar Velenje-NK Nafta,2012-05-20,16:00:00,Rudar Velenje,NK Nafta,5,2,5:2 (4:0),1,,,
1261,2012/13,1,ND Gorica-NK Maribor,2012-07-14,17:00:00,ND Gorica,NK Maribor,1,3,1:3 (0:1),1,,,
1262,2012/13,1,ND Mura 05-Rudar Velenje,2012-07-15,17:00:00,ND Mura 05,Rudar Velenje,1,1,1:1 (0:0),0,,,
1263,2012/13,1,NK Celje-NK Triglav,2012-07-15,19:00:00,NK Celje,NK Triglav,1,0,1:0 (0:0),1,,,
1264,2012/13,1,Olimpija Ljubljana-NK Domžale,2012-07-15,19:00:00,Olimpija Ljubljana,NK Domžale,1,2,1:2 (1:1),1,,,
1265,2012/13,1,NK Aluminij-FC Koper,2012-08-01,16:00:00,NK Aluminij,FC Koper,0,3,0:3 (0:1),1,,,
1266,2012/13,2,NK Maribor-FC Koper,2012-07-21,19:00:00,NK Maribor,FC Koper,0,0,0:0 (0:0),0,,,
1267,2012/13,2,ND Gorica-ND Mura 05,2012-07-22,17:00:00,ND Gorica,ND Mura 05,3,1,3:1 (2:0),1,,,
1268,2012/13,2,NK Triglav-NK Aluminij,2012-07-22,17:00:00,NK Triglav,NK Aluminij,1,0,1:0 (1:0),1,,,
1269,2012/13,2,Rudar Velenje-Olimpija Ljubljana,2012-07-22,18:00:00,Rudar Velenje,Olimpija Ljubljana,0,5,0:5 (0:1),1,,,
1270,2012/13,2,NK Domžale-NK Celje,2012-07-22,19:00:00,NK Domžale,NK Celje,0,1,0:1 (0:0),1,,,
1271,2012/13,3,NK Celje-Rudar Velenje,2012-07-28,19:00:00,NK Celje,Rudar Velenje,1,1,1:1 (1:1),0,,,
1272,2012/13,3,FC Koper-NK Triglav,2012-07-28,19:30:00,FC Koper,NK Triglav,0,0,0:0 (0:0),0,,,
1273,2012/13,3,NK Aluminij-NK Domžale,2012-07-29,17:00:00,NK Aluminij,NK Domžale,0,1,0:1 (0:0),1,,,
1274,2012/13,3,ND Mura 05-NK Maribor,2012-07-29,17:00:00,ND Mura 05,NK Maribor,1,3,1:3 (0:1),1,,,
1275,2012/13,3,Olimpija Ljubljana-ND Gorica,2012-07-29,19:00:00,Olimpija Ljubljana,ND Gorica,1,3,1:3 (0:2),1,,,
1276,2012/13,4,ND Gorica-NK Celje,2012-08-04,17:00:00,ND Gorica,NK Celje,1,1,1:1 (0:1),0,,,
1277,2012/13,4,NK Maribor-NK Triglav,2012-08-04,19:00:00,NK Maribor,NK Triglav,1,0,1:0 (0:0),1,,,
1278,2012/13,4,Rudar Velenje-NK Aluminij,2012-08-04,19:00:00,Rudar Velenje,NK Aluminij,1,2,1:2 (0:1),1,,,
1279,2012/13,4,NK Domžale-FC Koper,2012-08-04,19:00:00,NK Domžale,FC Koper,0,1,0:1 (0:1),1,,,
1280,2012/13,4,ND Mura 05-Olimpija Ljubljana,2012-08-05,17:00:00,ND Mura 05,Olimpija Ljubljana,1,2,1:2 (1:1),1,,,
1281,2012/13,5,FC Koper-Rudar Velenje,2012-08-11,19:30:00,FC Koper,Rudar Velenje,1,0,1:0 (0:0),1,,,
1282,2012/13,5,Olimpija Ljubljana-NK Maribor,2012-08-11,19:30:00,Olimpija Ljubljana,NK Maribor,0,0,0:0 (0:0),0,,,
1283,2012/13,5,NK Triglav-NK Domžale,2012-08-12,16:00:00,NK Triglav,NK Domžale,0,1,0:1 (0:1),1,,,
1284,2012/13,5,NK Aluminij-ND Gorica,2012-08-12,16:00:00,NK Aluminij,ND Gorica,2,1,2:1 (0:0),1,,,
1285,2012/13,5,NK Celje-ND Mura 05,2012-08-12,17:00:00,NK Celje,ND Mura 05,1,0,1:0 (0:0),1,,,
1286,2012/13,6,ND Gorica-FC Koper,2012-08-18,17:00:00,ND Gorica,FC Koper,2,0,2:0 (2:0),1,,,
1287,2012/13,6,NK Maribor-NK Domžale,2012-08-18,19:00:00,NK Maribor,NK Domžale,2,1,2:1 (1:0),1,,,
1288,2012/13,6,Rudar Velenje-NK Triglav,2012-08-18,19:00:00,Rudar Velenje,NK Triglav,1,0,1:0 (1:0),1,,,
1289,2012/13,6,Olimpija Ljubljana-NK Celje,2012-08-18,19:00:00,Olimpija Ljubljana,NK Celje,2,2,2:2 (2:1),0,,,
1290,2012/13,6,ND Mura 05-NK Aluminij,2012-08-19,16:00:00,ND Mura 05,NK Aluminij,1,3,1:3 (0:2),1,,,
1291,2012/13,7,NK Domžale-Rudar Velenje,2012-08-25,19:00:00,NK Domžale,Rudar Velenje,2,0,2:0 (0:0),1,,,
1292,2012/13,7,NK Celje-NK Maribor,2012-08-25,19:00:00,NK Celje,NK Maribor,0,2,0:2 (0:1),1,,,
1293,2012/13,7,NK Triglav-ND Gorica,2012-08-26,16:00:00,NK Triglav,ND Gorica,2,1,2:1 (2:0),1,,,
1294,2012/13,7,NK Aluminij-Olimpija Ljubljana,2012-08-26,16:00:00,NK Aluminij,Olimpija Ljubljana,2,1,2:1 (0:1),1,,,
1295,2012/13,7,FC Koper-ND Mura 05,2012-08-26,19:00:00,FC Koper,ND Mura 05,4,1,4:1 (2:0),1,,,
1296,2012/13,8,ND Gorica-NK Domžale,2012-09-01,16:00:00,ND Gorica,NK Domžale,1,2,1:2 (1:2),1,,,
1297,2012/13,8,NK Celje-NK Aluminij,2012-09-01,17:00:00,NK Celje,NK Aluminij,2,1,2:1 (0:0),1,,,
1298,2012/13,8,NK Maribor-Rudar Velenje,2012-09-01,19:00:00,NK Maribor,Rudar Velenje,4,0,4:0 (2:0),1,,,
1299,2012/13,8,Olimpija Ljubljana-FC Koper,2012-09-01,19:00:00,Olimpija Ljubljana,FC Koper,4,1,4:1 (3:1),1,,,
1300,2012/13,8,ND Mura 05-NK Triglav,2012-09-02,16:00:00,ND Mura 05,NK Triglav,2,1,2:1 (0:0),1,,,
1301,2012/13,9,NK Aluminij-NK Maribor,2012-09-15,15:00:00,NK Aluminij,NK Maribor,1,5,1:5 (1:2),1,,,
1302,2012/13,9,Rudar Velenje-ND Gorica,2012-09-15,18:00:00,Rudar Velenje,ND Gorica,2,2,2:2 (1:1),0,,,
1303,2012/13,9,NK Triglav-Olimpija Ljubljana,2012-09-16,15:00:00,NK Triglav,Olimpija Ljubljana,0,3,0:3 (0:1),1,,,
1304,2012/13,9,NK Domžale-ND Mura 05,2012-09-16,18:00:00,NK Domžale,ND Mura 05,0,2,0:2 (0:2),1,,,
1305,2012/13,9,FC Koper-NK Celje,2012-09-16,19:00:00,FC Koper,NK Celje,1,0,1:0 (0:0),1,,,
1306,2012/13,10,Rudar Velenje-ND Mura 05,2012-09-22,18:00:00,Rudar Velenje,ND Mura 05,2,1,2:1 (0:1),1,,,
1307,2012/13,10,FC Koper-NK Aluminij,2012-09-22,19:00:00,FC Koper,NK Aluminij,0,0,0:0 (0:0),0,,,
1308,2012/13,10,NK Triglav-NK Celje,2012-09-23,15:00:00,NK Triglav,NK Celje,0,0,0:0 (0:0),0,,,
1309,2012/13,10,NK Maribor-ND Gorica,2012-09-23,18:00:00,NK Maribor,ND Gorica,4,0,4:0 (2:0),1,,,
1310,2012/13,10,NK Domžale-Olimpija Ljubljana,2012-09-23,18:00:00,NK Domžale,Olimpija Ljubljana,0,2,0:2 (0:1),1,,,
1311,2012/13,11,NK Aluminij-NK Triglav,2012-09-26,15:00:00,NK Aluminij,NK Triglav,1,0,1:0 (0:0),1,,,
1312,2012/13,11,ND Mura 05-ND Gorica,2012-09-26,15:00:00,ND Mura 05,ND Gorica,3,1,3:1 (1:0),1,,,
1313,2012/13,11,NK Celje-NK Domžale,2012-09-26,16:00:00,NK Celje,NK Domžale,0,0,0:0 (0:0),0,,,
1314,2012/13,11,Olimpija Ljubljana-Rudar Velenje,2012-09-26,16:00:00,Olimpija Ljubljana,Rudar Velenje,2,1,2:1 (2:1),1,,,
1315,2012/13,11,FC Koper-NK Maribor,2012-09-26,19:00:00,FC Koper,NK Maribor,2,3,2:3 (1:3),1,,,
1316,2012/13,12,ND Gorica-Olimpija Ljubljana,2012-09-30,15:00:00,ND Gorica,Olimpija Ljubljana,0,1,0:1 (0:1),1,,,
1317,2012/13,12,NK Triglav-FC Koper,2012-09-30,15:00:00,NK Triglav,FC Koper,4,0,4:0 (1:0),1,,,
1318,2012/13,12,NK Maribor-ND Mura 05,2012-09-30,17:00:00,NK Maribor,ND Mura 05,1,0,1:0 (1:0),1,,,
1319,2012/13,12,Rudar Velenje-NK Celje,2012-09-30,17:00:00,Rudar Velenje,NK Celje,1,0,1:0 (1:0),1,,,
1320,2012/13,12,NK Domžale-NK Aluminij,2012-09-30,17:00:00,NK Domžale,NK Aluminij,2,0,2:0 (0:0),1,,,
1321,2012/13,13,FC Koper-NK Domžale,2012-10-06,17:00:00,FC Koper,NK Domžale,1,2,1:2 (0:1),1,,,
1322,2012/13,13,Olimpija Ljubljana-ND Mura 05,2012-10-06,17:00:00,Olimpija Ljubljana,ND Mura 05,3,1,3:1 (1:1),1,,,
1323,2012/13,13,NK Celje-ND Gorica,2012-10-06,17:30:00,NK Celje,ND Gorica,0,0,0:0 (0:0),0,,,
1324,2012/13,13,NK Triglav-NK Maribor,2012-10-07,14:00:00,NK Triglav,NK Maribor,1,0,1:0 (1:0),1,,,
1325,2012/13,13,NK Aluminij-Rudar Velenje,2012-10-07,14:00:00,NK Aluminij,Rudar Velenje,3,0,3:0 (0:0),1,,,
1326,2012/13,14,ND Gorica-NK Aluminij,2012-10-20,14:00:00,ND Gorica,NK Aluminij,4,1,4:1 (1:1),1,,,
1327,2012/13,14,Rudar Velenje-FC Koper,2012-10-20,17:00:00,Rudar Velenje,FC Koper,0,0,0:0 (0:0),0,,,
1328,2012/13,14,NK Domžale-NK Triglav,2012-10-20,17:00:00,NK Domžale,NK Triglav,2,1,2:1 (0:1),1,,,
1329,2012/13,14,NK Maribor-Olimpija Ljubljana,2012-10-20,19:00:00,NK Maribor,Olimpija Ljubljana,1,0,1:0 (0:0),1,,,
1330,2012/13,14,ND Mura 05-NK Celje,2012-10-21,14:00:00,ND Mura 05,NK Celje,2,2,2:2 (2:1),0,,,
1331,2012/13,15,NK Celje-Olimpija Ljubljana,2012-10-27,16:00:00,NK Celje,Olimpija Ljubljana,1,2,1:2 (1:1),1,,,
1332,2012/13,15,FC Koper-ND Gorica,2012-10-27,17:00:00,FC Koper,ND Gorica,4,0,4:0 (2:0),1,,,
1333,2012/13,15,NK Triglav-Rudar Velenje,2012-11-21,13:00:00,NK Triglav,Rudar Velenje,2,2,2:2 (2:1),0,,,
1334,2012/13,15,NK Aluminij-ND Mura 05,2012-11-21,13:00:00,NK Aluminij,ND Mura 05,0,2,0:2 (0:1),1,,,
1335,2012/13,15,NK Domžale-NK Maribor,2012-11-28,17:00:00,NK Domžale,NK Maribor,2,2,2:2 (0:1),0,,,
1336,2012/13,16,ND Gorica-NK Triglav,2012-11-03,13:00:00,ND Gorica,NK Triglav,2,2,2:2 (1:1),0,,,
1337,2012/13,16,Rudar Velenje-NK Domžale,2012-11-03,16:00:00,Rudar Velenje,NK Domžale,1,0,1:0 (0:0),1,,,
1338,2012/13,16,NK Maribor-NK Celje,2012-11-03,17:00:00,NK Maribor,NK Celje,1,2,1:2 (1:1),1,,,
1339,2012/13,16,Olimpija Ljubljana-NK Aluminij,2012-11-03,17:00:00,Olimpija Ljubljana,NK Aluminij,3,0,3:0 (0:0),1,,,
1340,2012/13,16,ND Mura 05-FC Koper,2012-11-04,13:00:00,ND Mura 05,FC Koper,2,3,2:3 (1:1),1,,,
1341,2012/13,17,NK Triglav-ND Mura 05,2012-11-07,13:00:00,NK Triglav,ND Mura 05,3,1,3:1 (2:0),1,,,
1342,2012/13,17,NK Aluminij-NK Celje,2012-11-07,13:00:00,NK Aluminij,NK Celje,1,2,1:2 (1:0),1,,,
1343,2012/13,17,FC Koper-Olimpija Ljubljana,2012-11-07,16:00:00,FC Koper,Olimpija Ljubljana,2,0,2:0 (1:0),1,,,
1344,2012/13,17,NK Domžale-ND Gorica,2012-11-07,16:00:00,NK Domžale,ND Gorica,0,1,0:1 (0:0),1,,,
1345,2012/13,17,Rudar Velenje-NK Maribor,2013-03-13,16:00:00,Rudar Velenje,NK Maribor,0,3,0:3 (0:1),1,,,
1346,2012/13,18,NK Celje-FC Koper,2012-11-10,13:00:00,NK Celje,FC Koper,0,1,0:1 (0:1),1,,,
1347,2012/13,18,Olimpija Ljubljana-NK Triglav,2012-11-10,15:00:00,Olimpija Ljubljana,NK Triglav,5,1,5:1 (3:0),1,,,
1348,2012/13,18,ND Gorica-Rudar Velenje,2012-11-11,13:00:00,ND Gorica,Rudar Velenje,0,4,0:4 (0:2),1,,,
1349,2012/13,18,ND Mura 05-NK Domžale,2012-11-11,13:00:00,ND Mura 05,NK Domžale,1,2,1:2 (0:1),1,,,
1350,2012/13,18,NK Maribor-NK Aluminij,2012-11-11,15:00:00,NK Maribor,NK Aluminij,2,1,2:1 (2:0),1,,,
1351,2012/13,19,ND Gorica-NK Maribor,2012-11-17,13:00:00,ND Gorica,NK Maribor,1,6,1:6 (1:1),1,,,
1352,2012/13,19,NK Celje-NK Triglav,2012-11-17,13:00:00,NK Celje,NK Triglav,1,2,1:2 (1:1),1,,,
1353,2012/13,19,Olimpija Ljubljana-NK Domžale,2012-11-17,15:00:00,Olimpija Ljubljana,NK Domžale,1,2,1:2 (1:0),1,,,
1354,2012/13,19,NK Aluminij-FC Koper,2012-11-18,13:00:00,NK Aluminij,FC Koper,1,1,1:1 (1:0),0,,,
1355,2012/13,19,ND Mura 05-Rudar Velenje,2012-11-18,13:00:00,ND Mura 05,Rudar Velenje,4,0,4:0 (2:0),1,,,
1356,2012/13,20,ND Gorica-ND Mura 05,2012-11-24,13:00:00,ND Gorica,ND Mura 05,2,0,2:0 (0:0),1,,,
1357,2012/13,20,NK Domžale-NK Celje,2012-11-24,15:00:00,NK Domžale,NK Celje,1,2,1:2 (0:1),1,,,
1358,2012/13,20,NK Triglav-NK Aluminij,2012-11-25,12:00:00,NK Triglav,NK Aluminij,0,0,0:0 (0:0),0,,,
1359,2012/13,20,NK Maribor-FC Koper,2012-11-25,15:00:00,NK Maribor,FC Koper,3,0,3:0 (1:0),1,,,
1360,2012/13,20,Rudar Velenje-Olimpija Ljubljana,2012-11-25,15:00:00,Rudar Velenje,Olimpija Ljubljana,0,1,0:1 (0:0),1,,,
1361,2012/13,21,NK Aluminij-NK Domžale,2012-12-01,12:00:00,NK Aluminij,NK Domžale,1,4,1:4 (0:0),1,,,
1362,2012/13,21,NK Celje-Rudar Velenje,2012-12-01,13:00:00,NK Celje,Rudar Velenje,1,1,1:1 (0:0),0,,,
1363,2012/13,21,Olimpija Ljubljana-ND Gorica,2012-12-01,14:00:00,Olimpija Ljubljana,ND Gorica,2,2,2:2 (0:1),0,,,
1364,2012/13,21,FC Koper-NK Triglav,2012-12-01,16:00:00,FC Koper,NK Triglav,1,1,1:1 (1:0),0,,,
1365,2012/13,21,ND Mura 05-NK Maribor,2012-12-02,12:00:00,ND Mura 05,NK Maribor,1,2,1:2 (0:0),1,,,
1366,2012/13,22,ND Gorica-NK Celje,2013-03-02,13:00:00,ND Gorica,NK Celje,0,0,0:0 (0:0),0,,,
1367,2012/13,22,NK Maribor-NK Triglav,2013-03-02,17:30:00,NK Maribor,NK Triglav,4,1,4:1 (3:0),1,,,
1368,2012/13,22,NK Domžale-FC Koper,2013-03-03,13:00:00,NK Domžale,FC Koper,1,1,1:1 (1:0),0,,,
1369,2012/13,22,Rudar Velenje-NK Aluminij,2013-03-03,14:00:00,Rudar Velenje,NK Aluminij,3,0,3:0 (1:0),1,,,
1370,2012/13,22,ND Mura 05-Olimpija Ljubljana,2013-03-13,14:00:00,ND Mura 05,Olimpija Ljubljana,0,4,0:4 (0:1),1,,,
1371,2012/13,23,NK Celje-ND Mura 05,2013-03-09,16:30:00,NK Celje,ND Mura 05,4,0,4:0 (2:0),1,,,
1372,2012/13,23,FC Koper-Rudar Velenje,2013-03-10,14:00:00,FC Koper,Rudar Velenje,2,2,2:2 (1:1),0,,,
1373,2012/13,23,NK Aluminij-ND Gorica,2013-03-10,14:00:00,NK Aluminij,ND Gorica,1,3,1:3 (0:1),1,,,
1374,2012/13,23,Olimpija Ljubljana-NK Maribor,2013-03-10,16:00:00,Olimpija Ljubljana,NK Maribor,1,1,1:1 (0:1),0,,,
1375,2012/13,23,NK Triglav-NK Domžale,2013-04-24,16:00:00,NK Triglav,NK Domžale,0,0,0:0 (0:0),0,,,
1376,2012/13,24,ND Gorica-FC Koper,2013-03-16,14:00:00,ND Gorica,FC Koper,1,1,1:1 (0:1),0,,,
1377,2012/13,24,Olimpija Ljubljana-NK Celje,2013-03-16,16:30:00,Olimpija Ljubljana,NK Celje,3,1,3:1 (2:0),1,,,
1378,2012/13,24,NK Maribor-NK Domžale,2013-03-16,19:00:00,NK Maribor,NK Domžale,1,3,1:3 (0:3),1,,,
1379,2012/13,24,Rudar Velenje-NK Triglav,2013-03-17,14:00:00,Rudar Velenje,NK Triglav,3,1,3:1 (1:0),1,,,
1380,2012/13,24,ND Mura 05-NK Aluminij,2013-03-17,14:00:00,ND Mura 05,NK Aluminij,1,1,1:1 (1:1),0,,,
1381,2012/13,25,NK Triglav-ND Gorica,2013-04-17,15:00:00,NK Triglav,ND Gorica,2,0,2:0 (1:0),1,,,
1382,2012/13,25,NK Aluminij-Olimpija Ljubljana,2013-04-17,15:00:00,NK Aluminij,Olimpija Ljubljana,2,0,2:0 (1:0),1,,,
1383,2012/13,25,NK Domžale-Rudar Velenje,2013-04-17,16:30:00,NK Domžale,Rudar Velenje,2,0,2:0 (2:0),1,,,
1384,2012/13,25,FC Koper-ND Mura 05,2013-04-17,18:00:00,FC Koper,ND Mura 05,3,1,3:1 (1:0),1,,,
1385,2012/13,25,NK Celje-NK Maribor,2013-04-17,19:30:00,NK Celje,NK Maribor,2,1,2:1 (2:1),1,,,
1386,2012/13,26,ND Gorica-NK Domžale,2013-03-30,14:00:00,ND Gorica,NK Domžale,0,1,0:1 (0:0),1,,,
1387,2012/13,26,NK Celje-NK Aluminij,2013-03-30,14:00:00,NK Celje,NK Aluminij,0,0,0:0 (0:0),0,,,
1388,2012/13,26,ND Mura 05-NK Triglav,2013-03-30,14:00:00,ND Mura 05,NK Triglav,2,1,2:1 (1:1),1,,,
1389,2012/13,26,NK Maribor-Rudar Velenje,2013-03-30,16:30:00,NK Maribor,Rudar Velenje,3,1,3:1 (1:0),1,,,
1390,2012/13,26,Olimpija Ljubljana-FC Koper,2013-03-30,19:00:00,Olimpija Ljubljana,FC Koper,2,2,2:2 (0:0),0,,,
1391,2012/13,27,Rudar Velenje-ND Gorica,2013-04-06,16:00:00,Rudar Velenje,ND Gorica,1,0,1:0 (0:0),1,,,
1392,2012/13,27,FC Koper-NK Celje,2013-04-06,16:30:00,FC Koper,NK Celje,0,1,0:1 (0:0),1,,,
1393,2012/13,27,NK Domžale-ND Mura 05,2013-04-06,19:00:00,NK Domžale,ND Mura 05,1,1,1:1 (0:0),0,,,
1394,2012/13,27,NK Triglav-Olimpija Ljubljana,2013-04-07,15:00:00,NK Triglav,Olimpija Ljubljana,1,4,1:4 (1:0),1,,,
1395,2012/13,27,NK Aluminij-NK Maribor,2013-04-07,15:00:00,NK Aluminij,NK Maribor,1,2,1:2 (1:1),1,,,
1396,2012/13,28,Rudar Velenje-ND Mura 05,2013-04-13,15:30:00,Rudar Velenje,ND Mura 05,3,0,3:0 (1:0),1,,,
1397,2012/13,28,NK Maribor-ND Gorica,2013-04-13,16:30:00,NK Maribor,ND Gorica,2,1,2:1 (2:0),1,,,
1398,2012/13,28,FC Koper-NK Aluminij,2013-04-13,17:00:00,FC Koper,NK Aluminij,3,0,3:0 (1:0),1,,,
1399,2012/13,28,NK Domžale-Olimpija Ljubljana,2013-04-13,19:00:00,NK Domžale,Olimpija Ljubljana,0,4,0:4 (0:1),1,,,
1400,2012/13,28,NK Triglav-NK Celje,2013-04-14,15:30:00,NK Triglav,NK Celje,1,0,1:0 (0:0),1,,,
1401,2012/13,29,Olimpija Ljubljana-Rudar Velenje,2013-04-20,16:30:00,Olimpija Ljubljana,Rudar Velenje,1,0,1:0 (0:0),1,,,
1402,2012/13,29,FC Koper-NK Maribor,2013-04-20,19:00:00,FC Koper,NK Maribor,2,1,2:1 (1:1),1,,,
1403,2012/13,29,NK Celje-NK Domžale,2013-04-21,15:00:00,NK Celje,NK Domžale,0,0,0:0 (0:0),0,,,
1404,2012/13,29,NK Aluminij-NK Triglav,2013-04-21,15:00:00,NK Aluminij,NK Triglav,2,2,2:2 (1:1),0,,,
1405,2012/13,29,ND Mura 05-ND Gorica,2013-04-21,15:00:00,ND Mura 05,ND Gorica,1,1,1:1 (0:0),0,,,
1406,2012/13,30,ND Gorica-Olimpija Ljubljana,2013-04-27,15:30:00,ND Gorica,Olimpija Ljubljana,1,1,1:1 (1:1),0,,,
1407,2012/13,30,NK Domžale-NK Aluminij,2013-04-27,16:30:00,NK Domžale,NK Aluminij,1,1,1:1 (1:0),0,,,
1408,2012/13,30,NK Maribor-ND Mura 05,2013-04-27,19:00:00,NK Maribor,ND Mura 05,4,0,4:0 (2:0),1,,,
1409,2012/13,30,Rudar Velenje-NK Celje,2013-04-27,19:00:00,Rudar Velenje,NK Celje,0,1,0:1 (0:1),1,,,
1410,2012/13,30,NK Triglav-FC Koper,2013-04-28,15:30:00,NK Triglav,FC Koper,1,1,1:1 (1:0),0,,,
1411,2012/13,31,Olimpija Ljubljana-ND Mura 05,2013-05-04,15:00:00,Olimpija Ljubljana,ND Mura 05,2,1,2:1 (1:1),1,,,
1412,2012/13,31,NK Triglav-NK Maribor,2013-05-04,16:00:00,NK Triglav,NK Maribor,1,2,1:2 (0:1),1,,,
1413,2012/13,31,NK Celje-ND Gorica,2013-05-04,16:30:00,NK Celje,ND Gorica,2,3,2:3 (2:1),1,,,
1414,2012/13,31,NK Aluminij-Rudar Velenje,2013-05-05,16:00:00,NK Aluminij,Rudar Velenje,3,5,3:5 (1:2),1,,,
1415,2012/13,31,FC Koper-NK Domžale,2013-05-08,19:00:00,FC Koper,NK Domžale,3,0,3:0 (1:0),1,,,
1416,2012/13,32,ND Gorica-NK Aluminij,2013-05-11,16:00:00,ND Gorica,NK Aluminij,2,0,2:0 (0:0),1,,,
1417,2012/13,32,Rudar Velenje-FC Koper,2013-05-11,16:00:00,Rudar Velenje,FC Koper,1,4,1:4 (0:4),1,,,
1418,2012/13,32,ND Mura 05-NK Celje,2013-05-11,16:00:00,ND Mura 05,NK Celje,1,0,1:0 (0:0),1,,,
1419,2012/13,32,NK Domžale-NK Triglav,2013-05-11,16:30:00,NK Domžale,NK Triglav,1,1,1:1 (0:1),0,,,
1420,2012/13,32,NK Maribor-Olimpija Ljubljana,2013-05-11,19:00:00,NK Maribor,Olimpija Ljubljana,2,1,2:1 (1:1),1,,,
1421,2012/13,33,NK Celje-Olimpija Ljubljana,2013-05-14,16:00:00,NK Celje,Olimpija Ljubljana,2,2,2:2 (2:2),0,,,
1422,2012/13,33,NK Triglav-Rudar Velenje,2013-05-14,16:00:00,NK Triglav,Rudar Velenje,2,0,2:0 (2:0),1,,,
1423,2012/13,33,NK Aluminij-ND Mura 05,2013-05-14,16:00:00,NK Aluminij,ND Mura 05,2,2,2:2 (0:0),0,,,
1424,2012/13,33,NK Domžale-NK Maribor,2013-05-14,17:00:00,NK Domžale,NK Maribor,1,1,1:1 (0:0),0,,,
1425,2012/13,33,FC Koper-ND Gorica,2013-05-14,19:00:00,FC Koper,ND Gorica,2,2,2:2 (2:2),0,,,
1426,2012/13,34,ND Mura 05-FC Koper,2013-05-18,15:00:00,ND Mura 05,FC Koper,3,0,3:0 (2:0),1,,,
1427,2012/13,34,ND Gorica-NK Triglav,2013-05-18,16:00:00,ND Gorica,NK Triglav,0,0,0:0 (0:0),0,,,
1428,2012/13,34,NK Maribor-NK Celje,2013-05-18,16:30:00,NK Maribor,NK Celje,5,1,5:1 (2:0),1,,,
1429,2012/13,34,Olimpija Ljubljana-NK Aluminij,2013-05-18,16:30:00,Olimpija Ljubljana,NK Aluminij,2,0,2:0 (0:0),1,,,
1430,2012/13,34,Rudar Velenje-NK Domžale,2013-05-18,17:00:00,Rudar Velenje,NK Domžale,0,1,0:1 (0:0),1,,,
1431,2012/13,35,FC Koper-Olimpija Ljubljana,2013-05-22,16:30:00,FC Koper,Olimpija Ljubljana,0,1,0:1 (0:1),1,,,
1432,2012/13,35,Rudar Velenje-NK Maribor,2013-05-22,16:30:00,Rudar Velenje,NK Maribor,3,1,3:1 (1:1),1,,,
1433,2012/13,35,NK Domžale-ND Gorica,2013-05-22,16:30:00,NK Domžale,ND Gorica,3,0,3:0 (0:0),1,,,
1434,2012/13,35,NK Triglav-ND Mura 05,2013-05-22,16:30:00,NK Triglav,ND Mura 05,0,2,0:2 (0:1),1,,,
1435,2012/13,35,NK Aluminij-NK Celje,2013-05-22,16:30:00,NK Aluminij,NK Celje,1,3,1:3 (0:0),1,,,
1436,2012/13,36,ND Gorica-Rudar Velenje,2013-05-26,16:30:00,ND Gorica,Rudar Velenje,3,2,3:2 (0:1),1,,,
1437,2012/13,36,NK Maribor-NK Aluminij,2013-05-26,16:30:00,NK Maribor,NK Aluminij,2,2,2:2 (1:1),0,,,
1438,2012/13,36,NK Celje-FC Koper,2013-05-26,16:30:00,NK Celje,FC Koper,2,2,2:2 (0:0),0,,,
1439,2012/13,36,ND Mura 05-NK Domžale,2013-05-26,16:30:00,ND Mura 05,NK Domžale,0,1,0:1 (0:0),1,,,
1440,2012/13,36,Olimpija Ljubljana-NK Triglav,2013-05-26,16:30:00,Olimpija Ljubljana,NK Triglav,4,0,4:0 (2:0),1,,,
1441,2013/14,1,NK Maribor-NK Zavr?,2013-07-12,19:00:00,NK Maribor,NK Zavr?,2,1,2:1 (0:1),1,,,
1442,2013/14,1,FC Koper-NK Krka,2013-07-13,16:30:00,FC Koper,NK Krka,2,1,2:1 (1:1),1,,,
1443,2013/14,1,Olimpija Ljubljana-Rudar Velenje,2013-07-13,19:00:00,Olimpija Ljubljana,Rudar Velenje,1,2,1:2 (1:1),1,,,
1444,2013/14,1,NK Triglav-ND Gorica,2013-07-14,17:00:00,NK Triglav,ND Gorica,0,1,0:1 (0:1),1,,,
1445,2013/14,1,NK Celje-NK Domžale,2013-07-31,19:00:00,NK Celje,NK Domžale,0,0,0:0 (0:0),0,,,
1446,2013/14,2,NK Domžale-NK Triglav,2013-07-20,16:30:00,NK Domžale,NK Triglav,2,2,2:2 (2:2),0,,,
1447,2013/14,2,NK Krka-ND Gorica,2013-07-20,17:00:00,NK Krka,ND Gorica,1,1,1:1 (0:0),0,,,
1448,2013/14,2,Rudar Velenje-NK Maribor,2013-07-20,18:00:00,Rudar Velenje,NK Maribor,0,3,0:3 (0:2),1,,,
1449,2013/14,2,NK Zavr?-NK Celje,2013-07-20,19:00:00,NK Zavr?,NK Celje,2,1,2:1 (0:1),1,,,
1450,2013/14,2,FC Koper-Olimpija Ljubljana,2013-07-21,17:00:00,FC Koper,Olimpija Ljubljana,1,1,1:1 (0:1),0,,,
1451,2013/14,3,NK Maribor-FC Koper,2013-07-27,16:30:00,NK Maribor,FC Koper,6,1,6:1 (2:0),1,,,
1452,2013/14,3,NK Celje-Rudar Velenje,2013-07-27,19:00:00,NK Celje,Rudar Velenje,0,1,0:1 (0:0),1,,,
1453,2013/14,3,ND Gorica-NK Domžale,2013-07-27,19:00:00,ND Gorica,NK Domžale,1,2,1:2 (0:0),1,,,
1454,2013/14,3,NK Triglav-NK Zavr?,2013-07-28,17:00:00,NK Triglav,NK Zavr?,1,2,1:2 (0:1),1,,,
1455,2013/14,3,Olimpija Ljubljana-NK Krka,2013-07-28,19:30:00,Olimpija Ljubljana,NK Krka,5,0,5:0 (3:0),1,,,
1456,2013/14,4,NK Zavr?-ND Gorica,2013-08-02,19:00:00,NK Zavr?,ND Gorica,0,2,0:2 (0:1),1,,,
1457,2013/14,4,FC Koper-NK Celje,2013-08-03,16:30:00,FC Koper,NK Celje,1,1,1:1 (1:0),0,,,
1458,2013/14,4,NK Krka-NK Domžale,2013-08-03,17:00:00,NK Krka,NK Domžale,3,0,3:0 (1:0),1,,,
1459,2013/14,4,Rudar Velenje-NK Triglav,2013-08-03,19:00:00,Rudar Velenje,NK Triglav,3,0,3:0 (1:0),1,,,
1460,2013/14,4,Olimpija Ljubljana-NK Maribor,2014-03-02,14:00:00,Olimpija Ljubljana,NK Maribor,0,3,0:3 (0:1),1,,,
1461,2013/14,5,NK Celje-Olimpija Ljubljana,2013-08-10,16:30:00,NK Celje,Olimpija Ljubljana,2,3,2:3 (0:1),1,,,
1462,2013/14,5,NK Triglav-FC Koper,2013-08-10,16:30:00,NK Triglav,FC Koper,0,3,0:3 (0:1),1,,,
1463,2013/14,5,NK Maribor-NK Krka,2013-08-10,19:00:00,NK Maribor,NK Krka,3,0,3:0 (1:0),1,,,
1464,2013/14,5,ND Gorica-Rudar Velenje,2013-08-10,19:00:00,ND Gorica,Rudar Velenje,1,1,1:1 (1:0),0,,,
1465,2013/14,5,NK Domžale-NK Zavr?,2013-08-10,19:30:00,NK Domžale,NK Zavr?,1,1,1:1 (0:1),0,,,
1466,2013/14,6,NK Maribor-NK Celje,2013-08-16,19:00:00,NK Maribor,NK Celje,5,1,5:1 (3:0),1,,,
1467,2013/14,6,NK Krka-NK Zavr?,2013-08-17,16:30:00,NK Krka,NK Zavr?,3,4,3:4 (1:3),1,,,
1468,2013/14,6,FC Koper-ND Gorica,2013-08-17,16:30:00,FC Koper,ND Gorica,2,1,2:1 (2:1),1,,,
1469,2013/14,6,Rudar Velenje-NK Domžale,2013-08-17,19:00:00,Rudar Velenje,NK Domžale,3,1,3:1 (1:0),1,,,
1470,2013/14,6,Olimpija Ljubljana-NK Triglav,2013-08-18,19:30:00,Olimpija Ljubljana,NK Triglav,3,1,3:1 (3:0),1,,,
1471,2013/14,7,NK Triglav-NK Maribor,2013-08-24,16:00:00,NK Triglav,NK Maribor,0,1,0:1 (0:0),1,,,
1472,2013/14,7,NK Domžale-FC Koper,2013-08-24,16:30:00,NK Domžale,FC Koper,0,1,0:1 (0:1),1,,,
1473,2013/14,7,ND Gorica-Olimpija Ljubljana,2013-08-24,17:30:00,ND Gorica,Olimpija Ljubljana,4,1,4:1 (3:1),1,,,
1474,2013/14,7,NK Celje-NK Krka,2013-08-24,19:00:00,NK Celje,NK Krka,2,0,2:0 (1:0),1,,,
1475,2013/14,7,NK Zavr?-Rudar Velenje,2013-08-24,19:00:00,NK Zavr?,Rudar Velenje,2,1,2:1 (2:0),1,,,
1476,2013/14,8,Olimpija Ljubljana-NK Domžale,2013-08-31,16:30:00,Olimpija Ljubljana,NK Domžale,0,3,0:3 (0:3),1,,,
1477,2013/14,8,NK Maribor-ND Gorica,2013-08-31,17:30:00,NK Maribor,ND Gorica,1,1,1:1 (1:0),0,,,
1478,2013/14,8,FC Koper-NK Zavr?,2013-08-31,19:00:00,FC Koper,NK Zavr?,1,1,1:1 (1:0),0,,,
1479,2013/14,8,NK Celje-NK Triglav,2013-08-31,19:00:00,NK Celje,NK Triglav,1,0,1:0 (0:0),1,,,
1480,2013/14,8,NK Krka-Rudar Velenje,2013-10-02,15:00:00,NK Krka,Rudar Velenje,0,0,0:0 (0:0),0,,,
1481,2013/14,9,NK Zavr?-Olimpija Ljubljana,2013-09-13,19:00:00,NK Zavr?,Olimpija Ljubljana,2,1,2:1 (1:1),1,,,
1482,2013/14,9,NK Domžale-NK Maribor,2013-09-14,16:30:00,NK Domžale,NK Maribor,0,1,0:1 (0:1),1,,,
1483,2013/14,9,Rudar Velenje-FC Koper,2013-09-14,17:00:00,Rudar Velenje,FC Koper,1,0,1:0 (1:0),1,,,
1484,2013/14,9,ND Gorica-NK Celje,2013-09-14,19:00:00,ND Gorica,NK Celje,2,0,2:0 (1:0),1,,,
1485,2013/14,9,NK Triglav-NK Krka,2013-09-15,15:00:00,NK Triglav,NK Krka,1,0,1:0 (0:0),1,,,
1486,2013/14,10,NK Krka-FC Koper,2013-09-21,15:00:00,NK Krka,FC Koper,0,1,0:1 (0:1),1,,,
1487,2013/14,10,Rudar Velenje-Olimpija Ljubljana,2013-09-21,16:30:00,Rudar Velenje,Olimpija Ljubljana,1,2,1:2 (1:0),1,,,
1488,2013/14,10,ND Gorica-NK Triglav,2013-09-21,19:00:00,ND Gorica,NK Triglav,3,1,3:1 (1:0),1,,,
1489,2013/14,10,NK Domžale-NK Celje,2013-09-21,19:15:00,NK Domžale,NK Celje,4,0,4:0 (1:0),1,,,
1490,2013/14,10,NK Zavr?-NK Maribor,2013-09-22,18:00:00,NK Zavr?,NK Maribor,1,0,1:0 (1:0),1,,,
1491,2013/14,11,NK Triglav-NK Domžale,2013-09-25,15:00:00,NK Triglav,NK Domžale,0,3,0:3 (0:1),1,,,
1492,2013/14,11,NK Celje-NK Zavr?,2013-09-25,16:00:00,NK Celje,NK Zavr?,2,1,2:1 (1:1),1,,,
1493,2013/14,11,Olimpija Ljubljana-FC Koper,2013-09-25,18:00:00,Olimpija Ljubljana,FC Koper,1,0,1:0 (1:0),1,,,
1494,2013/14,11,NK Maribor-Rudar Velenje,2013-09-25,18:30:00,NK Maribor,Rudar Velenje,1,1,1:1 (0:1),0,,,
1495,2013/14,11,ND Gorica-NK Krka,2013-09-25,19:00:00,ND Gorica,NK Krka,1,2,1:2 (0:0),1,,,
1496,2013/14,12,NK Krka-Olimpija Ljubljana,2013-09-28,15:00:00,NK Krka,Olimpija Ljubljana,1,0,1:0 (1:0),1,,,
1497,2013/14,12,NK Domžale-ND Gorica,2013-09-28,16:30:00,NK Domžale,ND Gorica,1,1,1:1 (0:1),0,,,
1498,2013/14,12,Rudar Velenje-NK Celje,2013-09-28,17:00:00,Rudar Velenje,NK Celje,1,0,1:0 (0:0),1,,,
1499,2013/14,12,NK Zavr?-NK Triglav,2013-09-28,18:00:00,NK Zavr?,NK Triglav,2,1,2:1 (1:0),1,,,
1500,2013/14,12,FC Koper-NK Maribor,2013-09-28,19:30:00,FC Koper,NK Maribor,2,1,2:1 (2:0),1,,,
1501,2013/14,13,NK Celje-FC Koper,2013-10-05,16:30:00,NK Celje,FC Koper,0,3,0:3 (0:0),1,,,
1502,2013/14,13,ND Gorica-NK Zavr?,2013-10-05,17:00:00,ND Gorica,NK Zavr?,4,0,4:0 (3:0),1,,,
1503,2013/14,13,NK Domžale-NK Krka,2013-10-05,18:00:00,NK Domžale,NK Krka,4,0,4:0 (0:0),1,,,
1504,2013/14,13,NK Triglav-Rudar Velenje,2013-10-06,14:00:00,NK Triglav,Rudar Velenje,1,1,1:1 (0:0),0,,,
1505,2013/14,13,NK Maribor-Olimpija Ljubljana,2013-10-06,16:00:00,NK Maribor,Olimpija Ljubljana,2,0,2:0 (1:0),1,,,
1506,2013/14,14,NK Zavr?-NK Domžale,2013-10-18,18:00:00,NK Zavr?,NK Domžale,2,2,2:2 (2:2),0,,,
1507,2013/14,14,NK Krka-NK Maribor,2013-10-19,14:00:00,NK Krka,NK Maribor,0,5,0:5 (0:2),1,,,
1508,2013/14,14,Rudar Velenje-ND Gorica,2013-10-19,16:30:00,Rudar Velenje,ND Gorica,2,1,2:1 (1:1),1,,,
1509,2013/14,14,FC Koper-NK Triglav,2013-10-19,18:00:00,FC Koper,NK Triglav,2,0,2:0 (1:0),1,,,
1510,2013/14,14,Olimpija Ljubljana-NK Celje,2013-10-19,19:05:00,Olimpija Ljubljana,NK Celje,0,2,0:2 (0:0),1,,,
1511,2013/14,15,NK Zavr?-NK Krka,2013-10-25,18:00:00,NK Zavr?,NK Krka,3,0,3:0 (3:0),1,,,
1512,2013/14,15,NK Triglav-Olimpija Ljubljana,2013-10-26,14:00:00,NK Triglav,Olimpija Ljubljana,1,0,1:0 (1:0),1,,,
1513,2013/14,15,NK Domžale-Rudar Velenje,2013-10-26,16:30:00,NK Domžale,Rudar Velenje,0,0,0:0 (0:0),0,,,
1514,2013/14,15,ND Gorica-FC Koper,2013-10-26,17:00:00,ND Gorica,FC Koper,3,0,3:0 (1:0),1,,,
1515,2013/14,15,NK Celje-NK Maribor,2013-10-27,14:00:00,NK Celje,NK Maribor,1,0,1:0 (0:0),1,,,
1516,2013/14,16,NK Krka-NK Celje,2013-11-02,13:00:00,NK Krka,NK Celje,0,1,0:1 (0:1),1,,,
1517,2013/14,16,Olimpija Ljubljana-ND Gorica,2013-11-02,16:30:00,Olimpija Ljubljana,ND Gorica,2,2,2:2 (0:0),0,,,
1518,2013/14,16,FC Koper-NK Domžale,2013-11-02,19:05:00,FC Koper,NK Domžale,1,0,1:0 (1:0),1,,,
1519,2013/14,16,NK Maribor-NK Triglav,2013-11-03,16:00:00,NK Maribor,NK Triglav,1,2,1:2 (1:1),1,,,
1520,2013/14,16,Rudar Velenje-NK Zavr?,2013-11-03,16:00:00,Rudar Velenje,NK Zavr?,3,0,3:0 (1:0),1,,,
1521,2013/14,17,NK Zavr?-FC Koper,2013-11-08,17:00:00,NK Zavr?,FC Koper,1,0,1:0 (1:0),1,,,
1522,2013/14,17,NK Domžale-Olimpija Ljubljana,2013-11-09,16:30:00,NK Domžale,Olimpija Ljubljana,1,2,1:2 (1:0),1,,,
1523,2013/14,17,NK Triglav-NK Celje,2013-11-10,13:00:00,NK Triglav,NK Celje,2,2,2:2 (1:1),0,,,
1524,2013/14,17,ND Gorica-NK Maribor,2013-11-10,16:00:00,ND Gorica,NK Maribor,1,2,1:2 (1:1),1,,,
1525,2013/14,17,Rudar Velenje-NK Krka,2013-11-12,15:00:00,Rudar Velenje,NK Krka,0,1,0:1 (0:0),1,,,
1526,2013/14,18,NK Maribor-NK Domžale,2013-11-23,16:00:00,NK Maribor,NK Domžale,5,3,5:3 (3:2),1,,,
1527,2013/14,18,Olimpija Ljubljana-NK Zavr?,2013-11-23,16:00:00,Olimpija Ljubljana,NK Zavr?,3,2,3:2 (2:1),1,,,
1528,2013/14,18,FC Koper-Rudar Velenje,2013-11-23,19:05:00,FC Koper,Rudar Velenje,1,0,1:0 (1:0),1,,,
1529,2013/14,18,NK Krka-NK Triglav,2013-11-26,12:00:00,NK Krka,NK Triglav,2,2,2:2 (1:2),0,,,
1530,2013/14,18,NK Celje-ND Gorica,2013-11-26,15:00:00,NK Celje,ND Gorica,0,1,0:1 (0:1),1,,,
1531,2013/14,19,FC Koper-NK Krka,2013-11-30,16:00:00,FC Koper,NK Krka,2,1,2:1 (0:0),1,,,
1532,2013/14,19,NK Triglav-ND Gorica,2013-12-01,12:00:00,NK Triglav,ND Gorica,1,5,1:5 (0:2),1,,,
1533,2013/14,19,NK Maribor-NK Zavr?,2013-12-01,13:30:00,NK Maribor,NK Zavr?,3,4,3:4 (2:1),1,,,
1534,2013/14,19,Olimpija Ljubljana-Rudar Velenje,2013-12-01,15:15:00,Olimpija Ljubljana,Rudar Velenje,0,3,0:3 (0:2),1,,,
1535,2013/14,19,NK Celje-NK Domžale,2013-12-03,15:30:00,NK Celje,NK Domžale,0,0,0:0 (0:0),0,,,
1536,2013/14,20,NK Zavr?-NK Celje,2013-12-06,16:00:00,NK Zavr?,NK Celje,3,0,3:0 (1:0),1,,,
1537,2013/14,20,NK Krka-ND Gorica,2013-12-07,12:00:00,NK Krka,ND Gorica,0,1,0:1 (0:1),1,,,
1538,2013/14,20,NK Domžale-NK Triglav,2013-12-07,14:00:00,NK Domžale,NK Triglav,4,1,4:1 (3:0),1,,,
1539,2013/14,20,Rudar Velenje-NK Maribor,2013-12-07,16:30:00,Rudar Velenje,NK Maribor,0,1,0:1 (0:0),1,,,
1540,2013/14,20,FC Koper-Olimpija Ljubljana,2013-12-08,16:00:00,FC Koper,Olimpija Ljubljana,0,1,0:1 (0:0),1,,,
1541,2013/14,21,Olimpija Ljubljana-NK Krka,2014-03-08,14:00:00,Olimpija Ljubljana,NK Krka,0,1,0:1 (0:0),1,,,
1542,2013/14,21,ND Gorica-NK Domžale,2014-03-08,14:00:00,ND Gorica,NK Domžale,1,1,1:1 (1:1),0,,,
1543,2013/14,21,NK Maribor-FC Koper,2014-03-08,15:00:00,NK Maribor,FC Koper,2,2,2:2 (0:1),0,,,
1544,2013/14,21,NK Celje-Rudar Velenje,2014-03-08,15:30:00,NK Celje,Rudar Velenje,1,2,1:2 (0:0),1,,,
1545,2013/14,21,NK Triglav-NK Zavr?,2014-03-09,14:00:00,NK Triglav,NK Zavr?,3,1,3:1 (2:1),1,,,
1546,2013/14,22,NK Zavr?-ND Gorica,2014-03-14,17:00:00,NK Zavr?,ND Gorica,1,3,1:3 (0:2),1,,,
1547,2013/14,22,Rudar Velenje-NK Triglav,2014-03-15,15:00:00,Rudar Velenje,NK Triglav,6,1,6:1 (4:1),1,,,
1548,2013/14,22,FC Koper-NK Celje,2014-03-15,15:30:00,FC Koper,NK Celje,2,1,2:1 (0:0),1,,,
1549,2013/14,22,Olimpija Ljubljana-NK Maribor,2014-03-15,19:00:00,Olimpija Ljubljana,NK Maribor,2,0,2:0 (2:0),1,,,
1550,2013/14,22,NK Krka-NK Domžale,2014-03-16,14:00:00,NK Krka,NK Domžale,0,2,0:2 (0:1),1,,,
1551,2013/14,23,NK Celje-Olimpija Ljubljana,2014-03-22,14:00:00,NK Celje,Olimpija Ljubljana,0,0,0:0 (0:0),0,,,
1552,2013/14,23,NK Domžale-NK Zavr?,2014-03-22,15:30:00,NK Domžale,NK Zavr?,3,0,3:0 (1:0),1,,,
1553,2013/14,23,NK Maribor-NK Krka,2014-03-22,17:00:00,NK Maribor,NK Krka,3,1,3:1 (0:1),1,,,
1554,2013/14,23,ND Gorica-Rudar Velenje,2014-03-22,19:05:00,ND Gorica,Rudar Velenje,0,0,0:0 (0:0),0,,,
1555,2013/14,23,NK Triglav-FC Koper,2014-04-02,15:00:00,NK Triglav,FC Koper,2,2,2:2 (1:1),0,,,
1556,2013/14,24,Olimpija Ljubljana-NK Triglav,2014-03-29,14:00:00,Olimpija Ljubljana,NK Triglav,1,1,1:1 (1:1),0,,,
1557,2013/14,24,NK Maribor-NK Celje,2014-03-29,15:30:00,NK Maribor,NK Celje,2,2,2:2 (2:1),0,,,
1558,2013/14,24,Rudar Velenje-NK Domžale,2014-03-29,17:00:00,Rudar Velenje,NK Domžale,3,1,3:1 (1:0),1,,,
1559,2013/14,24,FC Koper-ND Gorica,2014-03-29,19:05:00,FC Koper,ND Gorica,1,0,1:0 (0:0),1,,,
1560,2013/14,24,NK Krka-NK Zavr?,2014-03-30,15:00:00,NK Krka,NK Zavr?,2,1,2:1 (0:1),1,,,
1561,2013/14,25,NK Celje-NK Krka,2014-04-05,15:00:00,NK Celje,NK Krka,2,1,2:1 (0:1),1,,,
1562,2013/14,25,NK Triglav-NK Maribor,2014-04-05,15:00:00,NK Triglav,NK Maribor,0,2,0:2 (0:1),1,,,
1563,2013/14,25,NK Domžale-FC Koper,2014-04-05,15:30:00,NK Domžale,FC Koper,3,1,3:1 (1:1),1,,,
1564,2013/14,25,NK Zavr?-Rudar Velenje,2014-04-05,18:00:00,NK Zavr?,Rudar Velenje,1,1,1:1 (1:1),0,,,
1565,2013/14,25,ND Gorica-Olimpija Ljubljana,2014-04-05,19:05:00,ND Gorica,Olimpija Ljubljana,0,0,0:0 (0:0),0,,,
1566,2013/14,26,NK Krka-Rudar Velenje,2014-04-12,15:30:00,NK Krka,Rudar Velenje,1,1,1:1 (1:1),0,,,
1567,2013/14,26,FC Koper-NK Zavr?,2014-04-12,15:30:00,FC Koper,NK Zavr?,2,1,2:1 (1:0),1,,,
1568,2013/14,26,Olimpija Ljubljana-NK Domžale,2014-04-12,15:30:00,Olimpija Ljubljana,NK Domžale,0,0,0:0 (0:0),0,,,
1569,2013/14,26,NK Celje-NK Triglav,2014-04-12,15:30:00,NK Celje,NK Triglav,2,0,2:0 (1:0),1,,,
1570,2013/14,26,NK Maribor-ND Gorica,2014-04-12,19:05:00,NK Maribor,ND Gorica,2,0,2:0 (1:0),1,,,
1571,2013/14,27,NK Triglav-NK Krka,2014-04-16,15:30:00,NK Triglav,NK Krka,1,1,1:1 (0:1),0,,,
1572,2013/14,27,NK Domžale-NK Maribor,2014-04-16,18:00:00,NK Domžale,NK Maribor,1,2,1:2 (0:1),1,,,
1573,2013/14,27,NK Zavr?-Olimpija Ljubljana,2014-04-16,18:30:00,NK Zavr?,Olimpija Ljubljana,3,1,3:1 (2:1),1,,,
1574,2013/14,27,ND Gorica-NK Celje,2014-04-16,19:00:00,ND Gorica,NK Celje,5,0,5:0 (3:0),1,,,
1575,2013/14,27,Rudar Velenje-FC Koper,2014-04-16,19:05:00,Rudar Velenje,FC Koper,0,2,0:2 (0:1),1,,,
1576,2013/14,28,NK Krka-FC Koper,2014-04-19,15:30:00,NK Krka,FC Koper,0,3,0:3 (0:1),1,,,
1577,2013/14,28,NK Domžale-NK Celje,2014-04-19,15:30:00,NK Domžale,NK Celje,2,0,2:0 (0:0),1,,,
1578,2013/14,28,NK Zavr?-NK Maribor,2014-04-19,18:30:00,NK Zavr?,NK Maribor,0,4,0:4 (0:1),1,,,
1579,2013/14,28,ND Gorica-NK Triglav,2014-04-19,19:00:00,ND Gorica,NK Triglav,1,1,1:1 (1:0),0,,,
1580,2013/14,28,Rudar Velenje-Olimpija Ljubljana,2014-04-19,19:05:00,Rudar Velenje,Olimpija Ljubljana,4,0,4:0 (1:0),1,,,
1581,2013/14,29,NK Triglav-NK Domžale,2014-04-23,15:30:00,NK Triglav,NK Domžale,1,0,1:0 (0:0),1,,,
1582,2013/14,29,ND Gorica-NK Krka,2014-04-23,16:30:00,ND Gorica,NK Krka,1,0,1:0 (1:0),1,,,
1583,2013/14,29,NK Celje-NK Zavr?,2014-04-23,16:30:00,NK Celje,NK Zavr?,0,3,0:3 (0:2),1,,,
1584,2013/14,29,NK Maribor-Rudar Velenje,2014-04-23,16:30:00,NK Maribor,Rudar Velenje,0,2,0:2 (0:1),1,,,
1585,2013/14,29,Olimpija Ljubljana-FC Koper,2014-04-23,16:30:00,Olimpija Ljubljana,FC Koper,1,0,1:0 (1:0),1,,,
1586,2013/14,30,NK Domžale-ND Gorica,2014-04-26,15:30:00,NK Domžale,ND Gorica,1,1,1:1 (1:0),0,,,
1587,2013/14,30,Rudar Velenje-NK Celje,2014-04-26,17:00:00,Rudar Velenje,NK Celje,1,0,1:0 (1:0),1,,,
1588,2013/14,30,NK Zavr?-NK Triglav,2014-04-26,19:00:00,NK Zavr?,NK Triglav,5,1,5:1 (1:0),1,,,
1589,2013/14,30,FC Koper-NK Maribor,2014-04-26,19:05:00,FC Koper,NK Maribor,0,1,0:1 (0:1),1,,,
1590,2013/14,30,NK Krka-Olimpija Ljubljana,2014-04-27,15:30:00,NK Krka,Olimpija Ljubljana,1,0,1:0 (0:0),1,,,
1591,2013/14,31,NK Celje-FC Koper,2014-05-03,15:30:00,NK Celje,FC Koper,2,3,2:3 (1:3),1,,,
1592,2013/14,31,NK Domžale-NK Krka,2014-05-03,17:00:00,NK Domžale,NK Krka,0,0,0:0 (0:0),0,,,
1593,2013/14,31,ND Gorica-NK Zavr?,2014-05-03,17:00:00,ND Gorica,NK Zavr?,4,0,4:0 (2:0),1,,,
1594,2013/14,31,NK Maribor-Olimpija Ljubljana,2014-05-03,19:05:00,NK Maribor,Olimpija Ljubljana,2,0,2:0 (1:0),1,,,
1595,2013/14,31,NK Triglav-Rudar Velenje,2014-05-04,16:00:00,NK Triglav,Rudar Velenje,0,1,0:1 (0:1),1,,,
1596,2013/14,32,NK Krka-NK Maribor,2014-05-07,16:00:00,NK Krka,NK Maribor,0,4,0:4 (0:0),1,,,
1597,2013/14,32,Olimpija Ljubljana-NK Celje,2014-05-07,16:00:00,Olimpija Ljubljana,NK Celje,0,1,0:1 (0:0),1,,,
1598,2013/14,32,FC Koper-NK Triglav,2014-05-07,19:00:00,FC Koper,NK Triglav,3,0,3:0 (2:0),1,,,
1599,2013/14,32,NK Zavr?-NK Domžale,2014-05-07,19:00:00,NK Zavr?,NK Domžale,0,0,0:0 (0:0),0,,,
1600,2013/14,32,Rudar Velenje-ND Gorica,2014-05-07,19:05:00,Rudar Velenje,ND Gorica,3,2,3:2 (2:1),1,,,
1601,2013/14,33,NK Celje-NK Maribor,2014-05-10,15:30:00,NK Celje,NK Maribor,0,4,0:4 (0:2),1,,,
1602,2013/14,33,NK Triglav-Olimpija Ljubljana,2014-05-10,16:00:00,NK Triglav,Olimpija Ljubljana,5,2,5:2 (3:1),1,,,
1603,2013/14,33,NK Zavr?-NK Krka,2014-05-10,19:00:00,NK Zavr?,NK Krka,2,1,2:1 (1:0),1,,,
1604,2013/14,33,NK Domžale-Rudar Velenje,2014-05-10,19:00:00,NK Domžale,Rudar Velenje,0,0,0:0 (0:0),0,,,
1605,2013/14,33,ND Gorica-FC Koper,2014-05-10,19:05:00,ND Gorica,FC Koper,0,1,0:1 (0:1),1,,,
1606,2013/14,34,Olimpija Ljubljana-ND Gorica,2014-05-13,17:00:00,Olimpija Ljubljana,ND Gorica,0,2,0:2 (0:1),1,,,
1607,2013/14,34,Rudar Velenje-NK Zavr?,2014-05-13,17:00:00,Rudar Velenje,NK Zavr?,2,3,2:3 (0:2),1,,,
1608,2013/14,34,NK Maribor-NK Triglav,2014-05-13,19:00:00,NK Maribor,NK Triglav,2,1,2:1 (2:1),1,,,
1609,2013/14,34,FC Koper-NK Domžale,2014-05-13,19:05:00,FC Koper,NK Domžale,1,1,1:1 (1:1),0,,,
1610,2013/14,34,NK Krka-NK Celje,2014-05-14,16:00:00,NK Krka,NK Celje,2,2,2:2 (1:0),0,,,
1611,2013/14,35,Rudar Velenje-NK Krka,2014-05-17,16:00:00,Rudar Velenje,NK Krka,4,2,4:2 (1:2),1,,,
1612,2013/14,35,NK Zavr?-FC Koper,2014-05-17,16:00:00,NK Zavr?,FC Koper,1,2,1:2 (0:1),1,,,
1613,2013/14,35,NK Domžale-Olimpija Ljubljana,2014-05-17,16:00:00,NK Domžale,Olimpija Ljubljana,1,2,1:2 (0:0),1,,,
1614,2013/14,35,ND Gorica-NK Maribor,2014-05-17,16:00:00,ND Gorica,NK Maribor,1,2,1:2 (0:0),1,,,
1615,2013/14,35,NK Triglav-NK Celje,2014-05-17,16:00:00,NK Triglav,NK Celje,0,1,0:1 (0:1),1,,,
1616,2013/14,36,NK Krka-NK Triglav,2014-05-25,16:00:00,NK Krka,NK Triglav,3,0,3:0 (2:0),1,,,
1617,2013/14,36,NK Celje-ND Gorica,2014-05-25,16:00:00,NK Celje,ND Gorica,0,2,0:2 (0:0),1,,,
1618,2013/14,36,NK Maribor-NK Domžale,2014-05-25,16:00:00,NK Maribor,NK Domžale,0,0,0:0 (0:0),0,,,
1619,2013/14,36,Olimpija Ljubljana-NK Zavr?,2014-05-25,16:00:00,Olimpija Ljubljana,NK Zavr?,3,2,3:2 (3:0),1,,,
1620,2013/14,36,FC Koper-Rudar Velenje,2014-05-25,16:00:00,FC Koper,Rudar Velenje,3,1,3:1 (2:0),1,,,
1621,2014/15,1,NK Celje-NK Zavr?,2014-07-18,19:00:00,NK Celje,NK Zavr?,0,1,0:1 (0:0),1,,,
1622,2014/15,1,Olimpija Ljubljana-NK Krka,2014-07-19,16:00:00,Olimpija Ljubljana,NK Krka,3,1,3:1 (2:1),1,,,
1623,2014/15,1,NK Maribor-Rudar Velenje,2014-07-19,19:05:00,NK Maribor,Rudar Velenje,1,0,1:0 (0:0),1,,,
1624,2014/15,1,NK Radomlje-FC Koper,2014-07-20,17:00:00,NK Radomlje,FC Koper,1,2,1:2 (0:1),1,,,
1625,2014/15,1,ND Gorica-NK Domžale,2014-07-20,19:00:00,ND Gorica,NK Domžale,0,1,0:1 (0:1),1,,,
1626,2014/15,2,NK Maribor-NK Radomlje,2014-07-26,16:00:00,NK Maribor,NK Radomlje,3,2,3:2 (1:1),1,,,
1627,2014/15,2,Rudar Velenje-NK Zavr?,2014-07-26,19:00:00,Rudar Velenje,NK Zavr?,0,2,0:2 (0:0),1,,,
1628,2014/15,2,NK Krka-ND Gorica,2014-07-27,17:00:00,NK Krka,ND Gorica,2,1,2:1 (0:0),1,,,
1629,2014/15,2,NK Domžale-NK Celje,2014-07-27,19:05:00,NK Domžale,NK Celje,1,0,1:0 (0:0),1,,,
1630,2014/15,2,FC Koper-Olimpija Ljubljana,2014-08-27,19:30:00,FC Koper,Olimpija Ljubljana,1,2,1:2 (0:1),1,,,
1631,2014/15,3,NK Zavr?-NK Domžale,2014-08-01,17:00:00,NK Zavr?,NK Domžale,0,2,0:2 (0:1),1,,,
1632,2014/15,3,NK Celje-NK Krka,2014-08-01,19:00:00,NK Celje,NK Krka,3,0,3:0 (2:0),1,,,
1633,2014/15,3,NK Radomlje-Rudar Velenje,2014-08-02,16:00:00,NK Radomlje,Rudar Velenje,1,2,1:2 (1:2),1,,,
1634,2014/15,3,ND Gorica-FC Koper,2014-08-03,19:00:00,ND Gorica,FC Koper,0,1,0:1 (0:1),1,,,
1635,2014/15,3,Olimpija Ljubljana-NK Maribor,2015-04-08,19:05:00,Olimpija Ljubljana,NK Maribor,0,0,0:0 (0:0),0,,,
1636,2014/15,4,FC Koper-NK Celje,2014-08-09,16:00:00,FC Koper,NK Celje,0,2,0:2 (0:1),1,,,
1637,2014/15,4,Rudar Velenje-NK Domžale,2014-08-09,19:00:00,Rudar Velenje,NK Domžale,0,1,0:1 (0:1),1,,,
1638,2014/15,4,NK Maribor-ND Gorica,2014-08-09,19:05:00,NK Maribor,ND Gorica,2,1,2:1 (2:1),1,,,
1639,2014/15,4,NK Krka-NK Zavr?,2014-08-10,17:00:00,NK Krka,NK Zavr?,2,3,2:3 (0:3),1,,,
1640,2014/15,4,NK Radomlje-Olimpija Ljubljana,2014-08-10,18:00:00,NK Radomlje,Olimpija Ljubljana,1,4,1:4 (1:1),1,,,
1641,2014/15,5,NK Zavr?-FC Koper,2014-08-15,16:30:00,NK Zavr?,FC Koper,1,0,1:0 (0:0),1,,,
1642,2014/15,5,NK Celje-NK Maribor,2014-08-16,16:00:00,NK Celje,NK Maribor,3,1,3:1 (2:0),1,,,
1643,2014/15,5,NK Domžale-NK Krka,2014-08-16,19:00:00,NK Domžale,NK Krka,2,0,2:0 (0:0),1,,,
1644,2014/15,5,Olimpija Ljubljana-Rudar Velenje,2014-08-16,19:05:00,Olimpija Ljubljana,Rudar Velenje,2,0,2:0 (1:0),1,,,
1645,2014/15,5,ND Gorica-NK Radomlje,2014-08-17,19:00:00,ND Gorica,NK Radomlje,4,0,4:0 (0:0),1,,,
1646,2014/15,6,Olimpija Ljubljana-ND Gorica,2014-08-23,16:00:00,Olimpija Ljubljana,ND Gorica,0,0,0:0 (0:0),0,,,
1647,2014/15,6,Rudar Velenje-NK Krka,2014-08-23,19:00:00,Rudar Velenje,NK Krka,3,1,3:1 (0:1),1,,,
1648,2014/15,6,NK Maribor-NK Zavr?,2014-08-23,19:00:00,NK Maribor,NK Zavr?,3,0,3:0 (2:0),1,,,
1649,2014/15,6,FC Koper-NK Domžale,2014-08-24,17:00:00,FC Koper,NK Domžale,0,1,0:1 (0:0),1,,,
1650,2014/15,6,NK Radomlje-NK Celje,2014-08-24,17:00:00,NK Radomlje,NK Celje,0,3,0:3 (0:1),1,,,
1651,2014/15,7,NK Zavr?-NK Radomlje,2014-08-29,16:00:00,NK Zavr?,NK Radomlje,2,1,2:1 (1:0),1,,,
1652,2014/15,7,NK Celje-Olimpija Ljubljana,2014-08-30,16:00:00,NK Celje,Olimpija Ljubljana,0,0,0:0 (0:0),0,,,
1653,2014/15,7,NK Domžale-NK Maribor,2014-08-30,19:05:00,NK Domžale,NK Maribor,2,0,2:0 (1:0),1,,,
1654,2014/15,7,NK Krka-FC Koper,2014-08-31,16:00:00,NK Krka,FC Koper,1,3,1:3 (0:3),1,,,
1655,2014/15,7,ND Gorica-Rudar Velenje,2014-08-31,19:00:00,ND Gorica,Rudar Velenje,1,2,1:2 (1:0),1,,,
1656,2014/15,8,NK Maribor-NK Krka,2014-09-13,15:00:00,NK Maribor,NK Krka,2,0,2:0 (2:0),1,,,
1657,2014/15,8,ND Gorica-NK Celje,2014-09-13,15:00:00,ND Gorica,NK Celje,1,1,1:1 (1:1),0,,,
1658,2014/15,8,Rudar Velenje-FC Koper,2014-09-13,17:00:00,Rudar Velenje,FC Koper,2,3,2:3 (1:2),1,,,
1659,2014/15,8,NK Radomlje-NK Domžale,2014-09-13,17:00:00,NK Radomlje,NK Domžale,0,2,0:2 (0:1),1,,,
1660,2014/15,8,Olimpija Ljubljana-NK Zavr?,2014-09-13,19:30:00,Olimpija Ljubljana,NK Zavr?,2,0,2:0 (0:0),1,,,
1661,2014/15,9,FC Koper-NK Maribor,2014-09-20,15:00:00,FC Koper,NK Maribor,1,2,1:2 (1:1),1,,,
1662,2014/15,9,NK Celje-Rudar Velenje,2014-09-20,17:00:00,NK Celje,Rudar Velenje,1,1,1:1 (1:0),0,,,
1663,2014/15,9,NK Domžale-Olimpija Ljubljana,2014-09-20,19:05:00,NK Domžale,Olimpija Ljubljana,0,0,0:0 (0:0),0,,,
1664,2014/15,9,NK Zavr?-ND Gorica,2014-09-21,15:00:00,NK Zavr?,ND Gorica,0,0,0:0 (0:0),0,,,
1665,2014/15,9,NK Krka-NK Radomlje,2014-09-21,15:00:00,NK Krka,NK Radomlje,0,0,0:0 (0:0),0,,,
1666,2014/15,10,NK Krka-Olimpija Ljubljana,2014-09-24,15:00:00,NK Krka,Olimpija Ljubljana,2,1,2:1 (1:0),1,,,
1667,2014/15,10,NK Zavr?-NK Celje,2014-09-24,15:00:00,NK Zavr?,NK Celje,0,0,0:0 (0:0),0,,,
1668,2014/15,10,NK Domžale-ND Gorica,2014-09-24,18:00:00,NK Domžale,ND Gorica,3,0,3:0 (0:0),1,,,
1669,2014/15,10,FC Koper-NK Radomlje,2014-09-24,19:00:00,FC Koper,NK Radomlje,1,2,1:2 (0:1),1,,,
1670,2014/15,10,Rudar Velenje-NK Maribor,2014-09-24,19:05:00,Rudar Velenje,NK Maribor,0,1,0:1 (0:0),1,,,
1671,2014/15,11,NK Radomlje-NK Maribor,2014-09-27,15:00:00,NK Radomlje,NK Maribor,0,0,0:0 (0:0),0,,,
1672,2014/15,11,NK Celje-NK Domžale,2014-09-27,16:00:00,NK Celje,NK Domžale,2,0,2:0 (2:0),1,,,
1673,2014/15,11,Olimpija Ljubljana-FC Koper,2014-09-27,17:00:00,Olimpija Ljubljana,FC Koper,4,0,4:0 (2:0),1,,,
1674,2014/15,11,NK Zavr?-Rudar Velenje,2014-09-28,15:00:00,NK Zavr?,Rudar Velenje,1,0,1:0 (0:0),1,,,
1675,2014/15,11,ND Gorica-NK Krka,2014-09-29,15:00:00,ND Gorica,NK Krka,2,1,2:1 (1:0),1,,,
1676,2014/15,12,NK Domžale-NK Zavr?,2014-10-04,15:00:00,NK Domžale,NK Zavr?,1,3,1:3 (0:0),1,,,
1677,2014/15,12,Rudar Velenje-NK Radomlje,2014-10-04,17:00:00,Rudar Velenje,NK Radomlje,2,0,2:0 (1:0),1,,,
1678,2014/15,12,FC Koper-ND Gorica,2014-10-04,17:00:00,FC Koper,ND Gorica,1,0,1:0 (1:0),1,,,
1679,2014/15,12,NK Maribor-Olimpija Ljubljana,2014-10-04,19:05:00,NK Maribor,Olimpija Ljubljana,3,3,3:3 (2:3),0,,,
1680,2014/15,12,NK Krka-NK Celje,2014-10-05,14:00:00,NK Krka,NK Celje,1,1,1:1 (1:0),0,,,
1681,2014/15,13,NK Zavr?-NK Krka,2014-10-15,14:00:00,NK Zavr?,NK Krka,2,0,2:0 (0:0),1,,,
1682,2014/15,13,NK Celje-FC Koper,2014-10-15,16:00:00,NK Celje,FC Koper,1,1,1:1 (1:0),0,,,
1683,2014/15,13,ND Gorica-NK Maribor,2014-10-15,17:00:00,ND Gorica,NK Maribor,0,2,0:2 (0:1),1,,,
1684,2014/15,13,Olimpija Ljubljana-NK Radomlje,2014-10-15,17:00:00,Olimpija Ljubljana,NK Radomlje,4,0,4:0 (1:0),1,,,
1685,2014/15,13,NK Domžale-Rudar Velenje,2014-10-15,19:05:00,NK Domžale,Rudar Velenje,1,1,1:1 (1:1),0,,,
1686,2014/15,14,Rudar Velenje-Olimpija Ljubljana,2014-10-18,15:00:00,Rudar Velenje,Olimpija Ljubljana,0,0,0:0 (0:0),0,,,
1687,2014/15,14,FC Koper-NK Zavr?,2014-10-18,17:00:00,FC Koper,NK Zavr?,2,1,2:1 (1:0),1,,,
1688,2014/15,14,NK Maribor-NK Celje,2014-10-18,19:05:00,NK Maribor,NK Celje,1,2,1:2 (1:1),1,,,
1689,2014/15,14,NK Krka-NK Domžale,2014-10-19,14:00:00,NK Krka,NK Domžale,0,1,0:1 (0:0),1,,,
1690,2014/15,14,NK Radomlje-ND Gorica,2014-10-19,16:00:00,NK Radomlje,ND Gorica,0,3,0:3 (0:2),1,,,
1691,2014/15,15,NK Zavr?-NK Maribor,2014-10-25,13:00:00,NK Zavr?,NK Maribor,0,1,0:1 (0:0),1,,,
1692,2014/15,15,NK Domžale-FC Koper,2014-10-25,15:00:00,NK Domžale,FC Koper,2,0,2:0 (2:0),1,,,
1693,2014/15,15,NK Celje-NK Radomlje,2014-10-25,15:00:00,NK Celje,NK Radomlje,5,0,5:0 (4:0),1,,,
1694,2014/15,15,ND Gorica-Olimpija Ljubljana,2014-10-25,17:00:00,ND Gorica,Olimpija Ljubljana,0,3,0:3 (0:1),1,,,
1695,2014/15,15,NK Krka-Rudar Velenje,2014-10-26,13:00:00,NK Krka,Rudar Velenje,1,1,1:1 (1:0),0,,,
1696,2014/15,16,NK Maribor-NK Domžale,2014-10-31,16:00:00,NK Maribor,NK Domžale,0,1,0:1 (0:1),1,,,
1697,2014/15,16,Rudar Velenje-ND Gorica,2014-11-02,16:00:00,Rudar Velenje,ND Gorica,1,0,1:0 (1:0),1,,,
1698,2014/15,16,Olimpija Ljubljana-NK Celje,2014-11-02,16:00:00,Olimpija Ljubljana,NK Celje,1,3,1:3 (0:1),1,,,
1699,2014/15,16,NK Radomlje-NK Zavr?,2014-11-02,16:00:00,NK Radomlje,NK Zavr?,1,2,1:2 (0:2),1,,,
1700,2014/15,16,FC Koper-NK Krka,2014-11-02,16:00:00,FC Koper,NK Krka,1,0,1:0 (0:0),1,,,
1701,2014/15,17,NK Zavr?-Olimpija Ljubljana,2014-11-08,13:00:00,NK Zavr?,Olimpija Ljubljana,0,2,0:2 (0:1),1,,,
1702,2014/15,17,NK Celje-ND Gorica,2014-11-08,15:00:00,NK Celje,ND Gorica,2,0,2:0 (0:0),1,,,
1703,2014/15,17,FC Koper-Rudar Velenje,2014-11-08,17:00:00,FC Koper,Rudar Velenje,1,3,1:3 (1:0),1,,,
1704,2014/15,17,NK Krka-NK Maribor,2014-11-09,13:00:00,NK Krka,NK Maribor,1,3,1:3 (0:2),1,,,
1705,2014/15,17,NK Domžale-NK Radomlje,2014-11-09,16:00:00,NK Domžale,NK Radomlje,3,0,3:0 (2:0),1,,,
1706,2014/15,18,ND Gorica-NK Zavr?,2014-11-22,13:00:00,ND Gorica,NK Zavr?,1,0,1:0 (1:0),1,,,
1707,2014/15,18,Rudar Velenje-NK Celje,2014-11-22,15:00:00,Rudar Velenje,NK Celje,0,0,0:0 (0:0),0,,,
1708,2014/15,18,NK Maribor-FC Koper,2014-11-22,15:00:00,NK Maribor,FC Koper,4,0,4:0 (3:0),1,,,
1709,2014/15,18,Olimpija Ljubljana-NK Domžale,2014-11-22,17:00:00,Olimpija Ljubljana,NK Domžale,2,1,2:1 (2:0),1,,,
1710,2014/15,18,NK Radomlje-NK Krka,2014-11-23,15:00:00,NK Radomlje,NK Krka,0,2,0:2 (0:1),1,,,
1711,2014/15,19,NK Maribor-Rudar Velenje,2014-11-29,13:00:00,NK Maribor,Rudar Velenje,3,2,3:2 (2:0),1,,,
1712,2014/15,19,ND Gorica-NK Domžale,2014-11-29,13:00:00,ND Gorica,NK Domžale,1,2,1:2 (1:1),1,,,
1713,2014/15,19,NK Celje-NK Zavr?,2014-11-29,15:00:00,NK Celje,NK Zavr?,3,0,3:0 (3:0),1,,,
1714,2014/15,19,Olimpija Ljubljana-NK Krka,2014-11-29,17:00:00,Olimpija Ljubljana,NK Krka,1,2,1:2 (0:1),1,,,
1715,2014/15,19,NK Radomlje-FC Koper,2014-11-30,15:00:00,NK Radomlje,FC Koper,2,1,2:1 (2:1),1,,,
1716,2014/15,20,NK Domžale-NK Celje,2014-12-06,13:00:00,NK Domžale,NK Celje,0,1,0:1 (0:0),1,,,
1717,2014/15,20,Rudar Velenje-NK Zavr?,2014-12-06,15:00:00,Rudar Velenje,NK Zavr?,7,2,7:2 (5:0),1,,,
1718,2014/15,20,FC Koper-Olimpija Ljubljana,2014-12-06,15:00:00,FC Koper,Olimpija Ljubljana,2,1,2:1 (0:1),1,,,
1719,2014/15,20,NK Maribor-NK Radomlje,2014-12-06,15:00:00,NK Maribor,NK Radomlje,4,1,4:1 (3:0),1,,,
1720,2014/15,20,NK Krka-ND Gorica,2014-12-07,12:00:00,NK Krka,ND Gorica,0,2,0:2 (0:1),1,,,
1721,2014/15,21,ND Gorica-FC Koper,2015-03-04,14:00:00,ND Gorica,FC Koper,1,2,1:2 (1:2),1,,,
1722,2014/15,21,NK Radomlje-Rudar Velenje,2015-03-04,16:00:00,NK Radomlje,Rudar Velenje,1,0,1:0 (0:0),1,,,
1723,2014/15,21,NK Celje-NK Krka,2015-03-04,16:00:00,NK Celje,NK Krka,2,1,2:1 (1:1),1,,,
1724,2014/15,21,NK Zavr?-NK Domžale,2015-03-04,18:00:00,NK Zavr?,NK Domžale,1,0,1:0 (1:0),1,,,
1725,2014/15,21,Olimpija Ljubljana-NK Maribor,2015-03-04,19:05:00,Olimpija Ljubljana,NK Maribor,0,1,0:1 (0:1),1,,,
1726,2014/15,22,Rudar Velenje-NK Domžale,2015-02-28,14:00:00,Rudar Velenje,NK Domžale,0,0,0:0 (0:0),0,,,
1727,2014/15,22,NK Radomlje-Olimpija Ljubljana,2015-02-28,14:00:00,NK Radomlje,Olimpija Ljubljana,0,4,0:4 (0:0),1,,,
1728,2014/15,22,NK Maribor-ND Gorica,2015-02-28,15:00:00,NK Maribor,ND Gorica,5,1,5:1 (2:1),1,,,
1729,2014/15,22,NK Krka-NK Zavr?,2015-03-01,14:00:00,NK Krka,NK Zavr?,3,0,3:0 (2:0),1,,,
1730,2014/15,22,FC Koper-NK Celje,2015-03-11,17:00:00,FC Koper,NK Celje,0,1,0:1 (0:0),1,,,
1731,2014/15,23,NK Celje-NK Maribor,2015-03-07,13:15:00,NK Celje,NK Maribor,0,2,0:2 (0:1),1,,,
1732,2014/15,23,Olimpija Ljubljana-Rudar Velenje,2015-03-07,15:00:00,Olimpija Ljubljana,Rudar Velenje,0,0,0:0 (0:0),0,,,
1733,2014/15,23,NK Domžale-NK Krka,2015-03-07,16:00:00,NK Domžale,NK Krka,2,1,2:1 (1:1),1,,,
1734,2014/15,23,NK Zavr?-FC Koper,2015-03-07,17:00:00,NK Zavr?,FC Koper,2,1,2:1 (1:0),1,,,
1735,2014/15,23,ND Gorica-NK Radomlje,2015-03-08,14:00:00,ND Gorica,NK Radomlje,0,0,0:0 (0:0),0,,,
1736,2014/15,24,Rudar Velenje-NK Krka,2015-03-14,15:00:00,Rudar Velenje,NK Krka,0,0,0:0 (0:0),0,,,
1737,2014/15,24,NK Maribor-NK Zavr?,2015-03-14,15:00:00,NK Maribor,NK Zavr?,2,1,2:1 (0:1),1,,,
1738,2014/15,24,Olimpija Ljubljana-ND Gorica,2015-03-14,15:00:00,Olimpija Ljubljana,ND Gorica,3,1,3:1 (2:1),1,,,
1739,2014/15,24,NK Radomlje-NK Celje,2015-03-15,14:00:00,NK Radomlje,NK Celje,0,1,0:1 (0:1),1,,,
1740,2014/15,24,FC Koper-NK Domžale,2015-03-15,16:30:00,FC Koper,NK Domžale,1,0,1:0 (0:0),1,,,
1741,2014/15,25,NK Zavr?-NK Radomlje,2015-03-20,18:00:00,NK Zavr?,NK Radomlje,1,0,1:0 (1:0),1,,,
1742,2014/15,25,ND Gorica-Rudar Velenje,2015-03-21,14:00:00,ND Gorica,Rudar Velenje,3,0,3:0 (1:0),1,,,
1743,2014/15,25,NK Celje-Olimpija Ljubljana,2015-03-21,15:00:00,NK Celje,Olimpija Ljubljana,0,0,0:0 (0:0),0,,,
1744,2014/15,25,NK Krka-FC Koper,2015-03-22,14:00:00,NK Krka,FC Koper,3,0,3:0 (0:0),1,,,
1745,2014/15,25,NK Domžale-NK Maribor,2015-03-22,15:00:00,NK Domžale,NK Maribor,0,0,0:0 (0:0),0,,,
1746,2014/15,26,NK Radomlje-NK Domžale,2015-04-03,18:00:00,NK Radomlje,NK Domžale,0,3,0:3 (0:2),1,,,
1747,2014/15,26,NK Maribor-NK Krka,2015-04-04,15:00:00,NK Maribor,NK Krka,2,2,2:2 (1:0),0,,,
1748,2014/15,26,ND Gorica-NK Celje,2015-04-04,15:00:00,ND Gorica,NK Celje,2,2,2:2 (1:1),0,,,
1749,2014/15,26,Olimpija Ljubljana-NK Zavr?,2015-04-04,17:00:00,Olimpija Ljubljana,NK Zavr?,3,1,3:1 (1:0),1,,,
1750,2014/15,26,Rudar Velenje-FC Koper,2015-04-04,19:05:00,Rudar Velenje,FC Koper,2,2,2:2 (2:1),0,,,
1751,2014/15,27,NK Celje-Rudar Velenje,2015-04-10,17:00:00,NK Celje,Rudar Velenje,1,3,1:3 (1:2),1,,,
1752,2014/15,27,NK Zavr?-ND Gorica,2015-04-10,19:00:00,NK Zavr?,ND Gorica,0,0,0:0 (0:0),0,,,
1753,2014/15,27,FC Koper-NK Maribor,2015-04-11,15:00:00,FC Koper,NK Maribor,1,4,1:4 (0:3),1,,,
1754,2014/15,27,NK Domžale-Olimpija Ljubljana,2015-04-11,19:05:00,NK Domžale,Olimpija Ljubljana,0,1,0:1 (0:1),1,,,
1755,2014/15,27,NK Krka-NK Radomlje,2015-04-12,15:00:00,NK Krka,NK Radomlje,1,1,1:1 (1:1),0,,,
1756,2014/15,28,NK Domžale-ND Gorica,2015-04-18,15:00:00,NK Domžale,ND Gorica,3,1,3:1 (1:1),1,,,
1757,2014/15,28,FC Koper-NK Radomlje,2015-04-18,19:00:00,FC Koper,NK Radomlje,2,0,2:0 (1:0),1,,,
1758,2014/15,28,NK Zavr?-NK Celje,2015-04-18,19:00:00,NK Zavr?,NK Celje,1,2,1:2 (1:0),1,,,
1759,2014/15,28,Rudar Velenje-NK Maribor,2015-04-18,19:05:00,Rudar Velenje,NK Maribor,2,0,2:0 (1:0),1,,,
1760,2014/15,28,NK Krka-Olimpija Ljubljana,2015-04-19,15:00:00,NK Krka,Olimpija Ljubljana,0,0,0:0 (0:0),0,,,
1761,2014/15,29,NK Radomlje-NK Maribor,2015-04-24,18:00:00,NK Radomlje,NK Maribor,1,6,1:6 (0:3),1,,,
1762,2014/15,29,NK Zavr?-Rudar Velenje,2015-04-24,19:00:00,NK Zavr?,Rudar Velenje,0,0,0:0 (0:0),0,,,
1763,2014/15,29,Olimpija Ljubljana-FC Koper,2015-04-25,15:00:00,Olimpija Ljubljana,FC Koper,0,0,0:0 (0:0),0,,,
1764,2014/15,29,ND Gorica-NK Krka,2015-04-25,16:00:00,ND Gorica,NK Krka,3,0,3:0 (2:0),1,,,
1765,2014/15,29,NK Celje-NK Domžale,2015-04-25,19:05:00,NK Celje,NK Domžale,0,0,0:0 (0:0),0,,,
1766,2014/15,30,NK Maribor-Olimpija Ljubljana,2015-04-29,16:00:00,NK Maribor,Olimpija Ljubljana,4,1,4:1 (1:1),1,,,
1767,2014/15,30,NK Krka-NK Celje,2015-04-29,16:00:00,NK Krka,NK Celje,0,4,0:4 (0:2),1,,,
1768,2014/15,30,Rudar Velenje-NK Radomlje,2015-04-29,17:00:00,Rudar Velenje,NK Radomlje,3,2,3:2 (0:1),1,,,
1769,2014/15,30,FC Koper-ND Gorica,2015-04-29,19:00:00,FC Koper,ND Gorica,2,0,2:0 (1:0),1,,,
1770,2014/15,30,NK Domžale-NK Zavr?,2015-04-29,19:00:00,NK Domžale,NK Zavr?,2,3,2:3 (1:3),1,,,
1771,2014/15,31,Olimpija Ljubljana-NK Radomlje,2015-05-02,15:00:00,Olimpija Ljubljana,NK Radomlje,3,1,3:1 (1:0),1,,,
1772,2014/15,31,ND Gorica-NK Maribor,2015-05-02,16:00:00,ND Gorica,NK Maribor,1,1,1:1 (0:1),0,,,
1773,2014/15,31,NK Celje-FC Koper,2015-05-02,17:00:00,NK Celje,FC Koper,3,2,3:2 (0:2),1,,,
1774,2014/15,31,NK Zavr?-NK Krka,2015-05-02,19:00:00,NK Zavr?,NK Krka,0,1,0:1 (0:0),1,,,
1775,2014/15,31,NK Domžale-Rudar Velenje,2015-05-02,19:05:00,NK Domžale,Rudar Velenje,4,0,4:0 (2:0),1,,,
1776,2014/15,32,NK Maribor-NK Celje,2015-05-06,16:00:00,NK Maribor,NK Celje,4,1,4:1 (2:0),1,,,
1777,2014/15,32,NK Krka-NK Domžale,2015-05-06,16:00:00,NK Krka,NK Domžale,3,2,3:2 (0:2),1,,,
1778,2014/15,32,Rudar Velenje-Olimpija Ljubljana,2015-05-06,17:00:00,Rudar Velenje,Olimpija Ljubljana,2,0,2:0 (0:0),1,,,
1779,2014/15,32,NK Radomlje-ND Gorica,2015-05-06,17:00:00,NK Radomlje,ND Gorica,1,0,1:0 (0:0),1,,,
1780,2014/15,32,FC Koper-NK Zavr?,2015-05-06,17:00:00,FC Koper,NK Zavr?,1,2,1:2 (1:0),1,,,
1781,2014/15,33,NK Celje-NK Radomlje,2015-05-09,15:00:00,NK Celje,NK Radomlje,3,2,3:2 (1:0),1,,,
1782,2014/15,33,ND Gorica-Olimpija Ljubljana,2015-05-09,16:00:00,ND Gorica,Olimpija Ljubljana,1,2,1:2 (1:1),1,,,
1783,2014/15,33,NK Zavr?-NK Maribor,2015-05-09,19:00:00,NK Zavr?,NK Maribor,1,3,1:3 (0:0),1,,,
1784,2014/15,33,NK Krka-Rudar Velenje,2015-05-10,16:00:00,NK Krka,Rudar Velenje,2,0,2:0 (1:0),1,,,
1785,2014/15,33,NK Domžale-FC Koper,2015-05-12,17:00:00,NK Domžale,FC Koper,3,0,3:0 (3:0),1,,,
1786,2014/15,34,Olimpija Ljubljana-NK Celje,2015-05-16,15:00:00,Olimpija Ljubljana,NK Celje,1,2,1:2 (1:0),1,,,
1787,2014/15,34,Rudar Velenje-ND Gorica,2015-05-16,17:00:00,Rudar Velenje,ND Gorica,1,2,1:2 (0:2),1,,,
1788,2014/15,34,FC Koper-NK Krka,2015-05-16,19:00:00,FC Koper,NK Krka,0,2,0:2 (0:1),1,,,
1789,2014/15,34,NK Maribor-NK Domžale,2015-05-16,19:05:00,NK Maribor,NK Domžale,1,0,1:0 (0:0),1,,,
1790,2014/15,34,NK Radomlje-NK Zavr?,2015-05-17,18:00:00,NK Radomlje,NK Zavr?,0,4,0:4 (0:1),1,,,
1791,2014/15,35,FC Koper-Rudar Velenje,2015-05-23,16:00:00,FC Koper,Rudar Velenje,0,3,0:3 (0:1),1,,,
1792,2014/15,35,NK Krka-NK Maribor,2015-05-23,16:00:00,NK Krka,NK Maribor,1,3,1:3 (0:2),1,,,
1793,2014/15,35,NK Domžale-NK Radomlje,2015-05-23,16:00:00,NK Domžale,NK Radomlje,4,0,4:0 (1:0),1,,,
1794,2014/15,35,NK Zavr?-Olimpija Ljubljana,2015-05-23,16:00:00,NK Zavr?,Olimpija Ljubljana,1,2,1:2 (1:0),1,,,
1795,2014/15,35,NK Celje-ND Gorica,2015-05-23,16:00:00,NK Celje,ND Gorica,0,3,0:3 (0:2),1,,,
1796,2014/15,36,Rudar Velenje-NK Celje,2015-05-30,16:00:00,Rudar Velenje,NK Celje,1,3,1:3 (0:2),1,,,
1797,2014/15,36,ND Gorica-NK Zavr?,2015-05-30,16:00:00,ND Gorica,NK Zavr?,4,0,4:0 (4:0),1,,,
1798,2014/15,36,Olimpija Ljubljana-NK Domžale,2015-05-30,16:00:00,Olimpija Ljubljana,NK Domžale,0,2,0:2 (0:1),1,,,
1799,2014/15,36,NK Radomlje-NK Krka,2015-05-30,16:00:00,NK Radomlje,NK Krka,0,1,0:1 (0:1),1,,,
1800,2014/15,36,NK Maribor-FC Koper,2015-05-30,16:00:00,NK Maribor,FC Koper,0,0,0:0 (0:0),0,,,
1801,2015/16,1,NK Maribor-NK Zavr?,2015-07-17,19:15:00,NK Maribor,NK Zavr?,1,1,1:1 (1:1),0,,,
1802,2015/16,1,Rudar Velenje-NK Krka,2015-07-18,17:30:00,Rudar Velenje,NK Krka,0,1,0:1 (0:1),1,,,
1803,2015/16,1,Olimpija Ljubljana-ND Gorica,2015-07-18,19:15:00,Olimpija Ljubljana,ND Gorica,4,1,4:1 (2:1),1,,,
1804,2015/16,1,NK Krško-NK Celje,2015-07-19,17:30:00,NK Krško,NK Celje,1,0,1:0 (0:0),1,,,
1805,2015/16,1,FC Koper-NK Domžale,2015-07-19,19:15:00,FC Koper,NK Domžale,2,3,2:3 (0:2),1,,,
1806,2015/16,2,ND Gorica-Rudar Velenje,2015-07-24,17:00:00,ND Gorica,Rudar Velenje,2,1,2:1 (1:0),1,,,
1807,2015/16,2,NK Zavr?-Olimpija Ljubljana,2015-07-24,19:15:00,NK Zavr?,Olimpija Ljubljana,0,0,0:0 (0:0),0,,,
1808,2015/16,2,NK Domžale-NK Maribor,2015-07-25,19:15:00,NK Domžale,NK Maribor,0,1,0:1 (0:1),1,,,
1809,2015/16,2,NK Krško-FC Koper,2015-07-26,17:30:00,NK Krško,FC Koper,1,0,1:0 (1:0),1,,,
1810,2015/16,2,NK Celje-NK Krka,2015-07-26,19:15:00,NK Celje,NK Krka,1,1,1:1 (0:0),0,,,
1811,2015/16,3,NK Maribor-NK Krško,2015-08-01,17:30:00,NK Maribor,NK Krško,4,1,4:1 (2:0),1,,,
1812,2015/16,3,Rudar Velenje-NK Zavr?,2015-08-01,17:30:00,Rudar Velenje,NK Zavr?,1,3,1:3 (1:2),1,,,
1813,2015/16,3,Olimpija Ljubljana-NK Domžale,2015-08-01,19:15:00,Olimpija Ljubljana,NK Domžale,0,2,0:2 (0:1),1,,,
1814,2015/16,3,NK Krka-ND Gorica,2015-08-02,17:30:00,NK Krka,ND Gorica,1,2,1:2 (1:1),1,,,
1815,2015/16,3,FC Koper-NK Celje,2015-08-02,19:15:00,FC Koper,NK Celje,1,1,1:1 (1:1),0,,,
1816,2015/16,4,NK Celje-ND Gorica,2015-08-07,17:30:00,NK Celje,ND Gorica,2,3,2:3 (1:1),1,,,
1817,2015/16,4,NK Zavr?-NK Krka,2015-08-07,17:30:00,NK Zavr?,NK Krka,0,1,0:1 (0:0),1,,,
1818,2015/16,4,FC Koper-NK Maribor,2015-08-07,19:15:00,FC Koper,NK Maribor,2,1,2:1 (0:0),1,,,
1819,2015/16,4,NK Domžale-Rudar Velenje,2015-08-08,17:30:00,NK Domžale,Rudar Velenje,0,2,0:2 (0:1),1,,,
1820,2015/16,4,NK Krško-Olimpija Ljubljana,2015-08-08,19:15:00,NK Krško,Olimpija Ljubljana,0,2,0:2 (0:1),1,,,
1821,2015/16,5,ND Gorica-NK Zavr?,2015-08-11,16:30:00,ND Gorica,NK Zavr?,3,0,3:0 (0:0),1,,,
1822,2015/16,5,Rudar Velenje-NK Krško,2015-08-12,16:30:00,Rudar Velenje,NK Krško,1,1,1:1 (1:1),0,,,
1823,2015/16,5,NK Krka-NK Domžale,2015-08-12,16:30:00,NK Krka,NK Domžale,0,4,0:4 (0:2),1,,,
1824,2015/16,5,Olimpija Ljubljana-FC Koper,2015-08-12,16:30:00,Olimpija Ljubljana,FC Koper,4,1,4:1 (2:1),1,,,
1825,2015/16,5,NK Maribor-NK Celje,2015-08-12,18:15:00,NK Maribor,NK Celje,1,0,1:0 (0:0),1,,,
1826,2015/16,6,NK Krško-NK Krka,2015-08-15,16:45:00,NK Krško,NK Krka,0,0,0:0 (0:0),0,,,
1827,2015/16,6,FC Koper-Rudar Velenje,2015-08-15,19:15:00,FC Koper,Rudar Velenje,1,1,1:1 (0:1),0,,,
1828,2015/16,6,NK Domžale-ND Gorica,2015-08-15,19:15:00,NK Domžale,ND Gorica,2,3,2:3 (1:1),1,,,
1829,2015/16,6,NK Maribor-Olimpija Ljubljana,2015-08-16,19:15:00,NK Maribor,Olimpija Ljubljana,0,3,0:3 (0:2),1,,,
1830,2015/16,6,NK Celje-NK Zavr?,2015-08-17,19:15:00,NK Celje,NK Zavr?,2,1,2:1 (0:0),1,,,
1831,2015/16,7,NK Zavr?-NK Domžale,2015-08-21,18:00:00,NK Zavr?,NK Domžale,0,0,0:0 (0:0),0,,,
1832,2015/16,7,Rudar Velenje-NK Maribor,2015-08-22,16:45:00,Rudar Velenje,NK Maribor,0,0,0:0 (0:0),0,,,
1833,2015/16,7,ND Gorica-NK Krško,2015-08-23,16:00:00,ND Gorica,NK Krško,3,1,3:1 (2:0),1,,,
1834,2015/16,7,NK Krka-FC Koper,2015-08-23,16:00:00,NK Krka,FC Koper,2,4,2:4 (0:0),1,,,
1835,2015/16,7,Olimpija Ljubljana-NK Celje,2015-08-23,16:45:00,Olimpija Ljubljana,NK Celje,6,0,6:0 (2:0),1,,,
1836,2015/16,8,NK Maribor-NK Krka,2015-08-29,16:45:00,NK Maribor,NK Krka,2,2,2:2 (1:1),0,,,
1837,2015/16,8,FC Koper-ND Gorica,2015-08-29,19:15:00,FC Koper,ND Gorica,1,3,1:3 (0:1),1,,,
1838,2015/16,8,NK Celje-NK Domžale,2015-08-29,19:15:00,NK Celje,NK Domžale,0,3,0:3 (0:1),1,,,
1839,2015/16,8,NK Krško-NK Zavr?,2015-08-29,19:15:00,NK Krško,NK Zavr?,0,1,0:1 (0:0),1,,,
1840,2015/16,8,Olimpija Ljubljana-Rudar Velenje,2015-08-30,16:45:00,Olimpija Ljubljana,Rudar Velenje,5,0,5:0 (1:0),1,,,
1841,2015/16,9,NK Krka-Olimpija Ljubljana,2015-09-11,16:00:00,NK Krka,Olimpija Ljubljana,1,3,1:3 (0:0),1,,,
1842,2015/16,9,NK Zavr?-FC Koper,2015-09-11,19:15:00,NK Zavr?,FC Koper,1,0,1:0 (1:0),1,,,
1843,2015/16,9,ND Gorica-NK Maribor,2015-09-12,16:45:00,ND Gorica,NK Maribor,1,4,1:4 (1:2),1,,,
1844,2015/16,9,Rudar Velenje-NK Celje,2015-09-12,19:15:00,Rudar Velenje,NK Celje,4,0,4:0 (1:0),1,,,
1845,2015/16,9,NK Domžale-NK Krško,2015-09-13,16:45:00,NK Domžale,NK Krško,2,0,2:0 (1:0),1,,,
1846,2015/16,10,NK Celje-NK Krško,2015-09-18,17:00:00,NK Celje,NK Krško,0,0,0:0 (0:0),0,,,
1847,2015/16,10,NK Krka-Rudar Velenje,2015-09-19,15:00:00,NK Krka,Rudar Velenje,0,0,0:0 (0:0),0,,,
1848,2015/16,10,ND Gorica-Olimpija Ljubljana,2015-09-19,16:45:00,ND Gorica,Olimpija Ljubljana,0,3,0:3 (0:1),1,,,
1849,2015/16,10,NK Zavr?-NK Maribor,2015-09-19,18:00:00,NK Zavr?,NK Maribor,2,1,2:1 (1:0),1,,,
1850,2015/16,10,NK Domžale-FC Koper,2015-09-20,16:45:00,NK Domžale,FC Koper,1,0,1:0 (1:0),1,,,
1851,2015/16,11,Rudar Velenje-ND Gorica,2015-09-23,15:00:00,Rudar Velenje,ND Gorica,1,0,1:0 (1:0),1,,,
1852,2015/16,11,NK Krka-NK Celje,2015-09-23,15:00:00,NK Krka,NK Celje,1,0,1:0 (0:0),1,,,
1853,2015/16,11,NK Maribor-NK Domžale,2015-09-23,17:00:00,NK Maribor,NK Domžale,1,1,1:1 (0:0),0,,,
1854,2015/16,11,Olimpija Ljubljana-NK Zavr?,2015-09-23,17:00:00,Olimpija Ljubljana,NK Zavr?,0,2,0:2 (0:2),1,,,
1855,2015/16,11,FC Koper-NK Krško,2015-09-23,19:00:00,FC Koper,NK Krško,4,0,4:0 (1:0),1,,,
1856,2015/16,12,NK Celje-FC Koper,2015-09-26,15:00:00,NK Celje,FC Koper,1,1,1:1 (0:1),0,,,
1857,2015/16,12,NK Domžale-Olimpija Ljubljana,2015-09-26,16:45:00,NK Domžale,Olimpija Ljubljana,1,1,1:1 (0:1),0,,,
1858,2015/16,12,NK Zavr?-Rudar Velenje,2015-09-26,18:00:00,NK Zavr?,Rudar Velenje,3,2,3:2 (0:0),1,,,
1859,2015/16,12,ND Gorica-NK Krka,2015-09-27,15:00:00,ND Gorica,NK Krka,2,0,2:0 (0:0),1,,,
1860,2015/16,12,NK Krško-NK Maribor,2015-09-27,16:45:00,NK Krško,NK Maribor,1,3,1:3 (1:1),1,,,
1861,2015/16,13,ND Gorica-NK Celje,2015-10-03,15:00:00,ND Gorica,NK Celje,1,1,1:1 (0:1),0,,,
1862,2015/16,13,Rudar Velenje-NK Domžale,2015-10-03,16:00:00,Rudar Velenje,NK Domžale,0,0,0:0 (0:0),0,,,
1863,2015/16,13,NK Maribor-FC Koper,2015-10-03,16:45:00,NK Maribor,FC Koper,4,0,4:0 (1:0),1,,,
1864,2015/16,13,NK Krka-NK Zavr?,2015-10-04,15:00:00,NK Krka,NK Zavr?,1,1,1:1 (1:0),0,,,
1865,2015/16,13,Olimpija Ljubljana-NK Krško,2015-10-04,16:45:00,Olimpija Ljubljana,NK Krško,5,0,5:0 (2:0),1,,,
1866,2015/16,14,NK Zavr?-ND Gorica,2015-10-16,18:00:00,NK Zavr?,ND Gorica,1,2,1:2 (0:2),1,,,
1867,2015/16,14,NK Celje-NK Maribor,2015-10-17,16:45:00,NK Celje,NK Maribor,1,3,1:3 (0:0),1,,,
1868,2015/16,14,NK Domžale-NK Krka,2015-10-17,19:00:00,NK Domžale,NK Krka,3,0,3:0 (1:0),1,,,
1869,2015/16,14,NK Krško-Rudar Velenje,2015-10-17,19:00:00,NK Krško,Rudar Velenje,0,0,0:0 (0:0),0,,,
1870,2015/16,14,FC Koper-Olimpija Ljubljana,2015-10-18,16:45:00,FC Koper,Olimpija Ljubljana,1,2,1:2 (0:1),1,,,
1871,2015/16,15,Rudar Velenje-FC Koper,2015-10-24,16:00:00,Rudar Velenje,FC Koper,1,0,1:0 (0:0),1,,,
1872,2015/16,15,NK Zavr?-NK Celje,2015-10-24,16:00:00,NK Zavr?,NK Celje,0,1,0:1 (0:1),1,,,
1873,2015/16,15,NK Krka-NK Krško,2015-10-25,13:00:00,NK Krka,NK Krško,2,0,2:0 (1:0),1,,,
1874,2015/16,15,ND Gorica-NK Domžale,2015-10-25,16:45:00,ND Gorica,NK Domžale,0,1,0:1 (0:0),1,,,
1875,2015/16,15,Olimpija Ljubljana-NK Maribor,2015-11-21,19:15:00,Olimpija Ljubljana,NK Maribor,2,2,2:2 (1:2),0,,,
1876,2015/16,16,NK Krško-ND Gorica,2015-10-30,18:00:00,NK Krško,ND Gorica,1,0,1:0 (1:0),1,,,
1877,2015/16,16,NK Domžale-NK Zavr?,2015-10-31,14:30:00,NK Domžale,NK Zavr?,0,1,0:1 (0:0),1,,,
1878,2015/16,16,NK Celje-Olimpija Ljubljana,2015-10-31,14:30:00,NK Celje,Olimpija Ljubljana,0,4,0:4 (0:3),1,,,
1879,2015/16,16,NK Maribor-Rudar Velenje,2015-10-31,16:45:00,NK Maribor,Rudar Velenje,7,1,7:1 (5:1),1,,,
1880,2015/16,16,FC Koper-NK Krka,2015-10-31,19:00:00,FC Koper,NK Krka,0,0,0:0 (0:0),0,,,
1881,2015/16,17,NK Zavr?-NK Krško,2015-11-06,17:00:00,NK Zavr?,NK Krško,1,1,1:1 (0:0),0,,,
1882,2015/16,17,Rudar Velenje-Olimpija Ljubljana,2015-11-07,16:45:00,Rudar Velenje,Olimpija Ljubljana,1,3,1:3 (1:2),1,,,
1883,2015/16,17,NK Krka-NK Maribor,2015-11-08,13:00:00,NK Krka,NK Maribor,0,2,0:2 (0:0),1,,,
1884,2015/16,17,NK Domžale-NK Celje,2015-11-08,14:30:00,NK Domžale,NK Celje,2,2,2:2 (0:1),0,,,
1885,2015/16,17,ND Gorica-FC Koper,2015-11-08,16:45:00,ND Gorica,FC Koper,1,2,1:2 (1:1),1,,,
1886,2015/16,18,FC Koper-NK Zavr?,2015-11-21,15:00:00,FC Koper,NK Zavr?,3,1,3:1 (1:0),1,,,
1887,2015/16,18,NK Celje-Rudar Velenje,2015-11-22,16:30:00,NK Celje,Rudar Velenje,1,0,1:0 (1:0),1,,,
1888,2015/16,18,NK Maribor-ND Gorica,2015-11-25,16:30:00,NK Maribor,ND Gorica,4,2,4:2 (2:0),1,,,
1889,2015/16,18,NK Krško-NK Domžale,2015-11-25,16:30:00,NK Krško,NK Domžale,1,1,1:1 (0:0),0,,,
1890,2015/16,18,Olimpija Ljubljana-NK Krka,2015-11-25,16:30:00,Olimpija Ljubljana,NK Krka,3,1,3:1 (1:0),1,,,
1891,2015/16,19,Rudar Velenje-NK Krka,2015-11-28,14:30:00,Rudar Velenje,NK Krka,1,1,1:1 (1:1),0,,,
1892,2015/16,19,NK Krško-NK Celje,2015-11-28,14:30:00,NK Krško,NK Celje,0,0,0:0 (0:0),0,,,
1893,2015/16,19,NK Maribor-NK Zavr?,2015-11-28,16:30:00,NK Maribor,NK Zavr?,3,3,3:3 (1:1),0,,,
1894,2015/16,19,FC Koper-NK Domžale,2015-11-28,19:00:00,FC Koper,NK Domžale,0,2,0:2 (0:2),1,,,
1895,2015/16,19,Olimpija Ljubljana-ND Gorica,2015-11-29,16:30:00,Olimpija Ljubljana,ND Gorica,0,2,0:2 (0:1),1,,,
1896,2015/16,20,ND Gorica-Rudar Velenje,2015-12-02,12:00:00,ND Gorica,Rudar Velenje,1,0,1:0 (0:0),1,,,
1897,2015/16,20,NK Celje-NK Krka,2015-12-02,15:00:00,NK Celje,NK Krka,1,0,1:0 (0:0),1,,,
1898,2015/16,20,NK Krško-FC Koper,2015-12-02,15:00:00,NK Krško,FC Koper,0,1,0:1 (0:1),1,,,
1899,2015/16,20,NK Zavr?-Olimpija Ljubljana,2015-12-02,15:00:00,NK Zavr?,Olimpija Ljubljana,1,2,1:2 (1:1),1,,,
1900,2015/16,20,NK Domžale-NK Maribor,2015-12-02,17:00:00,NK Domžale,NK Maribor,0,0,0:0 (0:0),0,,,
1901,2015/16,21,Rudar Velenje-NK Zavr?,2015-12-05,14:30:00,Rudar Velenje,NK Zavr?,1,0,1:0 (1:0),1,,,
1902,2015/16,21,NK Maribor-NK Krško,2015-12-05,16:30:00,NK Maribor,NK Krško,6,0,6:0 (3:0),1,,,
1903,2015/16,21,FC Koper-NK Celje,2015-12-05,19:00:00,FC Koper,NK Celje,1,2,1:2 (1:0),1,,,
1904,2015/16,21,NK Krka-ND Gorica,2015-12-06,12:00:00,NK Krka,ND Gorica,1,0,1:0 (0:0),1,,,
1905,2015/16,21,Olimpija Ljubljana-NK Domžale,2015-12-06,16:30:00,Olimpija Ljubljana,NK Domžale,0,0,0:0 (0:0),0,,,
1906,2015/16,22,NK Zavr?-NK Krka,2015-12-11,17:00:00,NK Zavr?,NK Krka,2,1,2:1 (0:1),1,,,
1907,2015/16,22,NK Domžale-Rudar Velenje,2015-12-12,14:00:00,NK Domžale,Rudar Velenje,4,0,4:0 (2:0),1,,,
1908,2015/16,22,NK Celje-ND Gorica,2015-12-12,14:00:00,NK Celje,ND Gorica,2,2,2:2 (1:0),0,,,
1909,2015/16,22,NK Krško-Olimpija Ljubljana,2015-12-12,16:30:00,NK Krško,Olimpija Ljubljana,2,1,2:1 (0:1),1,,,
1910,2015/16,22,FC Koper-NK Maribor,2015-12-13,16:30:00,FC Koper,NK Maribor,0,5,0:5 (0:4),1,,,
1911,2015/16,23,ND Gorica-NK Zavr?,2016-02-27,14:00:00,ND Gorica,NK Zavr?,2,2,2:2 (1:2),0,,,
1912,2015/16,23,Rudar Velenje-NK Krško,2016-02-27,14:00:00,Rudar Velenje,NK Krško,0,1,0:1 (0:0),1,,,
1913,2015/16,23,NK Maribor-NK Celje,2016-02-27,15:55:00,NK Maribor,NK Celje,0,1,0:1 (0:0),1,,,
1914,2015/16,23,NK Krka-NK Domžale,2016-02-28,14:00:00,NK Krka,NK Domžale,3,1,3:1 (1:0),1,,,
1915,2015/16,23,Olimpija Ljubljana-FC Koper,2016-02-28,15:55:00,Olimpija Ljubljana,FC Koper,2,0,2:0 (1:0),1,,,
1916,2015/16,24,NK Celje-NK Zavr?,2016-03-05,14:00:00,NK Celje,NK Zavr?,0,0,0:0 (0:0),0,,,
1917,2015/16,24,FC Koper-Rudar Velenje,2016-03-05,16:00:00,FC Koper,Rudar Velenje,0,1,0:1 (0:1),1,,,
1918,2015/16,24,NK Maribor-Olimpija Ljubljana,2016-03-05,19:15:00,NK Maribor,Olimpija Ljubljana,0,0,0:0 (0:0),0,,,
1919,2015/16,24,NK Krško-NK Krka,2016-03-06,14:00:00,NK Krško,NK Krka,3,0,3:0 (1:0),1,,,
1920,2015/16,24,NK Domžale-ND Gorica,2016-03-06,15:55:00,NK Domžale,ND Gorica,1,1,1:1 (0:0),0,,,
1921,2015/16,25,NK Zavr?-NK Domžale,2016-03-11,18:00:00,NK Zavr?,NK Domžale,0,1,0:1 (0:1),1,,,
1922,2015/16,25,ND Gorica-NK Krško,2016-03-12,14:00:00,ND Gorica,NK Krško,1,0,1:0 (0:0),1,,,
1923,2015/16,25,Rudar Velenje-NK Maribor,2016-03-12,15:55:00,Rudar Velenje,NK Maribor,0,3,0:3 (0:1),1,,,
1924,2015/16,25,NK Krka-FC Koper,2016-03-13,14:00:00,NK Krka,FC Koper,0,1,0:1 (0:0),1,,,
1925,2015/16,25,Olimpija Ljubljana-NK Celje,2016-03-13,15:55:00,Olimpija Ljubljana,NK Celje,0,0,0:0 (0:0),0,,,
1926,2015/16,26,FC Koper-ND Gorica,2016-03-18,16:00:00,FC Koper,ND Gorica,1,1,1:1 (0:0),0,,,
1927,2015/16,26,NK Maribor-NK Krka,2016-03-19,13:55:00,NK Maribor,NK Krka,2,1,2:1 (1:1),1,,,
1928,2015/16,26,NK Celje-NK Domžale,2016-03-19,14:00:00,NK Celje,NK Domžale,1,2,1:2 (1:0),1,,,
1929,2015/16,26,NK Krško-NK Zavr?,2016-03-19,18:00:00,NK Krško,NK Zavr?,0,1,0:1 (0:1),1,,,
1930,2015/16,26,Olimpija Ljubljana-Rudar Velenje,2016-03-20,13:55:00,Olimpija Ljubljana,Rudar Velenje,5,0,5:0 (1:0),1,,,
1931,2015/16,27,NK Krka-Olimpija Ljubljana,2016-04-02,14:00:00,NK Krka,Olimpija Ljubljana,0,2,0:2 (0:1),1,,,
1932,2015/16,27,ND Gorica-NK Maribor,2016-04-02,15:55:00,ND Gorica,NK Maribor,0,2,0:2 (0:0),1,,,
1933,2015/16,27,Rudar Velenje-NK Celje,2016-04-02,18:00:00,Rudar Velenje,NK Celje,2,0,2:0 (1:0),1,,,
1934,2015/16,27,NK Domžale-NK Krško,2016-04-02,18:00:00,NK Domžale,NK Krško,2,3,2:3 (0:1),1,,,
1935,2015/16,27,NK Zavr?-FC Koper,2016-04-03,15:55:00,NK Zavr?,FC Koper,1,3,1:3 (0:2),1,,,
1936,2015/16,28,ND Gorica-Olimpija Ljubljana,2016-04-06,15:00:00,ND Gorica,Olimpija Ljubljana,1,1,1:1 (0:1),0,,,
1937,2015/16,28,NK Krka-Rudar Velenje,2016-04-06,15:00:00,NK Krka,Rudar Velenje,1,5,1:5 (0:4),1,,,
1938,2015/16,28,NK Celje-NK Krško,2016-04-06,16:00:00,NK Celje,NK Krško,0,1,0:1 (0:1),1,,,
1939,2015/16,28,NK Domžale-FC Koper,2016-04-06,17:00:00,NK Domžale,FC Koper,1,1,1:1 (0:0),0,,,
1940,2015/16,28,NK Zavr?-NK Maribor,2016-04-06,17:00:00,NK Zavr?,NK Maribor,0,0,0:0 (0:0),0,,,
1941,2015/16,29,NK Maribor-NK Domžale,2016-04-09,15:55:00,NK Maribor,NK Domžale,2,1,2:1 (1:0),1,,,
1942,2015/16,29,Rudar Velenje-ND Gorica,2016-04-09,18:00:00,Rudar Velenje,ND Gorica,1,0,1:0 (1:0),1,,,
1943,2015/16,29,NK Krka-NK Celje,2016-04-10,15:00:00,NK Krka,NK Celje,1,1,1:1 (0:0),0,,,
1944,2015/16,29,Olimpija Ljubljana-NK Zavr?,2016-04-10,15:55:00,Olimpija Ljubljana,NK Zavr?,1,1,1:1 (0:0),0,,,
1945,2015/16,29,FC Koper-NK Krško,2016-04-10,18:00:00,FC Koper,NK Krško,0,1,0:1 (0:1),1,,,
1946,2015/16,30,NK Celje-FC Koper,2016-04-16,14:00:00,NK Celje,FC Koper,3,0,3:0 (2:0),1,,,
1947,2015/16,30,NK Domžale-Olimpija Ljubljana,2016-04-16,15:55:00,NK Domžale,Olimpija Ljubljana,0,1,0:1 (0:0),1,,,
1948,2015/16,30,ND Gorica-NK Krka,2016-04-16,18:00:00,ND Gorica,NK Krka,1,0,1:0 (0:0),1,,,
1949,2015/16,30,NK Krško-NK Maribor,2016-04-17,15:55:00,NK Krško,NK Maribor,1,3,1:3 (1:1),1,,,
1950,2015/16,30,NK Zavr?-Rudar Velenje,2016-04-17,18:00:00,NK Zavr?,Rudar Velenje,0,2,0:2 (0:0),1,,,
1951,2015/16,31,Olimpija Ljubljana-NK Krško,2016-04-23,15:55:00,Olimpija Ljubljana,NK Krško,0,1,0:1 (0:0),1,,,
1952,2015/16,31,ND Gorica-NK Celje,2016-04-23,18:00:00,ND Gorica,NK Celje,1,2,1:2 (1:1),1,,,
1953,2015/16,31,Rudar Velenje-NK Domžale,2016-04-23,18:00:00,Rudar Velenje,NK Domžale,1,2,1:2 (0:1),1,,,
1954,2015/16,31,NK Krka-NK Zavr?,2016-04-24,14:00:00,NK Krka,NK Zavr?,2,0,2:0 (0:0),1,,,
1955,2015/16,31,NK Maribor-FC Koper,2016-04-24,15:55:00,NK Maribor,FC Koper,2,2,2:2 (1:0),0,,,
1956,2015/16,32,NK Krško-Rudar Velenje,2016-04-27,17:00:00,NK Krško,Rudar Velenje,1,1,1:1 (0:1),0,,,
1957,2015/16,32,NK Zavr?-ND Gorica,2016-04-29,18:00:00,NK Zavr?,ND Gorica,1,1,1:1 (1:0),0,,,
1958,2015/16,32,NK Celje-NK Maribor,2016-04-30,15:55:00,NK Celje,NK Maribor,0,0,0:0 (0:0),0,,,
1959,2015/16,32,NK Domžale-NK Krka,2016-04-30,18:00:00,NK Domžale,NK Krka,1,1,1:1 (0:0),0,,,
1960,2015/16,32,FC Koper-Olimpija Ljubljana,2016-05-01,15:55:00,FC Koper,Olimpija Ljubljana,1,2,1:2 (1:0),1,,,
1961,2015/16,33,NK Zavr?-NK Celje,2016-05-06,18:00:00,NK Zavr?,NK Celje,0,1,0:1 (0:0),1,,,
1962,2015/16,33,Rudar Velenje-FC Koper,2016-05-07,16:00:00,Rudar Velenje,FC Koper,0,2,0:2 (0:2),1,,,
1963,2015/16,33,NK Krka-NK Krško,2016-05-07,16:00:00,NK Krka,NK Krško,0,0,0:0 (0:0),0,,,
1964,2015/16,33,Olimpija Ljubljana-NK Maribor,2016-05-07,19:15:00,Olimpija Ljubljana,NK Maribor,1,2,1:2 (1:0),1,,,
1965,2015/16,33,ND Gorica-NK Domžale,2016-05-08,15:55:00,ND Gorica,NK Domžale,0,2,0:2 (0:1),1,,,
1966,2015/16,34,NK Maribor-Rudar Velenje,2016-05-11,15:00:00,NK Maribor,Rudar Velenje,2,3,2:3 (1:0),1,,,
1967,2015/16,34,NK Celje-Olimpija Ljubljana,2016-05-11,15:00:00,NK Celje,Olimpija Ljubljana,1,3,1:3 (1:2),1,,,
1968,2015/16,34,NK Krško-ND Gorica,2016-05-11,17:00:00,NK Krško,ND Gorica,0,2,0:2 (0:1),1,,,
1969,2015/16,34,FC Koper-NK Krka,2016-05-11,18:00:00,FC Koper,NK Krka,2,3,2:3 (1:1),1,,,
1970,2015/16,34,NK Domžale-NK Zavr?,2016-05-11,18:00:00,NK Domžale,NK Zavr?,0,0,0:0 (0:0),0,,,
1971,2015/16,35,ND Gorica-FC Koper,2016-05-14,15:55:00,ND Gorica,FC Koper,0,1,0:1 (0:1),1,,,
1972,2015/16,35,Rudar Velenje-Olimpija Ljubljana,2016-05-14,15:55:00,Rudar Velenje,Olimpija Ljubljana,0,1,0:1 (0:0),1,,,
1973,2015/16,35,NK Domžale-NK Celje,2016-05-14,15:55:00,NK Domžale,NK Celje,0,3,0:3 (0:2),1,,,
1974,2015/16,35,NK Krka-NK Maribor,2016-05-14,15:55:00,NK Krka,NK Maribor,1,3,1:3 (1:2),1,,,
1975,2015/16,35,NK Zavr?-NK Krško,2016-05-14,15:55:00,NK Zavr?,NK Krško,1,1,1:1 (0:1),0,,,
1976,2015/16,36,FC Koper-NK Zavr?,2016-05-21,15:55:00,FC Koper,NK Zavr?,1,0,1:0 (1:0),1,,,
1977,2015/16,36,NK Maribor-ND Gorica,2016-05-21,15:55:00,NK Maribor,ND Gorica,2,3,2:3 (2:1),1,,,
1978,2015/16,36,NK Celje-Rudar Velenje,2016-05-21,15:55:00,NK Celje,Rudar Velenje,1,0,1:0 (0:0),1,,,
1979,2015/16,36,NK Krško-NK Domžale,2016-05-21,15:55:00,NK Krško,NK Domžale,0,0,0:0 (0:0),0,,,
1980,2015/16,36,Olimpija Ljubljana-NK Krka,2016-05-21,15:55:00,Olimpija Ljubljana,NK Krka,3,0,3:0 (2:0),1,,,
1981,2016/17,1,Rudar Velenje-NK Krško,2016-07-16,17:15:00,Rudar Velenje,NK Krško,1,1,1:1 (1:0),0,,,
1982,2016/17,1,Olimpija Ljubljana-NK Celje,2016-07-16,19:15:00,Olimpija Ljubljana,NK Celje,1,0,1:0 (1:0),1,,,
1983,2016/17,1,ND Gorica-NK Aluminij,2016-07-17,17:15:00,ND Gorica,NK Aluminij,2,0,2:0 (1:0),1,,,
1984,2016/17,1,NK Domžale-NK Radomlje,2016-07-17,17:15:00,NK Domžale,NK Radomlje,2,0,2:0 (1:0),1,,,
1985,2016/17,1,NK Maribor-FC Koper,2016-07-17,19:15:00,NK Maribor,FC Koper,1,0,1:0 (0:0),1,,,
1986,2016/17,2,NK Celje-ND Gorica,2016-07-22,17:00:00,NK Celje,ND Gorica,1,0,1:0 (0:0),1,,,
1987,2016/17,2,FC Koper-NK Aluminij,2016-07-23,17:15:00,FC Koper,NK Aluminij,1,0,1:0 (0:0),1,,,
1988,2016/17,2,NK Radomlje-Olimpija Ljubljana,2016-07-23,19:15:00,NK Radomlje,Olimpija Ljubljana,0,2,0:2 (0:0),1,,,
1989,2016/17,2,NK Krško-NK Domžale,2016-07-24,17:15:00,NK Krško,NK Domžale,1,1,1:1 (1:0),0,,,
1990,2016/17,2,NK Maribor-Rudar Velenje,2016-07-24,19:15:00,NK Maribor,Rudar Velenje,2,0,2:0 (1:0),1,,,
1991,2016/17,3,ND Gorica-NK Radomlje,2016-07-30,19:15:00,ND Gorica,NK Radomlje,2,1,2:1 (0:0),1,,,
1992,2016/17,3,Rudar Velenje-FC Koper,2016-07-30,19:15:00,Rudar Velenje,FC Koper,2,0,2:0 (0:0),1,,,
1993,2016/17,3,NK Aluminij-NK Celje,2016-07-31,17:15:00,NK Aluminij,NK Celje,2,4,2:4 (1:1),1,,,
1994,2016/17,3,NK Domžale-NK Maribor,2016-07-31,19:15:00,NK Domžale,NK Maribor,2,2,2:2 (0:2),0,,,
1995,2016/17,3,Olimpija Ljubljana-NK Krško,2016-08-01,19:15:00,Olimpija Ljubljana,NK Krško,3,1,3:1 (2:1),1,,,
1996,2016/17,4,NK Radomlje-NK Aluminij,2016-08-06,17:15:00,NK Radomlje,NK Aluminij,2,2,2:2 (1:0),0,,,
1997,2016/17,4,NK Krško-ND Gorica,2016-08-06,17:15:00,NK Krško,ND Gorica,1,0,1:0 (0:0),1,,,
1998,2016/17,4,FC Koper-NK Celje,2016-08-06,19:15:00,FC Koper,NK Celje,2,1,2:1 (1:1),1,,,
1999,2016/17,4,Rudar Velenje-NK Domžale,2016-08-07,17:15:00,Rudar Velenje,NK Domžale,0,2,0:2 (0:1),1,,,
2000,2016/17,4,NK Maribor-Olimpija Ljubljana,2016-08-08,19:15:00,NK Maribor,Olimpija Ljubljana,1,1,1:1 (1:0),0,,,
2001,2016/17,5,NK Celje-NK Radomlje,2016-08-12,17:15:00,NK Celje,NK Radomlje,0,0,0:0 (0:0),0,,,
2002,2016/17,5,ND Gorica-NK Maribor,2016-08-13,16:55:00,ND Gorica,NK Maribor,2,1,2:1 (1:0),1,,,
2003,2016/17,5,NK Domžale-FC Koper,2016-08-13,19:15:00,NK Domžale,FC Koper,2,0,2:0 (0:0),1,,,
2004,2016/17,5,NK Aluminij-NK Krško,2016-08-14,16:30:00,NK Aluminij,NK Krško,3,0,3:0 (1:0),1,,,
2005,2016/17,5,Olimpija Ljubljana-Rudar Velenje,2016-08-14,19:15:00,Olimpija Ljubljana,Rudar Velenje,0,2,0:2 (0:1),1,,,
2006,2016/17,6,FC Koper-NK Radomlje,2016-08-20,17:15:00,FC Koper,NK Radomlje,3,0,3:0 (2:0),1,,,
2007,2016/17,6,Rudar Velenje-ND Gorica,2016-08-20,17:15:00,Rudar Velenje,ND Gorica,1,2,1:2 (1:1),1,,,
2008,2016/17,6,NK Domžale-Olimpija Ljubljana,2016-08-20,19:15:00,NK Domžale,Olimpija Ljubljana,1,3,1:3 (0:1),1,,,
2009,2016/17,6,NK Krško-NK Celje,2016-08-21,17:15:00,NK Krško,NK Celje,1,0,1:0 (1:0),1,,,
2010,2016/17,6,NK Maribor-NK Aluminij,2016-08-21,19:15:00,NK Maribor,NK Aluminij,0,2,0:2 (0:1),1,,,
2011,2016/17,7,NK Radomlje-NK Krško,2016-08-26,18:00:00,NK Radomlje,NK Krško,2,2,2:2 (1:1),0,,,
2012,2016/17,7,ND Gorica-NK Domžale,2016-08-26,19:15:00,ND Gorica,NK Domžale,3,1,3:1 (1:0),1,,,
2013,2016/17,7,Olimpija Ljubljana-FC Koper,2016-08-27,19:15:00,Olimpija Ljubljana,FC Koper,0,1,0:1 (0:0),1,,,
2014,2016/17,7,NK Aluminij-Rudar Velenje,2016-08-28,16:00:00,NK Aluminij,Rudar Velenje,0,3,0:3 (0:1),1,,,
2015,2016/17,7,NK Celje-NK Maribor,2016-08-28,19:15:00,NK Celje,NK Maribor,0,3,0:3 (0:0),1,,,
2016,2016/17,8,NK Domžale-NK Aluminij,2016-09-09,19:15:00,NK Domžale,NK Aluminij,2,0,2:0 (0:0),1,,,
2017,2016/17,8,Rudar Velenje-NK Celje,2016-09-10,17:15:00,Rudar Velenje,NK Celje,1,3,1:3 (1:1),1,,,
2018,2016/17,8,FC Koper-NK Krško,2016-09-10,19:15:00,FC Koper,NK Krško,1,0,1:0 (0:0),1,,,
2019,2016/17,8,NK Maribor-NK Radomlje,2016-09-10,19:15:00,NK Maribor,NK Radomlje,4,0,4:0 (2:0),1,,,
2020,2016/17,8,Olimpija Ljubljana-ND Gorica,2016-09-11,15:55:00,Olimpija Ljubljana,ND Gorica,1,0,1:0 (0:0),1,,,
2021,2016/17,9,NK Celje-NK Domžale,2016-09-17,15:00:00,NK Celje,NK Domžale,2,1,2:1 (1:0),1,,,
2022,2016/17,9,NK Radomlje-Rudar Velenje,2016-09-17,17:15:00,NK Radomlje,Rudar Velenje,2,2,2:2 (0:0),0,,,
2023,2016/17,9,NK Krško-NK Maribor,2016-09-17,19:15:00,NK Krško,NK Maribor,1,2,1:2 (1:1),1,,,
2024,2016/17,9,NK Aluminij-Olimpija Ljubljana,2016-09-18,15:00:00,NK Aluminij,Olimpija Ljubljana,0,3,0:3 (0:1),1,,,
2025,2016/17,9,ND Gorica-FC Koper,2016-09-28,17:15:00,ND Gorica,FC Koper,1,1,1:1 (1:1),0,,,
2026,2016/17,10,NK Aluminij-ND Gorica,2016-09-21,15:00:00,NK Aluminij,ND Gorica,0,0,0:0 (0:0),0,,,
2027,2016/17,10,NK Celje-Olimpija Ljubljana,2016-09-21,17:15:00,NK Celje,Olimpija Ljubljana,0,1,0:1 (0:0),1,,,
2028,2016/17,10,NK Radomlje-NK Domžale,2016-09-21,17:15:00,NK Radomlje,NK Domžale,0,5,0:5 (0:3),1,,,
2029,2016/17,10,NK Krško-Rudar Velenje,2016-09-21,17:15:00,NK Krško,Rudar Velenje,1,0,1:0 (0:0),1,,,
2030,2016/17,10,FC Koper-NK Maribor,2016-09-21,19:15:00,FC Koper,NK Maribor,1,2,1:2 (1:1),1,,,
2031,2016/17,11,ND Gorica-NK Celje,2016-09-24,17:15:00,ND Gorica,NK Celje,0,1,0:1 (0:1),1,,,
2032,2016/17,11,NK Domžale-NK Krško,2016-09-24,17:15:00,NK Domžale,NK Krško,5,0,5:0 (3:0),1,,,
2033,2016/17,11,Olimpija Ljubljana-NK Radomlje,2016-09-24,19:15:00,Olimpija Ljubljana,NK Radomlje,2,0,2:0 (1:0),1,,,
2034,2016/17,11,NK Aluminij-FC Koper,2016-09-25,14:00:00,NK Aluminij,FC Koper,0,0,0:0 (0:0),0,,,
2035,2016/17,11,Rudar Velenje-NK Maribor,2016-09-25,15:55:00,Rudar Velenje,NK Maribor,1,1,1:1 (0:1),0,,,
2036,2016/17,12,NK Celje-NK Aluminij,2016-10-01,15:00:00,NK Celje,NK Aluminij,1,0,1:0 (1:0),1,,,
2037,2016/17,12,FC Koper-Rudar Velenje,2016-10-01,17:00:00,FC Koper,Rudar Velenje,1,4,1:4 (1:2),1,,,
2038,2016/17,12,NK Maribor-NK Domžale,2016-10-01,19:15:00,NK Maribor,NK Domžale,3,1,3:1 (0:1),1,,,
2039,2016/17,12,NK Krško-Olimpija Ljubljana,2016-10-02,15:55:00,NK Krško,Olimpija Ljubljana,1,2,1:2 (0:1),1,,,
2040,2016/17,12,NK Radomlje-ND Gorica,2016-10-02,18:00:00,NK Radomlje,ND Gorica,2,4,2:4 (0:2),1,,,
2041,2016/17,13,ND Gorica-NK Krško,2016-10-14,19:00:00,ND Gorica,NK Krško,1,1,1:1 (0:1),0,,,
2042,2016/17,13,NK Aluminij-NK Radomlje,2016-10-15,14:00:00,NK Aluminij,NK Radomlje,2,1,2:1 (1:0),1,,,
2043,2016/17,13,NK Domžale-Rudar Velenje,2016-10-15,16:00:00,NK Domžale,Rudar Velenje,3,1,3:1 (0:0),1,,,
2044,2016/17,13,Olimpija Ljubljana-NK Maribor,2016-10-15,19:30:00,Olimpija Ljubljana,NK Maribor,1,3,1:3 (0:1),1,,,
2045,2016/17,13,NK Celje-FC Koper,2016-10-16,15:55:00,NK Celje,FC Koper,1,1,1:1 (0:1),0,,,
2046,2016/17,14,NK Radomlje-NK Celje,2016-10-21,18:00:00,NK Radomlje,NK Celje,0,3,0:3 (0:1),1,,,
2047,2016/17,14,NK Krško-NK Aluminij,2016-10-22,15:00:00,NK Krško,NK Aluminij,2,2,2:2 (0:1),0,,,
2048,2016/17,14,FC Koper-NK Domžale,2016-10-22,17:00:00,FC Koper,NK Domžale,1,3,1:3 (1:2),1,,,
2049,2016/17,14,NK Maribor-ND Gorica,2016-10-22,19:15:00,NK Maribor,ND Gorica,1,0,1:0 (0:0),1,,,
2050,2016/17,14,Rudar Velenje-Olimpija Ljubljana,2016-10-23,15:55:00,Rudar Velenje,Olimpija Ljubljana,0,0,0:0 (0:0),0,,,
2051,2016/17,15,NK Celje-NK Krško,2016-10-29,14:00:00,NK Celje,NK Krško,0,3,0:3 (0:2),1,,,
2052,2016/17,15,Olimpija Ljubljana-NK Domžale,2016-10-29,19:15:00,Olimpija Ljubljana,NK Domžale,1,0,1:0 (0:0),1,,,
2053,2016/17,15,NK Aluminij-NK Maribor,2016-10-30,13:00:00,NK Aluminij,NK Maribor,0,0,0:0 (0:0),0,,,
2054,2016/17,15,NK Radomlje-FC Koper,2016-10-30,15:00:00,NK Radomlje,FC Koper,1,3,1:3 (0:1),1,,,
2055,2016/17,15,ND Gorica-Rudar Velenje,2016-10-30,17:00:00,ND Gorica,Rudar Velenje,1,3,1:3 (0:0),1,,,
2056,2016/17,16,Rudar Velenje-NK Aluminij,2016-11-05,15:00:00,Rudar Velenje,NK Aluminij,0,0,0:0 (0:0),0,,,
2057,2016/17,16,NK Domžale-ND Gorica,2016-11-05,17:00:00,NK Domžale,ND Gorica,5,0,5:0 (3:0),1,,,
2058,2016/17,16,NK Maribor-NK Celje,2016-11-05,19:15:00,NK Maribor,NK Celje,2,0,2:0 (0:0),1,,,
2059,2016/17,16,NK Krško-NK Radomlje,2016-11-06,14:00:00,NK Krško,NK Radomlje,1,1,1:1 (0:0),0,,,
2060,2016/17,16,FC Koper-Olimpija Ljubljana,2016-11-06,15:55:00,FC Koper,Olimpija Ljubljana,1,2,1:2 (0:1),1,,,
2061,2016/17,17,NK Celje-Rudar Velenje,2016-11-19,13:00:00,NK Celje,Rudar Velenje,4,0,4:0 (1:0),1,,,
2062,2016/17,17,NK Krško-FC Koper,2016-11-19,15:00:00,NK Krško,FC Koper,0,0,0:0 (0:0),0,,,
2063,2016/17,17,ND Gorica-Olimpija Ljubljana,2016-11-19,19:15:00,ND Gorica,Olimpija Ljubljana,1,1,1:1 (0:1),0,,,
2064,2016/17,17,NK Aluminij-NK Domžale,2016-11-20,13:00:00,NK Aluminij,NK Domžale,0,4,0:4 (0:1),1,,,
2065,2016/17,17,NK Radomlje-NK Maribor,2016-11-20,15:55:00,NK Radomlje,NK Maribor,0,3,0:3 (0:2),1,,,
2066,2016/17,18,Rudar Velenje-NK Radomlje,2016-11-25,16:00:00,Rudar Velenje,NK Radomlje,2,0,2:0 (0:0),1,,,
2067,2016/17,18,NK Domžale-NK Celje,2016-11-26,15:00:00,NK Domžale,NK Celje,2,1,2:1 (1:0),1,,,
2068,2016/17,18,FC Koper-ND Gorica,2016-11-26,17:00:00,FC Koper,ND Gorica,0,0,0:0 (0:0),0,,,
2069,2016/17,18,NK Maribor-NK Krško,2016-11-26,19:15:00,NK Maribor,NK Krško,4,0,4:0 (4:0),1,,,
2070,2016/17,18,Olimpija Ljubljana-NK Aluminij,2016-11-27,15:55:00,Olimpija Ljubljana,NK Aluminij,3,0,3:0 (2:0),1,,,
2071,2016/17,19,ND Gorica-NK Aluminij,2016-11-30,15:00:00,ND Gorica,NK Aluminij,3,0,3:0 (0:0),1,,,
2072,2016/17,19,Rudar Velenje-NK Krško,2016-11-30,15:00:00,Rudar Velenje,NK Krško,2,2,2:2 (0:2),0,,,
2073,2016/17,19,NK Domžale-NK Radomlje,2016-11-30,17:00:00,NK Domžale,NK Radomlje,0,2,0:2 (0:0),1,,,
2074,2016/17,19,Olimpija Ljubljana-NK Celje,2016-11-30,17:00:00,Olimpija Ljubljana,NK Celje,2,1,2:1 (2:0),1,,,
2075,2016/17,19,NK Maribor-FC Koper,2016-11-30,19:15:00,NK Maribor,FC Koper,4,0,4:0 (3:0),1,,,
2076,2016/17,20,NK Celje-ND Gorica,2016-12-03,13:00:00,NK Celje,ND Gorica,1,1,1:1 (0:1),0,,,
2077,2016/17,20,FC Koper-NK Aluminij,2016-12-03,15:00:00,FC Koper,NK Aluminij,1,0,1:0 (0:0),1,,,
2078,2016/17,20,NK Maribor-Rudar Velenje,2016-12-03,19:15:00,NK Maribor,Rudar Velenje,1,0,1:0 (0:0),1,,,
2079,2016/17,20,NK Krško-NK Domžale,2016-12-04,13:00:00,NK Krško,NK Domžale,0,0,0:0 (0:0),0,,,
2080,2016/17,20,NK Radomlje-Olimpija Ljubljana,2016-12-04,15:55:00,NK Radomlje,Olimpija Ljubljana,1,4,1:4 (0:2),1,,,
2081,2016/17,21,NK Aluminij-NK Celje,2016-12-10,11:00:00,NK Aluminij,NK Celje,2,1,2:1 (0:0),1,,,
2082,2016/17,21,ND Gorica-NK Radomlje,2016-12-10,13:00:00,ND Gorica,NK Radomlje,1,1,1:1 (0:1),0,,,
2083,2016/17,21,Rudar Velenje-FC Koper,2016-12-10,15:00:00,Rudar Velenje,FC Koper,2,2,2:2 (2:2),0,,,
2084,2016/17,21,NK Domžale-NK Maribor,2016-12-10,15:55:00,NK Domžale,NK Maribor,3,2,3:2 (2:2),1,,,
2085,2016/17,21,Olimpija Ljubljana-NK Krško,2016-12-11,15:55:00,Olimpija Ljubljana,NK Krško,1,1,1:1 (1:0),0,,,
2086,2016/17,22,NK Radomlje-NK Aluminij,2017-02-25,14:00:00,NK Radomlje,NK Aluminij,0,3,0:3 (0:0),1,,,
2087,2016/17,22,Rudar Velenje-NK Domžale,2017-02-25,15:00:00,Rudar Velenje,NK Domžale,1,1,1:1 (0:0),0,,,
2088,2016/17,22,NK Maribor-Olimpija Ljubljana,2017-02-25,19:15:00,NK Maribor,Olimpija Ljubljana,1,0,1:0 (0:0),1,,,
2089,2016/17,22,NK Krško-ND Gorica,2017-02-26,14:00:00,NK Krško,ND Gorica,1,2,1:2 (0:1),1,,,
2090,2016/17,22,FC Koper-NK Celje,2017-02-26,15:55:00,FC Koper,NK Celje,1,1,1:1 (0:1),0,,,
2091,2016/17,23,NK Celje-NK Radomlje,2017-03-04,14:00:00,NK Celje,NK Radomlje,1,0,1:0 (0:0),1,,,
2092,2016/17,23,NK Domžale-FC Koper,2017-03-04,16:00:00,NK Domžale,FC Koper,0,1,0:1 (0:1),1,,,
2093,2016/17,23,NK Aluminij-NK Krško,2017-03-05,14:00:00,NK Aluminij,NK Krško,1,1,1:1 (0:1),0,,,
2094,2016/17,23,Olimpija Ljubljana-Rudar Velenje,2017-03-05,15:55:00,Olimpija Ljubljana,Rudar Velenje,2,4,2:4 (0:1),1,,,
2095,2016/17,23,ND Gorica-NK Maribor,2017-03-07,15:00:00,ND Gorica,NK Maribor,2,4,2:4 (1:2),1,,,
2096,2016/17,24,Rudar Velenje-ND Gorica,2017-03-11,15:00:00,Rudar Velenje,ND Gorica,1,3,1:3 (0:2),1,,,
2097,2016/17,24,FC Koper-NK Radomlje,2017-03-11,17:00:00,FC Koper,NK Radomlje,4,1,4:1 (2:1),1,,,
2098,2016/17,24,NK Maribor-NK Aluminij,2017-03-11,19:15:00,NK Maribor,NK Aluminij,4,1,4:1 (1:0),1,,,
2099,2016/17,24,NK Krško-NK Celje,2017-03-12,14:00:00,NK Krško,NK Celje,2,3,2:3 (0:2),1,,,
2100,2016/17,24,NK Domžale-Olimpija Ljubljana,2017-03-12,15:55:00,NK Domžale,Olimpija Ljubljana,1,0,1:0 (1:0),1,,,
2101,2016/17,25,ND Gorica-NK Domžale,2017-03-18,15:00:00,ND Gorica,NK Domžale,3,1,3:1 (0:1),1,,,
2102,2016/17,25,NK Radomlje-NK Krško,2017-03-18,17:00:00,NK Radomlje,NK Krško,0,2,0:2 (0:0),1,,,
2103,2016/17,25,NK Celje-NK Maribor,2017-03-18,19:15:00,NK Celje,NK Maribor,1,1,1:1 (1:1),0,,,
2104,2016/17,25,NK Aluminij-Rudar Velenje,2017-03-19,14:00:00,NK Aluminij,Rudar Velenje,3,0,3:0 (1:0),1,,,
2105,2016/17,25,Olimpija Ljubljana-FC Koper,2017-03-19,15:55:00,Olimpija Ljubljana,FC Koper,1,1,1:1 (1:0),0,,,
2106,2016/17,26,FC Koper-NK Krško,2017-03-28,17:00:00,FC Koper,NK Krško,0,2,0:2 (0:1),1,,,
2107,2016/17,26,Rudar Velenje-NK Celje,2017-03-29,16:00:00,Rudar Velenje,NK Celje,1,2,1:2 (0:0),1,,,
2108,2016/17,26,NK Domžale-NK Aluminij,2017-03-29,17:00:00,NK Domžale,NK Aluminij,2,1,2:1 (1:1),1,,,
2109,2016/17,26,NK Maribor-NK Radomlje,2017-03-29,18:30:00,NK Maribor,NK Radomlje,1,0,1:0 (1:0),1,,,
2110,2016/17,26,Olimpija Ljubljana-ND Gorica,2017-03-29,19:15:00,Olimpija Ljubljana,ND Gorica,1,2,1:2 (0:0),1,,,
2111,2016/17,27,NK Celje-NK Domžale,2017-04-01,15:00:00,NK Celje,NK Domžale,1,1,1:1 (0:0),0,,,
2112,2016/17,27,ND Gorica-FC Koper,2017-04-01,17:00:00,ND Gorica,FC Koper,0,0,0:0 (0:0),0,,,
2113,2016/17,27,NK Krško-NK Maribor,2017-04-01,19:15:00,NK Krško,NK Maribor,1,1,1:1 (1:1),0,,,
2114,2016/17,27,NK Aluminij-Olimpija Ljubljana,2017-04-02,15:00:00,NK Aluminij,Olimpija Ljubljana,2,1,2:1 (0:1),1,,,
2115,2016/17,27,NK Radomlje-Rudar Velenje,2017-04-02,17:00:00,NK Radomlje,Rudar Velenje,1,5,1:5 (0:4),1,,,
2116,2016/17,28,NK Krško-Rudar Velenje,2017-04-08,15:00:00,NK Krško,Rudar Velenje,1,2,1:2 (1:2),1,,,
2117,2016/17,28,NK Radomlje-NK Domžale,2017-04-08,17:00:00,NK Radomlje,NK Domžale,1,1,1:1 (0:0),0,,,
2118,2016/17,28,FC Koper-NK Maribor,2017-04-08,19:15:00,FC Koper,NK Maribor,2,2,2:2 (1:0),0,,,
2119,2016/17,28,NK Aluminij-ND Gorica,2017-04-09,14:00:00,NK Aluminij,ND Gorica,1,2,1:2 (1:0),1,,,
2120,2016/17,28,NK Celje-Olimpija Ljubljana,2017-04-09,15:55:00,NK Celje,Olimpija Ljubljana,1,1,1:1 (0:0),0,,,
2121,2016/17,29,ND Gorica-NK Celje,2017-04-15,17:00:00,ND Gorica,NK Celje,1,1,1:1 (0:1),0,,,
2122,2016/17,29,Rudar Velenje-NK Maribor,2017-04-15,19:15:00,Rudar Velenje,NK Maribor,0,1,0:1 (0:1),1,,,
2123,2016/17,29,NK Aluminij-FC Koper,2017-04-17,15:00:00,NK Aluminij,FC Koper,2,2,2:2 (0:1),0,,,
2124,2016/17,29,NK Domžale-NK Krško,2017-04-17,17:00:00,NK Domžale,NK Krško,5,3,5:3 (4:1),1,,,
2125,2016/17,29,Olimpija Ljubljana-NK Radomlje,2017-04-17,19:15:00,Olimpija Ljubljana,NK Radomlje,1,1,1:1 (0:0),0,,,
2126,2016/17,30,NK Radomlje-ND Gorica,2017-04-21,19:00:00,NK Radomlje,ND Gorica,1,2,1:2 (1:0),1,,,
2127,2016/17,30,NK Celje-NK Aluminij,2017-04-22,16:00:00,NK Celje,NK Aluminij,1,0,1:0 (1:0),1,,,
2128,2016/17,30,FC Koper-Rudar Velenje,2017-04-22,17:00:00,FC Koper,Rudar Velenje,1,0,1:0 (0:0),1,,,
2129,2016/17,30,NK Maribor-NK Domžale,2017-04-22,19:15:00,NK Maribor,NK Domžale,1,0,1:0 (1:0),1,,,
2130,2016/17,30,NK Krško-Olimpija Ljubljana,2017-04-23,15:55:00,NK Krško,Olimpija Ljubljana,0,1,0:1 (0:1),1,,,
2131,2016/17,31,NK Domžale-Rudar Velenje,2017-04-28,19:00:00,NK Domžale,Rudar Velenje,3,0,3:0 (0:0),1,,,
2132,2016/17,31,ND Gorica-NK Krško,2017-04-29,17:00:00,ND Gorica,NK Krško,0,0,0:0 (0:0),0,,,
2133,2016/17,31,Olimpija Ljubljana-NK Maribor,2017-04-29,19:30:00,Olimpija Ljubljana,NK Maribor,0,0,0:0 (0:0),0,,,
2134,2016/17,31,NK Aluminij-NK Radomlje,2017-04-30,14:00:00,NK Aluminij,NK Radomlje,3,1,3:1 (3:0),1,,,
2135,2016/17,31,NK Celje-FC Koper,2017-04-30,15:55:00,NK Celje,FC Koper,2,2,2:2 (1:1),0,,,
2136,2016/17,32,NK Krško-NK Aluminij,2017-05-05,19:00:00,NK Krško,NK Aluminij,1,1,1:1 (0:0),0,,,
2137,2016/17,32,NK Radomlje-NK Celje,2017-05-06,15:00:00,NK Radomlje,NK Celje,0,1,0:1 (0:1),1,,,
2138,2016/17,32,FC Koper-NK Domžale,2017-05-06,17:00:00,FC Koper,NK Domžale,3,0,3:0 (2:0),1,,,
2139,2016/17,32,NK Maribor-ND Gorica,2017-05-06,19:15:00,NK Maribor,ND Gorica,2,2,2:2 (0:1),0,,,
2140,2016/17,32,Rudar Velenje-Olimpija Ljubljana,2017-05-07,15:55:00,Rudar Velenje,Olimpija Ljubljana,4,2,4:2 (3:0),1,,,
2141,2016/17,33,NK Radomlje-FC Koper,2017-05-12,16:00:00,NK Radomlje,FC Koper,0,4,0:4 (0:2),1,,,
2142,2016/17,33,NK Celje-NK Krško,2017-05-12,18:00:00,NK Celje,NK Krško,1,2,1:2 (1:0),1,,,
2143,2016/17,33,ND Gorica-Rudar Velenje,2017-05-13,17:00:00,ND Gorica,Rudar Velenje,2,1,2:1 (1:0),1,,,
2144,2016/17,33,Olimpija Ljubljana-NK Domžale,2017-05-13,19:15:00,Olimpija Ljubljana,NK Domžale,3,1,3:1 (2:1),1,,,
2145,2016/17,33,NK Aluminij-NK Maribor,2017-05-14,15:55:00,NK Aluminij,NK Maribor,3,1,3:1 (3:0),1,,,
2146,2016/17,34,NK Krško-NK Radomlje,2017-05-16,17:00:00,NK Krško,NK Radomlje,2,0,2:0 (1:0),1,,,
2147,2016/17,34,FC Koper-Olimpija Ljubljana,2017-05-16,19:15:00,FC Koper,Olimpija Ljubljana,1,1,1:1 (0:0),0,,,
2148,2016/17,34,NK Domžale-ND Gorica,2017-05-17,16:00:00,NK Domžale,ND Gorica,1,1,1:1 (0:1),0,,,
2149,2016/17,34,Rudar Velenje-NK Aluminij,2017-05-17,17:00:00,Rudar Velenje,NK Aluminij,2,2,2:2 (2:2),0,,,
2150,2016/17,34,NK Maribor-NK Celje,2017-05-17,19:15:00,NK Maribor,NK Celje,0,2,0:2 (0:0),1,,,
2151,2016/17,35,ND Gorica-Olimpija Ljubljana,2017-05-21,15:55:00,ND Gorica,Olimpija Ljubljana,1,0,1:0 (1:0),1,,,
2152,2016/17,35,NK Celje-Rudar Velenje,2017-05-21,15:55:00,NK Celje,Rudar Velenje,1,1,1:1 (0:0),0,,,
2153,2016/17,35,NK Radomlje-NK Maribor,2017-05-21,15:55:00,NK Radomlje,NK Maribor,1,1,1:1 (0:0),0,,,
2154,2016/17,35,NK Aluminij-NK Domžale,2017-05-21,15:55:00,NK Aluminij,NK Domžale,0,0,0:0 (0:0),0,,,
2155,2016/17,35,NK Krško-FC Koper,2017-05-21,15:55:00,NK Krško,FC Koper,1,1,1:1 (1:0),0,,,
2156,2016/17,36,FC Koper-ND Gorica,2017-05-27,15:55:00,FC Koper,ND Gorica,0,1,0:1 (0:0),1,,,
2157,2016/17,36,NK Maribor-NK Krško,2017-05-27,15:55:00,NK Maribor,NK Krško,1,0,1:0 (1:0),1,,,
2158,2016/17,36,Rudar Velenje-NK Radomlje,2017-05-27,15:55:00,Rudar Velenje,NK Radomlje,0,0,0:0 (0:0),0,,,
2159,2016/17,36,NK Domžale-NK Celje,2017-05-27,15:55:00,NK Domžale,NK Celje,1,4,1:4 (0:2),1,,,
2160,2016/17,36,Olimpija Ljubljana-NK Aluminij,2017-05-27,15:55:00,Olimpija Ljubljana,NK Aluminij,1,0,1:0 (1:0),1,,,
2161,2017/18,1,NK Ankaran-NK Triglav,2017-07-15,17:00:00,NK Ankaran,NK Triglav,0,0,0:0 (0:0),0,,,
2162,2017/18,1,NK Maribor-NK Aluminij,2017-07-15,19:20:00,NK Maribor,NK Aluminij,1,0,1:0 (0:0),1,,,
2163,2017/18,1,NK Krško-ND Gorica,2017-07-16,17:00:00,NK Krško,ND Gorica,2,1,2:1 (0:0),1,,,
2164,2017/18,1,Rudar Velenje-NK Domžale,2017-07-16,17:00:00,Rudar Velenje,NK Domžale,2,1,2:1 (1:1),1,,,
2165,2017/18,1,Olimpija Ljubljana-NK Celje,2017-07-16,19:20:00,Olimpija Ljubljana,NK Celje,3,1,3:1 (1:0),1,,,
2166,2017/18,2,NK Aluminij-NK Krško,2017-07-21,17:00:00,NK Aluminij,NK Krško,4,2,4:2 (1:0),1,,,
2167,2017/18,2,NK Triglav-NK Maribor,2017-07-22,15:50:00,NK Triglav,NK Maribor,2,3,2:3 (0:0),1,,,
2168,2017/18,2,Rudar Velenje-NK Ankaran,2017-07-22,19:00:00,Rudar Velenje,NK Ankaran,3,1,3:1 (1:0),1,,,
2169,2017/18,2,NK Domžale-NK Celje,2017-07-23,17:00:00,NK Domžale,NK Celje,4,0,4:0 (2:0),1,,,
2170,2017/18,2,ND Gorica-Olimpija Ljubljana,2017-07-23,19:20:00,ND Gorica,Olimpija Ljubljana,0,2,0:2 (0:1),1,,,
2171,2017/18,3,NK Krško-NK Triglav,2017-07-28,19:00:00,NK Krško,NK Triglav,1,1,1:1 (0:1),0,,,
2172,2017/18,3,NK Maribor-Rudar Velenje,2017-07-29,19:20:00,NK Maribor,Rudar Velenje,1,0,1:0 (1:0),1,,,
2173,2017/18,3,Olimpija Ljubljana-NK Aluminij,2017-07-30,15:50:00,Olimpija Ljubljana,NK Aluminij,4,0,4:0 (3:0),1,,,
2174,2017/18,3,NK Ankaran-NK Domžale,2017-07-30,17:00:00,NK Ankaran,NK Domžale,1,3,1:3 (1:1),1,,,
2175,2017/18,3,NK Celje-ND Gorica,2017-07-30,19:00:00,NK Celje,ND Gorica,1,0,1:0 (0:0),1,,,
2176,2017/18,4,NK Aluminij-NK Celje,2017-08-04,17:00:00,NK Aluminij,NK Celje,2,2,2:2 (1:1),0,,,
2177,2017/18,4,NK Triglav-Olimpija Ljubljana,2017-08-05,15:50:00,NK Triglav,Olimpija Ljubljana,0,0,0:0 (0:0),0,,,
2178,2017/18,4,Rudar Velenje-NK Krško,2017-08-05,19:30:00,Rudar Velenje,NK Krško,0,1,0:1 (0:0),1,,,
2179,2017/18,4,NK Ankaran-NK Maribor,2017-08-06,15:50:00,NK Ankaran,NK Maribor,1,5,1:5 (0:2),1,,,
2180,2017/18,4,NK Domžale-ND Gorica,2017-08-06,19:00:00,NK Domžale,ND Gorica,1,1,1:1 (0:0),0,,,
2181,2017/18,5,NK Celje-NK Triglav,2017-08-11,17:00:00,NK Celje,NK Triglav,1,1,1:1 (0:0),0,,,
2182,2017/18,5,NK Maribor-NK Domžale,2017-08-11,19:20:00,NK Maribor,NK Domžale,0,0,0:0 (0:0),0,,,
2183,2017/18,5,ND Gorica-NK Aluminij,2017-08-12,17:00:00,ND Gorica,NK Aluminij,1,0,1:0 (0:0),1,,,
2184,2017/18,5,Olimpija Ljubljana-Rudar Velenje,2017-08-12,19:20:00,Olimpija Ljubljana,Rudar Velenje,4,0,4:0 (2:0),1,,,
2185,2017/18,5,NK Krško-NK Ankaran,2017-08-13,17:00:00,NK Krško,NK Ankaran,2,2,2:2 (2:1),0,,,
2186,2017/18,6,NK Triglav-ND Gorica,2017-08-19,15:00:00,NK Triglav,ND Gorica,1,3,1:3 (1:0),1,,,
2187,2017/18,6,NK Maribor-NK Krško,2017-08-19,19:20:00,NK Maribor,NK Krško,3,2,3:2 (1:0),1,,,
2188,2017/18,6,NK Ankaran-Olimpija Ljubljana,2017-08-20,15:50:00,NK Ankaran,Olimpija Ljubljana,1,3,1:3 (0:0),1,,,
2189,2017/18,6,NK Domžale-NK Aluminij,2017-08-20,19:00:00,NK Domžale,NK Aluminij,2,2,2:2 (2:1),0,,,
2190,2017/18,6,Rudar Velenje-NK Celje,2017-08-21,19:00:00,Rudar Velenje,NK Celje,2,1,2:1 (2:0),1,,,
2191,2017/18,7,NK Celje-NK Ankaran,2017-08-26,17:00:00,NK Celje,NK Ankaran,4,1,4:1 (2:1),1,,,
2192,2017/18,7,ND Gorica-Rudar Velenje,2017-08-26,19:20:00,ND Gorica,Rudar Velenje,1,0,1:0 (0:0),1,,,
2193,2017/18,7,NK Aluminij-NK Triglav,2017-08-27,15:00:00,NK Aluminij,NK Triglav,2,0,2:0 (0:0),1,,,
2194,2017/18,7,NK Krško-NK Domžale,2017-08-27,17:00:00,NK Krško,NK Domžale,4,2,4:2 (1:0),1,,,
2195,2017/18,7,Olimpija Ljubljana-NK Maribor,2017-08-27,19:20:00,Olimpija Ljubljana,NK Maribor,0,0,0:0 (0:0),0,,,
2196,2017/18,8,Rudar Velenje-NK Aluminij,2017-09-08,17:00:00,Rudar Velenje,NK Aluminij,0,0,0:0 (0:0),0,,,
2197,2017/18,8,NK Maribor-NK Celje,2017-09-08,19:20:00,NK Maribor,NK Celje,0,0,0:0 (0:0),0,,,
2198,2017/18,8,NK Ankaran-ND Gorica,2017-09-09,15:00:00,NK Ankaran,ND Gorica,0,2,0:2 (0:2),1,,,
2199,2017/18,8,NK Domžale-NK Triglav,2017-09-09,17:00:00,NK Domžale,NK Triglav,6,1,6:1 (3:1),1,,,
2200,2017/18,8,NK Krško-Olimpija Ljubljana,2017-09-10,15:50:00,NK Krško,Olimpija Ljubljana,2,4,2:4 (2:1),1,,,
2201,2017/18,9,NK Celje-NK Krško,2017-09-15,17:45:00,NK Celje,NK Krško,0,0,0:0 (0:0),0,,,
2202,2017/18,9,NK Triglav-Rudar Velenje,2017-09-16,13:00:00,NK Triglav,Rudar Velenje,1,2,1:2 (0:1),1,,,
2203,2017/18,9,NK Aluminij-NK Ankaran,2017-09-16,15:00:00,NK Aluminij,NK Ankaran,1,1,1:1 (1:0),0,,,
2204,2017/18,9,Olimpija Ljubljana-NK Domžale,2017-09-16,19:20:00,Olimpija Ljubljana,NK Domžale,1,0,1:0 (0:0),1,,,
2205,2017/18,9,ND Gorica-NK Maribor,2017-09-17,17:00:00,ND Gorica,NK Maribor,0,3,0:3 (0:2),1,,,
2206,2017/18,10,NK Aluminij-NK Maribor,2017-09-22,19:20:00,NK Aluminij,NK Maribor,2,3,2:3 (1:0),1,,,
2207,2017/18,10,NK Triglav-NK Ankaran,2017-09-23,13:00:00,NK Triglav,NK Ankaran,1,3,1:3 (1:1),1,,,
2208,2017/18,10,ND Gorica-NK Krško,2017-09-23,15:00:00,ND Gorica,NK Krško,2,1,2:1 (1:1),1,,,
2209,2017/18,10,NK Celje-Olimpija Ljubljana,2017-09-23,19:20:00,NK Celje,Olimpija Ljubljana,0,0,0:0 (0:0),0,,,
2210,2017/18,10,NK Domžale-Rudar Velenje,2017-09-24,17:45:00,NK Domžale,Rudar Velenje,0,1,0:1 (0:1),1,,,
2211,2017/18,11,NK Celje-NK Domžale,2017-09-29,17:45:00,NK Celje,NK Domžale,1,1,1:1 (1:1),0,,,
2212,2017/18,11,NK Ankaran-Rudar Velenje,2017-09-30,14:00:00,NK Ankaran,Rudar Velenje,0,3,0:3 (0:1),1,,,
2213,2017/18,11,NK Krško-NK Aluminij,2017-09-30,16:00:00,NK Krško,NK Aluminij,2,0,2:0 (2:0),1,,,
2214,2017/18,11,NK Maribor-NK Triglav,2017-09-30,19:20:00,NK Maribor,NK Triglav,0,0,0:0 (0:0),0,,,
2215,2017/18,11,Olimpija Ljubljana-ND Gorica,2017-10-01,15:50:00,Olimpija Ljubljana,ND Gorica,2,1,2:1 (1:1),1,,,
2216,2017/18,12,Rudar Velenje-NK Maribor,2017-10-13,19:20:00,Rudar Velenje,NK Maribor,1,2,1:2 (1:0),1,,,
2217,2017/18,12,NK Triglav-NK Krško,2017-10-14,12:00:00,NK Triglav,NK Krško,3,1,3:1 (2:1),1,,,
2218,2017/18,12,ND Gorica-NK Celje,2017-10-14,14:00:00,ND Gorica,NK Celje,2,1,2:1 (1:0),1,,,
2219,2017/18,12,NK Domžale-NK Ankaran,2017-10-14,16:00:00,NK Domžale,NK Ankaran,6,0,6:0 (3:0),1,,,
2220,2017/18,12,NK Aluminij-Olimpija Ljubljana,2017-10-14,19:20:00,NK Aluminij,Olimpija Ljubljana,1,2,1:2 (1:1),1,,,
2221,2017/18,13,Olimpija Ljubljana-NK Triglav,2017-10-20,19:20:00,Olimpija Ljubljana,NK Triglav,3,0,3:0 (0:0),1,,,
2222,2017/18,13,NK Celje-NK Aluminij,2017-10-21,12:00:00,NK Celje,NK Aluminij,1,2,1:2 (1:0),1,,,
2223,2017/18,13,ND Gorica-NK Domžale,2017-10-21,14:00:00,ND Gorica,NK Domžale,1,3,1:3 (1:1),1,,,
2224,2017/18,13,NK Maribor-NK Ankaran,2017-10-21,19:20:00,NK Maribor,NK Ankaran,1,0,1:0 (1:0),1,,,
2225,2017/18,13,NK Krško-Rudar Velenje,2017-10-24,16:30:00,NK Krško,Rudar Velenje,0,3,0:3 (0:2),1,,,
2226,2017/18,14,NK Ankaran-NK Krško,2017-10-28,12:00:00,NK Ankaran,NK Krško,1,1,1:1 (1:0),0,,,
2227,2017/18,14,NK Triglav-NK Celje,2017-10-28,14:00:00,NK Triglav,NK Celje,0,2,0:2 (0:0),1,,,
2228,2017/18,14,NK Domžale-NK Maribor,2017-10-28,19:20:00,NK Domžale,NK Maribor,0,1,0:1 (0:0),1,,,
2229,2017/18,14,Rudar Velenje-Olimpija Ljubljana,2017-10-29,15:50:00,Rudar Velenje,Olimpija Ljubljana,0,0,0:0 (0:0),0,,,
2230,2017/18,14,NK Aluminij-ND Gorica,2017-10-29,17:45:00,NK Aluminij,ND Gorica,0,3,0:3 (0:2),1,,,
2231,2017/18,15,NK Celje-Rudar Velenje,2017-11-03,17:00:00,NK Celje,Rudar Velenje,2,1,2:1 (2:0),1,,,
2232,2017/18,15,ND Gorica-NK Triglav,2017-11-04,12:00:00,ND Gorica,NK Triglav,0,3,0:3 (0:0),1,,,
2233,2017/18,15,NK Aluminij-NK Domžale,2017-11-04,14:00:00,NK Aluminij,NK Domžale,0,1,0:1 (0:0),1,,,
2234,2017/18,15,NK Krško-NK Maribor,2017-11-04,19:20:00,NK Krško,NK Maribor,0,5,0:5 (0:3),1,,,
2235,2017/18,15,Olimpija Ljubljana-NK Ankaran,2017-11-05,15:50:00,Olimpija Ljubljana,NK Ankaran,1,0,1:0 (1:0),1,,,
2236,2017/18,16,NK Maribor-Olimpija Ljubljana,2017-11-17,19:20:00,NK Maribor,Olimpija Ljubljana,1,0,1:0 (1:0),1,,,
2237,2017/18,16,NK Ankaran-NK Celje,2017-11-18,11:00:00,NK Ankaran,NK Celje,1,2,1:2 (0:0),1,,,
2238,2017/18,16,NK Triglav-NK Aluminij,2017-11-18,13:00:00,NK Triglav,NK Aluminij,0,3,0:3 (0:1),1,,,
2239,2017/18,16,NK Domžale-NK Krško,2017-11-19,14:00:00,NK Domžale,NK Krško,1,0,1:0 (1:0),1,,,
2240,2017/18,16,Rudar Velenje-ND Gorica,2017-11-20,14:00:00,Rudar Velenje,ND Gorica,2,0,2:0 (0:0),1,,,
2241,2017/18,17,NK Triglav-NK Domžale,2017-11-25,12:00:00,NK Triglav,NK Domžale,0,1,0:1 (0:0),1,,,
2242,2017/18,17,ND Gorica-NK Ankaran,2017-11-25,14:00:00,ND Gorica,NK Ankaran,2,2,2:2 (0:0),0,,,
2243,2017/18,17,NK Celje-NK Maribor,2017-11-25,19:20:00,NK Celje,NK Maribor,2,1,2:1 (0:0),1,,,
2244,2017/18,17,Olimpija Ljubljana-NK Krško,2017-11-26,15:50:00,Olimpija Ljubljana,NK Krško,1,0,1:0 (1:0),1,,,
2245,2017/18,17,NK Aluminij-Rudar Velenje,2017-11-26,17:45:00,NK Aluminij,Rudar Velenje,0,2,0:2 (0:0),1,,,
2246,2017/18,18,Rudar Velenje-NK Triglav,2017-12-02,14:00:00,Rudar Velenje,NK Triglav,1,2,1:2 (0:1),1,,,
2247,2017/18,18,NK Maribor-ND Gorica,2017-12-02,19:20:00,NK Maribor,ND Gorica,2,1,2:1 (1:0),1,,,
2248,2017/18,18,NK Krško-NK Celje,2017-12-03,13:00:00,NK Krško,NK Celje,3,1,3:1 (1:0),1,,,
2249,2017/18,18,NK Domžale-Olimpija Ljubljana,2017-12-03,15:50:00,NK Domžale,Olimpija Ljubljana,1,0,1:0 (1:0),1,,,
2250,2017/18,18,NK Ankaran-NK Aluminij,2018-02-20,12:00:00,NK Ankaran,NK Aluminij,1,1,1:1 (0:1),0,,,
2251,2017/18,19,NK Ankaran-NK Triglav,2018-02-24,12:00:00,NK Ankaran,NK Triglav,2,0,2:0 (1:0),1,,,
2252,2017/18,19,NK Maribor-NK Aluminij,2018-02-25,14:00:00,NK Maribor,NK Aluminij,0,0,0:0 (0:0),0,,,
2253,2017/18,19,Olimpija Ljubljana-NK Celje,2018-02-25,15:55:00,Olimpija Ljubljana,NK Celje,2,1,2:1 (0:0),1,,,
2254,2017/18,19,Rudar Velenje-NK Domžale,2018-04-04,14:00:00,Rudar Velenje,NK Domžale,1,4,1:4 (0:2),1,,,
2255,2017/18,19,NK Krško-ND Gorica,2018-04-18,17:00:00,NK Krško,ND Gorica,1,0,1:0 (0:0),1,,,
2256,2017/18,20,ND Gorica-Olimpija Ljubljana,2018-03-04,15:55:00,ND Gorica,Olimpija Ljubljana,0,1,0:1 (0:0),1,,,
2257,2017/18,20,NK Triglav-NK Maribor,2018-04-11,14:00:00,NK Triglav,NK Maribor,0,5,0:5 (0:3),1,,,
2258,2017/18,20,Rudar Velenje-NK Ankaran,2018-04-12,16:00:00,Rudar Velenje,NK Ankaran,2,3,2:3 (2:1),1,,,
2259,2017/18,20,NK Domžale-NK Celje,2018-04-18,15:00:00,NK Domžale,NK Celje,1,0,1:0 (0:0),1,,,
2260,2017/18,20,NK Aluminij-NK Krško,2018-04-25,16:00:00,NK Aluminij,NK Krško,1,1,1:1 (0:0),0,,,
2261,2017/18,21,NK Ankaran-NK Domžale,2018-03-06,13:00:00,NK Ankaran,NK Domžale,0,4,0:4 (0:2),1,,,
2262,2017/18,21,NK Maribor-Rudar Velenje,2018-03-06,15:00:00,NK Maribor,Rudar Velenje,2,2,2:2 (0:0),0,,,
2263,2017/18,21,NK Celje-ND Gorica,2018-03-07,15:00:00,NK Celje,ND Gorica,2,0,2:0 (1:0),1,,,
2264,2017/18,21,Olimpija Ljubljana-NK Aluminij,2018-03-07,17:00:00,Olimpija Ljubljana,NK Aluminij,5,1,5:1 (2:1),1,,,
2265,2017/18,21,NK Krško-NK Triglav,2018-04-03,15:00:00,NK Krško,NK Triglav,2,0,2:0 (1:0),1,,,
2266,2017/18,22,Rudar Velenje-NK Krško,2018-03-10,12:00:00,Rudar Velenje,NK Krško,3,0,3:0 (0:0),1,,,
2267,2017/18,22,NK Ankaran-NK Maribor,2018-03-10,14:00:00,NK Ankaran,NK Maribor,0,3,0:3 (0:0),1,,,
2268,2017/18,22,NK Domžale-ND Gorica,2018-03-10,16:00:00,NK Domžale,ND Gorica,3,0,3:0 (0:0),1,,,
2269,2017/18,22,NK Triglav-Olimpija Ljubljana,2018-03-11,14:00:00,NK Triglav,Olimpija Ljubljana,0,1,0:1 (0:1),1,,,
2270,2017/18,22,NK Aluminij-NK Celje,2018-03-11,16:00:00,NK Aluminij,NK Celje,1,2,1:2 (1:0),1,,,
2271,2017/18,23,NK Maribor-NK Domžale,2018-03-13,15:00:00,NK Maribor,NK Domžale,1,2,1:2 (0:1),1,,,
2272,2017/18,23,NK Krško-NK Ankaran,2018-03-13,17:00:00,NK Krško,NK Ankaran,1,1,1:1 (1:0),0,,,
2273,2017/18,23,NK Celje-NK Triglav,2018-03-14,13:00:00,NK Celje,NK Triglav,5,2,5:2 (2:2),1,,,
2274,2017/18,23,Olimpija Ljubljana-Rudar Velenje,2018-03-14,15:00:00,Olimpija Ljubljana,Rudar Velenje,4,0,4:0 (1:0),1,,,
2275,2017/18,23,ND Gorica-NK Aluminij,2018-03-15,14:00:00,ND Gorica,NK Aluminij,1,0,1:0 (0:0),1,,,
2276,2017/18,24,Rudar Velenje-NK Celje,2018-03-17,14:00:00,Rudar Velenje,NK Celje,2,1,2:1 (1:1),1,,,
2277,2017/18,24,NK Maribor-NK Krško,2018-03-17,17:00:00,NK Maribor,NK Krško,0,2,0:2 (0:1),1,,,
2278,2017/18,24,NK Ankaran-Olimpija Ljubljana,2018-03-18,12:00:00,NK Ankaran,Olimpija Ljubljana,0,3,0:3 (0:2),1,,,
2279,2017/18,24,NK Triglav-ND Gorica,2018-03-18,14:00:00,NK Triglav,ND Gorica,1,1,1:1 (0:0),0,,,
2280,2017/18,24,NK Domžale-NK Aluminij,2018-03-18,16:00:00,NK Domžale,NK Aluminij,6,1,6:1 (1:0),1,,,
2281,2017/18,25,ND Gorica-Rudar Velenje,2018-03-30,15:00:00,ND Gorica,Rudar Velenje,1,1,1:1 (0:1),0,,,
2282,2017/18,25,NK Aluminij-NK Triglav,2018-03-30,17:00:00,NK Aluminij,NK Triglav,3,1,3:1 (0:0),1,,,
2283,2017/18,25,NK Celje-NK Ankaran,2018-03-31,14:00:00,NK Celje,NK Ankaran,7,1,7:1 (0:1),1,,,
2284,2017/18,25,NK Krško-NK Domžale,2018-03-31,16:00:00,NK Krško,NK Domžale,1,2,1:2 (1:1),1,,,
2285,2017/18,25,Olimpija Ljubljana-NK Maribor,2018-03-31,19:30:00,Olimpija Ljubljana,NK Maribor,1,1,1:1 (0:0),0,,,
2286,2017/18,26,NK Ankaran-ND Gorica,2018-04-07,14:00:00,NK Ankaran,ND Gorica,0,2,0:2 (0:0),1,,,
2287,2017/18,26,NK Maribor-NK Celje,2018-04-07,15:20:00,NK Maribor,NK Celje,3,2,3:2 (1:1),1,,,
2288,2017/18,26,Rudar Velenje-NK Aluminij,2018-04-07,17:45:00,Rudar Velenje,NK Aluminij,4,2,4:2 (2:0),1,,,
2289,2017/18,26,NK Krško-Olimpija Ljubljana,2018-04-08,14:50:00,NK Krško,Olimpija Ljubljana,0,1,0:1 (0:0),1,,,
2290,2017/18,26,NK Domžale-NK Triglav,2018-04-08,18:00:00,NK Domžale,NK Triglav,3,0,3:0 (0:0),1,,,
2291,2017/18,27,NK Celje-NK Krško,2018-04-14,14:00:00,NK Celje,NK Krško,5,0,5:0 (2:0),1,,,
2292,2017/18,27,Olimpija Ljubljana-NK Domžale,2018-04-14,15:55:00,Olimpija Ljubljana,NK Domžale,1,1,1:1 (1:0),0,,,
2293,2017/18,27,NK Triglav-Rudar Velenje,2018-04-15,12:00:00,NK Triglav,Rudar Velenje,0,2,0:2 (0:2),1,,,
2294,2017/18,27,ND Gorica-NK Maribor,2018-04-15,15:55:00,ND Gorica,NK Maribor,0,6,0:6 (0:4),1,,,
2295,2017/18,27,NK Aluminij-NK Ankaran,2018-04-15,17:45:00,NK Aluminij,NK Ankaran,1,1,1:1 (1:0),0,,,
2296,2017/18,28,NK Aluminij-NK Maribor,2018-04-21,15:50:00,NK Aluminij,NK Maribor,0,2,0:2 (0:0),1,,,
2297,2017/18,28,ND Gorica-NK Krško,2018-04-21,18:00:00,ND Gorica,NK Krško,2,0,2:0 (1:0),1,,,
2298,2017/18,28,NK Triglav-NK Ankaran,2018-04-22,12:00:00,NK Triglav,NK Ankaran,2,2,2:2 (1:0),0,,,
2299,2017/18,28,NK Celje-Olimpija Ljubljana,2018-04-22,15:50:00,NK Celje,Olimpija Ljubljana,1,1,1:1 (1:0),0,,,
2300,2017/18,28,NK Domžale-Rudar Velenje,2018-04-22,18:00:00,NK Domžale,Rudar Velenje,3,0,3:0 (2:0),1,,,
2301,2017/18,29,NK Ankaran-Rudar Velenje,2018-04-28,14:00:00,NK Ankaran,Rudar Velenje,3,2,3:2 (3:2),1,,,
2302,2017/18,29,NK Maribor-NK Triglav,2018-04-28,15:50:00,NK Maribor,NK Triglav,2,1,2:1 (2:1),1,,,
2303,2017/18,29,NK Celje-NK Domžale,2018-04-28,17:45:00,NK Celje,NK Domžale,2,1,2:1 (2:0),1,,,
2304,2017/18,29,Olimpija Ljubljana-ND Gorica,2018-04-29,15:50:00,Olimpija Ljubljana,ND Gorica,0,0,0:0 (0:0),0,,,
2305,2017/18,29,NK Krško-NK Aluminij,2018-04-29,18:00:00,NK Krško,NK Aluminij,1,2,1:2 (1:2),1,,,
2306,2017/18,30,NK Triglav-NK Krško,2018-05-02,14:00:00,NK Triglav,NK Krško,2,0,2:0 (2:0),1,,,
2307,2017/18,30,Rudar Velenje-NK Maribor,2018-05-02,15:00:00,Rudar Velenje,NK Maribor,1,3,1:3 (0:1),1,,,
2308,2017/18,30,NK Domžale-NK Ankaran,2018-05-02,17:00:00,NK Domžale,NK Ankaran,4,0,4:0 (2:0),1,,,
2309,2017/18,30,ND Gorica-NK Celje,2018-05-03,15:00:00,ND Gorica,NK Celje,3,0,3:0 (1:0),1,,,
2310,2017/18,30,NK Aluminij-Olimpija Ljubljana,2018-05-03,17:00:00,NK Aluminij,Olimpija Ljubljana,0,2,0:2 (0:1),1,,,
2311,2017/18,31,NK Maribor-NK Ankaran,2018-05-05,15:50:00,NK Maribor,NK Ankaran,5,1,5:1 (2:1),1,,,
2312,2017/18,31,NK Krško-Rudar Velenje,2018-05-05,18:00:00,NK Krško,Rudar Velenje,1,0,1:0 (0:0),1,,,
2313,2017/18,31,ND Gorica-NK Domžale,2018-05-06,12:00:00,ND Gorica,NK Domžale,4,1,4:1 (1:0),1,,,
2314,2017/18,31,Olimpija Ljubljana-NK Triglav,2018-05-06,15:50:00,Olimpija Ljubljana,NK Triglav,2,0,2:0 (2:0),1,,,
2315,2017/18,31,NK Celje-NK Aluminij,2018-05-06,18:00:00,NK Celje,NK Aluminij,2,2,2:2 (0:0),0,,,
2316,2017/18,32,NK Domžale-NK Maribor,2018-05-09,15:00:00,NK Domžale,NK Maribor,1,1,1:1 (0:0),0,,,
2317,2017/18,32,NK Ankaran-NK Krško,2018-05-09,17:00:00,NK Ankaran,NK Krško,0,0,0:0 (0:0),0,,,
2318,2017/18,32,Rudar Velenje-Olimpija Ljubljana,2018-05-09,19:00:00,Rudar Velenje,Olimpija Ljubljana,1,1,1:1 (0:1),0,,,
2319,2017/18,32,NK Triglav-NK Celje,2018-05-10,15:00:00,NK Triglav,NK Celje,1,0,1:0 (0:0),1,,,
2320,2017/18,32,NK Aluminij-ND Gorica,2018-05-10,17:00:00,NK Aluminij,ND Gorica,1,0,1:0 (0:0),1,,,
2321,2017/18,33,NK Krško-NK Maribor,2018-05-12,15:50:00,NK Krško,NK Maribor,1,2,1:2 (0:0),1,,,
2322,2017/18,33,Olimpija Ljubljana-NK Ankaran,2018-05-13,15:50:00,Olimpija Ljubljana,NK Ankaran,0,0,0:0 (0:0),0,,,
2323,2017/18,33,NK Aluminij-NK Domžale,2018-05-13,17:00:00,NK Aluminij,NK Domžale,1,2,1:2 (0:0),1,,,
2324,2017/18,33,NK Celje-Rudar Velenje,2018-05-13,19:00:00,NK Celje,Rudar Velenje,1,3,1:3 (0:2),1,,,
2325,2017/18,33,ND Gorica-NK Triglav,2018-05-14,17:00:00,ND Gorica,NK Triglav,0,2,0:2 (0:0),1,,,
2326,2017/18,34,Rudar Velenje-ND Gorica,2018-05-18,17:00:00,Rudar Velenje,ND Gorica,0,1,0:1 (0:1),1,,,
2327,2017/18,34,NK Triglav-NK Aluminij,2018-05-19,15:00:00,NK Triglav,NK Aluminij,0,2,0:2 (0:1),1,,,
2328,2017/18,34,NK Maribor-Olimpija Ljubljana,2018-05-19,19:30:00,NK Maribor,Olimpija Ljubljana,2,3,2:3 (1:1),1,,,
2329,2017/18,34,NK Domžale-NK Krško,2018-05-20,15:50:00,NK Domžale,NK Krško,3,1,3:1 (2:1),1,,,
2330,2017/18,34,NK Ankaran-NK Celje,2018-05-20,16:00:00,NK Ankaran,NK Celje,0,2,0:2 (0:2),1,,,
2331,2017/18,35,NK Aluminij-Rudar Velenje,2018-05-23,15:00:00,NK Aluminij,Rudar Velenje,1,3,1:3 (1:1),1,,,
2332,2017/18,35,NK Celje-NK Maribor,2018-05-23,15:00:00,NK Celje,NK Maribor,0,4,0:4 (0:2),1,,,
2333,2017/18,35,ND Gorica-NK Ankaran,2018-05-23,15:00:00,ND Gorica,NK Ankaran,4,1,4:1 (1:1),1,,,
2334,2017/18,35,Olimpija Ljubljana-NK Krško,2018-05-23,15:00:00,Olimpija Ljubljana,NK Krško,2,0,2:0 (1:0),1,,,
2335,2017/18,35,NK Triglav-NK Domžale,2018-05-23,15:00:00,NK Triglav,NK Domžale,0,4,0:4 (0:1),1,,,
2336,2017/18,36,NK Ankaran-NK Aluminij,2018-05-27,15:00:00,NK Ankaran,NK Aluminij,2,1,2:1 (2:0),1,,,
2337,2017/18,36,NK Domžale-Olimpija Ljubljana,2018-05-27,15:00:00,NK Domžale,Olimpija Ljubljana,1,1,1:1 (0:0),0,,,
2338,2017/18,36,NK Krško-NK Celje,2018-05-27,15:00:00,NK Krško,NK Celje,0,1,0:1 (0:1),1,,,
2339,2017/18,36,NK Maribor-ND Gorica,2018-05-27,15:00:00,NK Maribor,ND Gorica,2,0,2:0 (2:0),1,,,
2340,2017/18,36,Rudar Velenje-NK Triglav,2018-05-27,15:00:00,Rudar Velenje,NK Triglav,0,1,0:1 (0:0),1,,,
2341,2018/19,1,NK Aluminij-NK Celje,2018-07-20,17:00:00,NK Aluminij,NK Celje,2,1,2:1 (1:1),1,,,
2342,2018/19,1,NŠ Mura-NK Triglav,2018-07-21,17:00:00,NŠ Mura,NK Triglav,1,1,1:1 (1:1),0,,,
2343,2018/19,1,ND Gorica-Olimpija Ljubljana,2018-07-21,19:15:00,ND Gorica,Olimpija Ljubljana,2,0,2:0 (1:0),1,,,
2344,2018/19,1,Rudar Velenje-NK Maribor,2018-07-22,17:15:00,Rudar Velenje,NK Maribor,0,5,0:5 (0:1),1,,,
2345,2018/19,1,NK Domžale-NK Krško,2018-07-22,19:15:00,NK Domžale,NK Krško,2,0,2:0 (0:0),1,,,
2346,2018/19,2,NK Celje-ND Gorica,2018-07-27,17:00:00,NK Celje,ND Gorica,2,2,2:2 (2:0),0,,,
2347,2018/19,2,NK Triglav-NK Aluminij,2018-07-28,17:00:00,NK Triglav,NK Aluminij,1,3,1:3 (1:1),1,,,
2348,2018/19,2,NK Maribor-NŠ Mura,2018-07-29,17:15:00,NK Maribor,NŠ Mura,0,0,0:0 (0:0),0,,,
2349,2018/19,2,NK Domžale-Rudar Velenje,2018-07-29,19:15:00,NK Domžale,Rudar Velenje,3,1,3:1 (1:0),1,,,
2350,2018/19,2,NK Krško-Olimpija Ljubljana,2018-07-29,19:30:00,NK Krško,Olimpija Ljubljana,0,0,0:0 (0:0),0,,,
2351,2018/19,3,NK Aluminij-NK Maribor,2018-08-05,16:30:00,NK Aluminij,NK Maribor,2,5,2:5 (0:1),1,,,
2352,2018/19,3,NŠ Mura-NK Domžale,2018-08-05,17:00:00,NŠ Mura,NK Domžale,5,1,5:1 (2:0),1,,,
2353,2018/19,3,Olimpija Ljubljana-NK Celje,2018-08-05,19:15:00,Olimpija Ljubljana,NK Celje,2,2,2:2 (2:1),0,,,
2354,2018/19,3,Rudar Velenje-NK Krško,2018-08-06,17:00:00,Rudar Velenje,NK Krško,1,1,1:1 (0:1),0,,,
2355,2018/19,3,ND Gorica-NK Triglav,2018-08-06,19:00:00,ND Gorica,NK Triglav,1,1,1:1 (1:0),0,,,
2356,2018/19,4,NK Krško-NK Celje,2018-08-11,19:00:00,NK Krško,NK Celje,1,1,1:1 (1:0),0,,,
2357,2018/19,4,NK Triglav-Olimpija Ljubljana,2018-08-12,16:30:00,NK Triglav,Olimpija Ljubljana,0,4,0:4 (0:1),1,,,
2358,2018/19,4,NK Maribor-ND Gorica,2018-08-12,17:15:00,NK Maribor,ND Gorica,5,0,5:0 (3:0),1,,,
2359,2018/19,4,NK Domžale-NK Aluminij,2018-08-12,19:15:00,NK Domžale,NK Aluminij,3,1,3:1 (2:0),1,,,
2360,2018/19,4,Rudar Velenje-NŠ Mura,2018-08-13,17:00:00,Rudar Velenje,NŠ Mura,3,2,3:2 (2:1),1,,,
2361,2018/19,5,NK Celje-NK Triglav,2018-08-18,17:00:00,NK Celje,NK Triglav,1,3,1:3 (0:0),1,,,
2362,2018/19,5,NK Aluminij-Rudar Velenje,2018-08-18,19:00:00,NK Aluminij,Rudar Velenje,3,0,3:0 (1:0),1,,,
2363,2018/19,5,NŠ Mura-NK Krško,2018-08-19,15:00:00,NŠ Mura,NK Krško,0,1,0:1 (0:0),1,,,
2364,2018/19,5,ND Gorica-NK Domžale,2018-08-19,17:15:00,ND Gorica,NK Domžale,1,0,1:0 (1:0),1,,,
2365,2018/19,5,Olimpija Ljubljana-NK Maribor,2018-08-19,19:30:00,Olimpija Ljubljana,NK Maribor,0,3,0:3 (0:1),1,,,
2366,2018/19,6,NK Krško-NK Triglav,2018-08-25,19:00:00,NK Krško,NK Triglav,1,1,1:1 (0:0),0,,,
2367,2018/19,6,NŠ Mura-NK Aluminij,2018-08-26,13:30:00,NŠ Mura,NK Aluminij,3,2,3:2 (2:0),1,,,
2368,2018/19,6,NK Domžale-Olimpija Ljubljana,2018-08-26,17:15:00,NK Domžale,Olimpija Ljubljana,1,2,1:2 (0:2),1,,,
2369,2018/19,6,NK Maribor-NK Celje,2018-08-26,19:15:00,NK Maribor,NK Celje,1,1,1:1 (0:0),0,,,
2370,2018/19,6,Rudar Velenje-ND Gorica,2018-08-29,17:00:00,Rudar Velenje,ND Gorica,0,2,0:2 (0:0),1,,,
2371,2018/19,7,NK Aluminij-NK Krško,2018-08-31,18:00:00,NK Aluminij,NK Krško,1,0,1:0 (1:0),1,,,
2372,2018/19,7,NK Celje-NK Domžale,2018-08-31,20:00:00,NK Celje,NK Domžale,0,0,0:0 (0:0),0,,,
2373,2018/19,7,NK Triglav-NK Maribor,2018-09-02,15:00:00,NK Triglav,NK Maribor,1,5,1:5 (0:2),1,,,
2374,2018/19,7,ND Gorica-NŠ Mura,2018-09-02,17:05:00,ND Gorica,NŠ Mura,2,2,2:2 (0:1),0,,,
2375,2018/19,7,Olimpija Ljubljana-Rudar Velenje,2018-09-02,19:15:00,Olimpija Ljubljana,Rudar Velenje,5,0,5:0 (2:0),1,,,
2376,2018/19,8,NK Aluminij-ND Gorica,2018-09-15,15:00:00,NK Aluminij,ND Gorica,0,0,0:0 (0:0),0,,,
2377,2018/19,8,Rudar Velenje-NK Celje,2018-09-15,17:00:00,Rudar Velenje,NK Celje,0,1,0:1 (0:1),1,,,
2378,2018/19,8,NK Krško-NK Maribor,2018-09-15,19:15:00,NK Krško,NK Maribor,0,2,0:2 (0:0),1,,,
2379,2018/19,8,NŠ Mura-Olimpija Ljubljana,2018-09-16,15:00:00,NŠ Mura,Olimpija Ljubljana,0,2,0:2 (0:1),1,,,
2380,2018/19,8,NK Domžale-NK Triglav,2018-09-16,17:10:00,NK Domžale,NK Triglav,1,2,1:2 (0:1),1,,,
2381,2018/19,9,ND Gorica-NK Krško,2018-09-22,17:00:00,ND Gorica,NK Krško,1,0,1:0 (0:0),1,,,
2382,2018/19,9,NK Maribor-NK Domžale,2018-09-22,19:15:00,NK Maribor,NK Domžale,2,2,2:2 (2:1),0,,,
2383,2018/19,9,NK Triglav-Rudar Velenje,2018-09-23,13:00:00,NK Triglav,Rudar Velenje,1,2,1:2 (0:1),1,,,
2384,2018/19,9,NK Celje-NŠ Mura,2018-09-23,15:00:00,NK Celje,NŠ Mura,1,0,1:0 (1:0),1,,,
2385,2018/19,9,Olimpija Ljubljana-NK Aluminij,2018-09-23,17:15:00,Olimpija Ljubljana,NK Aluminij,3,1,3:1 (0:0),1,,,
2386,2018/19,10,NK Krško-NK Domžale,2018-09-26,19:00:00,NK Krško,NK Domžale,0,4,0:4 (0:2),1,,,
2387,2018/19,10,NK Triglav-NŠ Mura,2018-09-27,14:30:00,NK Triglav,NŠ Mura,3,0,3:0 (1:0),1,,,
2388,2018/19,10,NK Maribor-Rudar Velenje,2018-09-27,17:00:00,NK Maribor,Rudar Velenje,3,0,3:0 (2:0),1,,,
2389,2018/19,10,NK Celje-NK Aluminij,2018-09-27,19:10:00,NK Celje,NK Aluminij,1,1,1:1 (0:0),0,,,
2390,2018/19,10,Olimpija Ljubljana-ND Gorica,2018-09-27,19:15:00,Olimpija Ljubljana,ND Gorica,2,2,2:2 (0:0),0,,,
2391,2018/19,11,NŠ Mura-NK Maribor,2018-09-30,12:00:00,NŠ Mura,NK Maribor,4,1,4:1 (2:0),1,,,
2392,2018/19,11,Rudar Velenje-NK Domžale,2018-09-30,15:00:00,Rudar Velenje,NK Domžale,2,1,2:1 (0:1),1,,,
2393,2018/19,11,Olimpija Ljubljana-NK Krško,2018-09-30,17:15:00,Olimpija Ljubljana,NK Krško,1,1,1:1 (1:0),0,,,
2394,2018/19,11,ND Gorica-NK Celje,2018-10-01,15:00:00,ND Gorica,NK Celje,1,1,1:1 (1:1),0,,,
2395,2018/19,11,NK Aluminij-NK Triglav,2018-10-01,17:00:00,NK Aluminij,NK Triglav,2,0,2:0 (2:0),1,,,
2396,2018/19,12,NK Krško-Rudar Velenje,2018-10-05,16:30:00,NK Krško,Rudar Velenje,0,0,0:0 (0:0),0,,,
2397,2018/19,12,NK Domžale-NŠ Mura,2018-10-06,13:45:00,NK Domžale,NŠ Mura,2,2,2:2 (1:0),0,,,
2398,2018/19,12,NK Maribor-NK Aluminij,2018-10-06,16:00:00,NK Maribor,NK Aluminij,2,1,2:1 (1:0),1,,,
2399,2018/19,12,NK Celje-Olimpija Ljubljana,2018-10-06,19:15:00,NK Celje,Olimpija Ljubljana,1,3,1:3 (1:1),1,,,
2400,2018/19,12,NK Triglav-ND Gorica,2018-10-07,14:30:00,NK Triglav,ND Gorica,2,4,2:4 (1:1),1,,,
2401,2018/19,13,NŠ Mura-Rudar Velenje,2018-10-20,13:00:00,NŠ Mura,Rudar Velenje,2,1,2:1 (1:1),1,,,
2402,2018/19,13,ND Gorica-NK Maribor,2018-10-20,15:00:00,ND Gorica,NK Maribor,0,3,0:3 (0:1),1,,,
2403,2018/19,13,NK Aluminij-NK Domžale,2018-10-20,17:00:00,NK Aluminij,NK Domžale,0,0,0:0 (0:0),0,,,
2404,2018/19,13,NK Celje-NK Krško,2018-10-21,13:45:00,NK Celje,NK Krško,2,1,2:1 (1:1),1,,,
2405,2018/19,13,Olimpija Ljubljana-NK Triglav,2018-10-21,16:00:00,Olimpija Ljubljana,NK Triglav,2,0,2:0 (1:0),1,,,
2406,2018/19,14,NK Triglav-NK Celje,2018-10-27,13:00:00,NK Triglav,NK Celje,1,2,1:2 (0:2),1,,,
2407,2018/19,14,NK Maribor-Olimpija Ljubljana,2018-10-27,15:45:00,NK Maribor,Olimpija Ljubljana,1,2,1:2 (1:0),1,,,
2408,2018/19,14,NK Krško-NŠ Mura,2018-10-28,13:00:00,NK Krško,NŠ Mura,2,0,2:0 (0:0),1,,,
2409,2018/19,14,Rudar Velenje-NK Aluminij,2018-10-28,17:00:00,Rudar Velenje,NK Aluminij,3,2,3:2 (1:1),1,,,
2410,2018/19,14,NK Domžale-ND Gorica,2018-11-07,14:10:00,NK Domžale,ND Gorica,3,1,3:1 (2:0),1,,,
2411,2018/19,15,ND Gorica-Rudar Velenje,2018-11-03,17:00:00,ND Gorica,Rudar Velenje,2,2,2:2 (1:1),0,,,
2412,2018/19,15,NK Triglav-NK Krško,2018-11-04,10:45:00,NK Triglav,NK Krško,4,3,4:3 (2:2),1,,,
2413,2018/19,15,NK Celje-NK Maribor,2018-11-04,13:00:00,NK Celje,NK Maribor,0,5,0:5 (0:3),1,,,
2414,2018/19,15,Olimpija Ljubljana-NK Domžale,2018-11-04,15:15:00,Olimpija Ljubljana,NK Domžale,4,4,4:4 (2:3),0,,,
2415,2018/19,15,NK Aluminij-NŠ Mura,2018-11-04,17:30:00,NK Aluminij,NŠ Mura,0,2,0:2 (0:1),1,,,
2416,2018/19,16,NŠ Mura-ND Gorica,2018-11-10,13:00:00,NŠ Mura,ND Gorica,1,0,1:0 (1:0),1,,,
2417,2018/19,16,NK Maribor-NK Triglav,2018-11-10,15:15:00,NK Maribor,NK Triglav,4,1,4:1 (1:1),1,,,
2418,2018/19,16,NK Domžale-NK Celje,2018-11-11,13:00:00,NK Domžale,NK Celje,1,1,1:1 (0:0),0,,,
2419,2018/19,16,Rudar Velenje-Olimpija Ljubljana,2018-11-11,15:00:00,Rudar Velenje,Olimpija Ljubljana,1,2,1:2 (0:2),1,,,
2420,2018/19,16,NK Krško-NK Aluminij,2018-11-11,17:00:00,NK Krško,NK Aluminij,1,3,1:3 (0:1),1,,,
2421,2018/19,17,Olimpija Ljubljana-NŠ Mura,2018-11-23,19:15:00,Olimpija Ljubljana,NŠ Mura,2,2,2:2 (1:0),0,,,
2422,2018/19,17,NK Celje-Rudar Velenje,2018-11-24,13:45:00,NK Celje,Rudar Velenje,2,0,2:0 (0:0),1,,,
2423,2018/19,17,NK Maribor-NK Krško,2018-11-24,16:00:00,NK Maribor,NK Krško,3,0,3:0 (0:0),1,,,
2424,2018/19,17,NK Triglav-NK Domžale,2018-11-25,12:00:00,NK Triglav,NK Domžale,1,4,1:4 (0:2),1,,,
2425,2018/19,17,ND Gorica-NK Aluminij,2018-11-25,14:00:00,ND Gorica,NK Aluminij,0,1,0:1 (0:0),1,,,
2426,2018/19,18,NK Aluminij-Olimpija Ljubljana,2018-12-01,12:30:00,NK Aluminij,Olimpija Ljubljana,6,2,6:2 (3:1),1,,,
2427,2018/19,18,NK Domžale-NK Maribor,2018-12-01,16:15:00,NK Domžale,NK Maribor,1,2,1:2 (1:1),1,,,
2428,2018/19,18,NK Krško-ND Gorica,2018-12-01,18:15:00,NK Krško,ND Gorica,1,0,1:0 (0:0),1,,,
2429,2018/19,18,NŠ Mura-NK Celje,2018-12-02,12:00:00,NŠ Mura,NK Celje,0,1,0:1 (0:0),1,,,
2430,2018/19,18,Rudar Velenje-NK Triglav,2018-12-02,15:00:00,Rudar Velenje,NK Triglav,3,1,3:1 (0:1),1,,,
2431,2018/19,19,Rudar Velenje-NK Maribor,2018-12-07,15:45:00,Rudar Velenje,NK Maribor,1,3,1:3 (1:1),1,,,
2432,2018/19,19,ND Gorica-Olimpija Ljubljana,2018-12-08,13:00:00,ND Gorica,Olimpija Ljubljana,1,3,1:3 (1:1),1,,,
2433,2018/19,19,NK Domžale-NK Krško,2018-12-08,15:05:00,NK Domžale,NK Krško,2,1,2:1 (0:0),1,,,
2434,2018/19,19,NŠ Mura-NK Triglav,2018-12-09,12:00:00,NŠ Mura,NK Triglav,0,0,0:0 (0:0),0,,,
2435,2018/19,19,NK Aluminij-NK Celje,2018-12-09,15:00:00,NK Aluminij,NK Celje,4,1,4:1 (3:1),1,,,
2436,2018/19,20,NK Celje-ND Gorica,2019-02-23,13:45:00,NK Celje,ND Gorica,4,3,4:3 (4:2),1,,,
2437,2018/19,20,NK Maribor-NŠ Mura,2019-02-23,16:00:00,NK Maribor,NŠ Mura,1,1,1:1 (0:0),0,,,
2438,2018/19,20,NK Triglav-NK Aluminij,2019-02-24,12:30:00,NK Triglav,NK Aluminij,3,0,3:0 (3:0),1,,,
2439,2018/19,20,NK Domžale-Rudar Velenje,2019-02-24,14:30:00,NK Domžale,Rudar Velenje,6,2,6:2 (1:0),1,,,
2440,2018/19,20,NK Krško-Olimpija Ljubljana,2019-02-24,16:30:00,NK Krško,Olimpija Ljubljana,1,4,1:4 (1:1),1,,,
2441,2018/19,21,NŠ Mura-NK Domžale,2019-03-02,16:00:00,NŠ Mura,NK Domžale,0,0,0:0 (0:0),0,,,
2442,2018/19,21,Olimpija Ljubljana-NK Celje,2019-03-02,19:00:00,Olimpija Ljubljana,NK Celje,2,0,2:0 (1:0),1,,,
2443,2018/19,21,NK Aluminij-NK Maribor,2019-03-03,14:15:00,NK Aluminij,NK Maribor,0,1,0:1 (0:0),1,,,
2444,2018/19,21,Rudar Velenje-NK Krško,2019-03-03,16:30:00,Rudar Velenje,NK Krško,1,0,1:0 (1:0),1,,,
2445,2018/19,21,ND Gorica-NK Triglav,2019-03-03,18:30:00,ND Gorica,NK Triglav,1,2,1:2 (1:1),1,,,
2446,2018/19,22,NK Triglav-Olimpija Ljubljana,2019-03-09,13:45:00,NK Triglav,Olimpija Ljubljana,2,1,2:1 (0:1),1,,,
2447,2018/19,22,NK Maribor-ND Gorica,2019-03-09,16:00:00,NK Maribor,ND Gorica,2,1,2:1 (0:0),1,,,
2448,2018/19,22,NK Krško-NK Celje,2019-03-10,12:30:00,NK Krško,NK Celje,1,1,1:1 (0:0),0,,,
2449,2018/19,22,Rudar Velenje-NŠ Mura,2019-03-10,14:30:00,Rudar Velenje,NŠ Mura,1,0,1:0 (0:0),1,,,
2450,2018/19,22,NK Domžale-NK Aluminij,2019-03-10,16:30:00,NK Domžale,NK Aluminij,3,0,3:0 (1:0),1,,,
2451,2018/19,23,NK Celje-NK Triglav,2019-03-16,13:45:00,NK Celje,NK Triglav,4,0,4:0 (1:0),1,,,
2452,2018/19,23,NŠ Mura-NK Krško,2019-03-16,16:00:00,NŠ Mura,NK Krško,5,0,5:0 (2:0),1,,,
2453,2018/19,23,Olimpija Ljubljana-NK Maribor,2019-03-16,19:30:00,Olimpija Ljubljana,NK Maribor,0,0,0:0 (0:0),0,,,
2454,2018/19,23,NK Aluminij-Rudar Velenje,2019-03-17,16:00:00,NK Aluminij,Rudar Velenje,4,0,4:0 (1:0),1,,,
2455,2018/19,23,ND Gorica-NK Domžale,2019-03-17,19:00:00,ND Gorica,NK Domžale,2,1,2:1 (0:0),1,,,
2456,2018/19,24,NK Domžale-Olimpija Ljubljana,2019-03-30,13:45:00,NK Domžale,Olimpija Ljubljana,1,3,1:3 (0:1),1,,,
2457,2018/19,24,NK Maribor-NK Celje,2019-03-30,16:00:00,NK Maribor,NK Celje,1,1,1:1 (0:0),0,,,
2458,2018/19,24,Rudar Velenje-ND Gorica,2019-03-30,19:00:00,Rudar Velenje,ND Gorica,2,2,2:2 (0:1),0,,,
2459,2018/19,24,NK Krško-NK Triglav,2019-03-31,14:00:00,NK Krško,NK Triglav,1,3,1:3 (1:0),1,,,
2460,2018/19,24,NŠ Mura-NK Aluminij,2019-03-31,16:00:00,NŠ Mura,NK Aluminij,3,0,3:0 (1:0),1,,,
2461,2018/19,25,NK Triglav-NK Maribor,2019-04-06,15:30:00,NK Triglav,NK Maribor,1,2,1:2 (0:1),1,,,
2462,2018/19,25,NK Celje-NK Domžale,2019-04-06,18:00:00,NK Celje,NK Domžale,2,3,2:3 (1:2),1,,,
2463,2018/19,25,ND Gorica-NŠ Mura,2019-04-07,13:45:00,ND Gorica,NŠ Mura,0,1,0:1 (0:0),1,,,
2464,2018/19,25,Olimpija Ljubljana-Rudar Velenje,2019-04-07,15:45:00,Olimpija Ljubljana,Rudar Velenje,3,3,3:3 (2:0),0,,,
2465,2018/19,25,NK Aluminij-NK Krško,2019-04-07,18:00:00,NK Aluminij,NK Krško,1,1,1:1 (1:1),0,,,
2466,2018/19,26,Rudar Velenje-NK Celje,2019-04-10,15:00:00,Rudar Velenje,NK Celje,0,3,0:3 (0:0),1,,,
2467,2018/19,26,NK Krško-NK Maribor,2019-04-10,15:45:00,NK Krško,NK Maribor,0,1,0:1 (0:1),1,,,
2468,2018/19,26,NK Domžale-NK Triglav,2019-04-10,17:00:00,NK Domžale,NK Triglav,6,1,6:1 (2:0),1,,,
2469,2018/19,26,NK Aluminij-ND Gorica,2019-04-11,14:45:00,NK Aluminij,ND Gorica,3,1,3:1 (1:0),1,,,
2470,2018/19,26,NŠ Mura-Olimpija Ljubljana,2019-04-11,17:00:00,NŠ Mura,Olimpija Ljubljana,0,0,0:0 (0:0),0,,,
2471,2018/19,27,NK Triglav-Rudar Velenje,2019-04-13,13:30:00,NK Triglav,Rudar Velenje,0,4,0:4 (0:2),1,,,
2472,2018/19,27,NK Maribor-NK Domžale,2019-04-13,15:45:00,NK Maribor,NK Domžale,1,0,1:0 (0:0),1,,,
2473,2018/19,27,NK Celje-NŠ Mura,2019-04-14,13:30:00,NK Celje,NŠ Mura,0,2,0:2 (0:2),1,,,
2474,2018/19,27,Olimpija Ljubljana-NK Aluminij,2019-04-14,16:00:00,Olimpija Ljubljana,NK Aluminij,2,0,2:0 (0:0),1,,,
2475,2018/19,27,ND Gorica-NK Krško,2019-04-14,18:00:00,ND Gorica,NK Krško,1,2,1:2 (1:1),1,,,
2476,2018/19,28,Olimpija Ljubljana-ND Gorica,2019-04-19,15:00:00,Olimpija Ljubljana,ND Gorica,3,1,3:1 (1:0),1,,,
2477,2018/19,28,NK Celje-NK Aluminij,2019-04-19,17:15:00,NK Celje,NK Aluminij,1,0,1:0 (0:0),1,,,
2478,2018/19,28,NK Triglav-NŠ Mura,2019-04-20,13:45:00,NK Triglav,NŠ Mura,2,1,2:1 (0:1),1,,,
2479,2018/19,28,NK Maribor-Rudar Velenje,2019-04-20,16:00:00,NK Maribor,Rudar Velenje,3,1,3:1 (1:0),1,,,
2480,2018/19,28,NK Krško-NK Domžale,2019-04-22,17:00:00,NK Krško,NK Domžale,1,2,1:2 (0:2),1,,,
2481,2018/19,29,Rudar Velenje-NK Domžale,2019-04-27,14:00:00,Rudar Velenje,NK Domžale,1,2,1:2 (1:0),1,,,
2482,2018/19,29,NK Aluminij-NK Triglav,2019-04-27,16:00:00,NK Aluminij,NK Triglav,2,1,2:1 (0:1),1,,,
2483,2018/19,29,ND Gorica-NK Celje,2019-04-28,13:00:00,ND Gorica,NK Celje,4,0,4:0 (4:0),1,,,
2484,2018/19,29,NŠ Mura-NK Maribor,2019-04-28,15:00:00,NŠ Mura,NK Maribor,2,2,2:2 (1:1),0,,,
2485,2018/19,29,Olimpija Ljubljana-NK Krško,2019-04-28,17:00:00,Olimpija Ljubljana,NK Krško,3,2,3:2 (2:0),1,,,
2486,2018/19,30,NK Domžale-NŠ Mura,2019-05-01,13:45:00,NK Domžale,NŠ Mura,1,1,1:1 (1:1),0,,,
2487,2018/19,30,NK Maribor-NK Aluminij,2019-05-01,16:00:00,NK Maribor,NK Aluminij,1,1,1:1 (0:1),0,,,
2488,2018/19,30,NK Triglav-ND Gorica,2019-05-02,13:30:00,NK Triglav,ND Gorica,1,1,1:1 (1:0),0,,,
2489,2018/19,30,NK Celje-Olimpija Ljubljana,2019-05-02,15:45:00,NK Celje,Olimpija Ljubljana,1,0,1:0 (1:0),1,,,
2490,2018/19,30,NK Krško-Rudar Velenje,2019-05-02,17:00:00,NK Krško,Rudar Velenje,1,2,1:2 (0:0),1,,,
2491,2018/19,31,NK Aluminij-NK Domžale,2019-05-04,16:00:00,NK Aluminij,NK Domžale,0,3,0:3 (0:1),1,,,
2492,2018/19,31,NŠ Mura-Rudar Velenje,2019-05-05,13:30:00,NŠ Mura,Rudar Velenje,3,3,3:3 (1:1),0,,,
2493,2018/19,31,ND Gorica-NK Maribor,2019-05-05,15:15:00,ND Gorica,NK Maribor,1,3,1:3 (0:2),1,,,
2494,2018/19,31,Olimpija Ljubljana-NK Triglav,2019-05-05,16:55:00,Olimpija Ljubljana,NK Triglav,4,2,4:2 (2:1),1,,,
2495,2018/19,31,NK Celje-NK Krško,2019-05-06,17:00:00,NK Celje,NK Krško,0,0,0:0 (0:0),0,,,
2496,2018/19,32,NK Domžale-ND Gorica,2019-05-10,15:45:00,NK Domžale,ND Gorica,2,1,2:1 (0:1),1,,,
2497,2018/19,32,Rudar Velenje-NK Aluminij,2019-05-10,17:00:00,Rudar Velenje,NK Aluminij,3,0,3:0 (0:0),1,,,
2498,2018/19,32,NK Krško-NŠ Mura,2019-05-11,14:20:00,NK Krško,NŠ Mura,0,3,0:3 (0:1),1,,,
2499,2018/19,32,NK Maribor-Olimpija Ljubljana,2019-05-11,16:45:00,NK Maribor,Olimpija Ljubljana,0,3,0:3 (0:3),1,,,
2500,2018/19,32,NK Triglav-NK Celje,2019-05-12,15:00:00,NK Triglav,NK Celje,0,3,0:3 (0:2),1,,,
2501,2018/19,33,ND Gorica-Rudar Velenje,2019-05-14,16:00:00,ND Gorica,Rudar Velenje,1,2,1:2 (0:2),1,,,
2502,2018/19,33,NK Triglav-NK Krško,2019-05-15,13:50:00,NK Triglav,NK Krško,3,1,3:1 (2:0),1,,,
2503,2018/19,33,Olimpija Ljubljana-NK Domžale,2019-05-15,15:55:00,Olimpija Ljubljana,NK Domžale,1,4,1:4 (0:2),1,,,
2504,2018/19,33,NK Aluminij-NŠ Mura,2019-05-15,18:00:00,NK Aluminij,NŠ Mura,0,1,0:1 (0:0),1,,,
2505,2018/19,33,NK Celje-NK Maribor,2019-05-15,19:15:00,NK Celje,NK Maribor,1,3,1:3 (1:0),1,,,
2506,2018/19,34,Rudar Velenje-Olimpija Ljubljana,2019-05-18,14:15:00,Rudar Velenje,Olimpija Ljubljana,1,2,1:2 (1:0),1,,,
2507,2018/19,34,NK Maribor-NK Triglav,2019-05-18,16:30:00,NK Maribor,NK Triglav,3,3,3:3 (1:1),0,,,
2508,2018/19,34,NŠ Mura-ND Gorica,2019-05-18,19:00:00,NŠ Mura,ND Gorica,3,0,3:0 (2:0),1,,,
2509,2018/19,34,NK Domžale-NK Celje,2019-05-18,19:15:00,NK Domžale,NK Celje,1,1,1:1 (0:1),0,,,
2510,2018/19,34,NK Krško-NK Aluminij,2019-05-19,12:00:00,NK Krško,NK Aluminij,1,3,1:3 (0:2),1,,,
2511,2018/19,35,NK Maribor-NK Krško,2019-05-22,15:55:00,NK Maribor,NK Krško,2,0,2:0 (1:0),1,,,
2512,2018/19,35,NK Celje-Rudar Velenje,2019-05-22,15:55:00,NK Celje,Rudar Velenje,0,2,0:2 (0:0),1,,,
2513,2018/19,35,Olimpija Ljubljana-NŠ Mura,2019-05-22,15:55:00,Olimpija Ljubljana,NŠ Mura,1,0,1:0 (0:0),1,,,
2514,2018/19,35,ND Gorica-NK Aluminij,2019-05-22,15:55:00,ND Gorica,NK Aluminij,0,0,0:0 (0:0),0,,,
2515,2018/19,35,NK Triglav-NK Domžale,2019-05-22,16:50:00,NK Triglav,NK Domžale,1,4,1:4 (1:1),1,,,
2516,2018/19,36,NK Domžale-NK Maribor,2019-05-25,14:45:00,NK Domžale,NK Maribor,2,1,2:1 (2:1),1,,,
2517,2018/19,36,NK Krško-ND Gorica,2019-05-25,16:55:00,NK Krško,ND Gorica,3,2,3:2 (1:1),1,,,
2518,2018/19,36,NK Aluminij-Olimpija Ljubljana,2019-05-25,16:55:00,NK Aluminij,Olimpija Ljubljana,1,0,1:0 (1:0),1,,,
2519,2018/19,36,NŠ Mura-NK Celje,2019-05-25,16:55:00,NŠ Mura,NK Celje,1,1,1:1 (0:1),0,,,
2520,2018/19,36,Rudar Velenje-NK Triglav,2019-05-25,16:55:00,Rudar Velenje,NK Triglav,2,2,2:2 (1:0),0,,,
2521,2019/20,1,NK Tabor Sežana-NK Aluminij,2019-07-13,17:00:00,NK Tabor Sežana,NK Aluminij,0,2,0:2 (0:2),1,,,
2522,2019/20,1,NK Maribor-NK Triglav,2019-07-13,19:15:00,NK Maribor,NK Triglav,1,2,1:2 (0:1),1,,,
2523,2019/20,1,NK Bravo-Olimpija Ljubljana,2019-07-14,16:45:00,NK Bravo,Olimpija Ljubljana,0,2,0:2 (0:1),1,,,
2524,2019/20,1,NK Celje-NŠ Mura,2019-07-14,18:00:00,NK Celje,NŠ Mura,2,2,2:2 (0:2),0,,,
2525,2019/20,1,NK Domžale-Rudar Velenje,2019-07-14,20:00:00,NK Domžale,Rudar Velenje,2,2,2:2 (1:1),0,,,
2526,2019/20,2,NK Aluminij-NK Triglav,2019-07-19,17:00:00,NK Aluminij,NK Triglav,2,1,2:1 (0:1),1,,,
2527,2019/20,2,NK Tabor Sežana-NK Celje,2019-07-20,17:00:00,NK Tabor Sežana,NK Celje,1,0,1:0 (1:0),1,,,
2528,2019/20,2,Rudar Velenje-NK Maribor,2019-07-20,19:15:00,Rudar Velenje,NK Maribor,1,1,1:1 (0:1),0,,,
2529,2019/20,2,NŠ Mura-NK Bravo,2019-07-21,17:00:00,NŠ Mura,NK Bravo,4,3,4:3 (2:1),1,,,
2530,2019/20,2,Olimpija Ljubljana-NK Domžale,2019-07-21,19:10:00,Olimpija Ljubljana,NK Domžale,4,2,4:2 (2:2),1,,,
2531,2019/20,3,NK Celje-NK Aluminij,2019-07-26,18:00:00,NK Celje,NK Aluminij,0,0,0:0 (0:0),0,,,
2532,2019/20,3,NK Triglav-Rudar Velenje,2019-07-27,16:30:00,NK Triglav,Rudar Velenje,3,2,3:2 (2:1),1,,,
2533,2019/20,3,NK Bravo-NK Tabor Sežana,2019-07-28,16:30:00,NK Bravo,NK Tabor Sežana,1,0,1:0 (0:0),1,,,
2534,2019/20,3,NK Maribor-Olimpija Ljubljana,2019-07-28,19:30:00,NK Maribor,Olimpija Ljubljana,0,0,0:0 (0:0),0,,,
2535,2019/20,3,NK Domžale-NŠ Mura,2019-09-12,19:10:00,NK Domžale,NŠ Mura,0,0,0:0 (0:0),0,,,
2536,2019/20,4,NK Celje-NK Bravo,2019-08-02,18:00:00,NK Celje,NK Bravo,2,2,2:2 (1:2),0,,,
2537,2019/20,4,NK Aluminij-Rudar Velenje,2019-08-03,17:00:00,NK Aluminij,Rudar Velenje,1,1,1:1 (1:0),0,,,
2538,2019/20,4,NŠ Mura-NK Maribor,2019-08-03,19:10:00,NŠ Mura,NK Maribor,1,1,1:1 (1:0),0,,,
2539,2019/20,4,NK Tabor Sežana-NK Domžale,2019-08-04,16:30:00,NK Tabor Sežana,NK Domžale,2,1,2:1 (2:0),1,,,
2540,2019/20,4,Olimpija Ljubljana-NK Triglav,2019-08-04,19:15:00,Olimpija Ljubljana,NK Triglav,4,2,4:2 (3:1),1,,,
2541,2019/20,5,NK Bravo-NK Aluminij,2019-08-09,16:30:00,NK Bravo,NK Aluminij,0,1,0:1 (0:0),1,,,
2542,2019/20,5,NK Triglav-NŠ Mura,2019-08-10,16:30:00,NK Triglav,NŠ Mura,1,3,1:3 (0:2),1,,,
2543,2019/20,5,NK Maribor-NK Tabor Sežana,2019-08-10,19:15:00,NK Maribor,NK Tabor Sežana,4,2,4:2 (1:1),1,,,
2544,2019/20,5,NK Domžale-NK Celje,2019-08-11,17:00:00,NK Domžale,NK Celje,3,5,3:5 (0:3),1,,,
2545,2019/20,5,Rudar Velenje-Olimpija Ljubljana,2019-08-11,19:10:00,Rudar Velenje,Olimpija Ljubljana,0,3,0:3 (0:2),1,,,
2546,2019/20,6,NK Tabor Sežana-NK Triglav,2019-08-17,16:00:00,NK Tabor Sežana,NK Triglav,2,0,2:0 (1:0),1,,,
2547,2019/20,6,NK Celje-NK Maribor,2019-08-17,19:10:00,NK Celje,NK Maribor,2,1,2:1 (1:0),1,,,
2548,2019/20,6,NK Bravo-NK Domžale,2019-08-18,15:00:00,NK Bravo,NK Domžale,0,0,0:0 (0:0),0,,,
2549,2019/20,6,NŠ Mura-Rudar Velenje,2019-08-18,17:00:00,NŠ Mura,Rudar Velenje,2,0,2:0 (0:0),1,,,
2550,2019/20,6,NK Aluminij-Olimpija Ljubljana,2019-08-18,19:15:00,NK Aluminij,Olimpija Ljubljana,1,0,1:0 (0:0),1,,,
2551,2019/20,7,Olimpija Ljubljana-NŠ Mura,2019-08-24,19:15:00,Olimpija Ljubljana,NŠ Mura,1,1,1:1 (0:0),0,,,
2552,2019/20,7,NK Triglav-NK Celje,2019-08-25,15:00:00,NK Triglav,NK Celje,0,6,0:6 (0:3),1,,,
2553,2019/20,7,Rudar Velenje-NK Tabor Sežana,2019-08-25,17:00:00,Rudar Velenje,NK Tabor Sežana,2,2,2:2 (1:1),0,,,
2554,2019/20,7,NK Maribor-NK Bravo,2019-08-25,19:10:00,NK Maribor,NK Bravo,4,0,4:0 (1:0),1,,,
2555,2019/20,7,NK Domžale-NK Aluminij,2019-08-26,17:00:00,NK Domžale,NK Aluminij,1,1,1:1 (0:1),0,,,
2556,2019/20,8,NK Bravo-NK Triglav,2019-08-30,16:00:00,NK Bravo,NK Triglav,1,0,1:0 (0:0),1,,,
2557,2019/20,8,NK Tabor Sežana-Olimpija Ljubljana,2019-08-31,16:00:00,NK Tabor Sežana,Olimpija Ljubljana,1,2,1:2 (1:1),1,,,
2558,2019/20,8,NK Aluminij-NŠ Mura,2019-08-31,19:15:00,NK Aluminij,NŠ Mura,2,0,2:0 (1:0),1,,,
2559,2019/20,8,NK Celje-Rudar Velenje,2019-09-01,17:00:00,NK Celje,Rudar Velenje,3,0,3:0 (2:0),1,,,
2560,2019/20,8,NK Domžale-NK Maribor,2019-09-01,19:10:00,NK Domžale,NK Maribor,0,1,0:1 (0:1),1,,,
2561,2019/20,9,Rudar Velenje-NK Bravo,2019-09-13,17:00:00,Rudar Velenje,NK Bravo,1,4,1:4 (0:2),1,,,
2562,2019/20,9,NK Maribor-NK Aluminij,2019-09-14,19:15:00,NK Maribor,NK Aluminij,2,1,2:1 (0:0),1,,,
2563,2019/20,9,NK Triglav-NK Domžale,2019-09-15,13:00:00,NK Triglav,NK Domžale,2,3,2:3 (1:1),1,,,
2564,2019/20,9,Olimpija Ljubljana-NK Celje,2019-09-15,15:15:00,Olimpija Ljubljana,NK Celje,2,2,2:2 (1:0),0,,,
2565,2019/20,9,NŠ Mura-NK Tabor Sežana,2019-09-15,17:00:00,NŠ Mura,NK Tabor Sežana,1,0,1:0 (0:0),1,,,
2566,2019/20,10,NK Aluminij-NK Tabor Sežana,2019-09-21,17:00:00,NK Aluminij,NK Tabor Sežana,3,0,3:0 (2:0),1,,,
2567,2019/20,10,Rudar Velenje-NK Domžale,2019-09-22,13:00:00,Rudar Velenje,NK Domžale,2,3,2:3 (0:3),1,,,
2568,2019/20,10,NK Triglav-NK Maribor,2019-09-22,15:00:00,NK Triglav,NK Maribor,1,3,1:3 (0:1),1,,,
2569,2019/20,10,NŠ Mura-NK Celje,2019-09-22,17:00:00,NŠ Mura,NK Celje,1,0,1:0 (0:0),1,,,
2570,2019/20,10,Olimpija Ljubljana-NK Bravo,2019-09-22,19:15:00,Olimpija Ljubljana,NK Bravo,3,1,3:1 (3:0),1,,,
2571,2019/20,11,NK Bravo-NŠ Mura,2019-09-25,14:45:00,NK Bravo,NŠ Mura,3,3,3:3 (1:1),0,,,
2572,2019/20,11,NK Domžale-Olimpija Ljubljana,2019-09-25,17:00:00,NK Domžale,Olimpija Ljubljana,1,4,1:4 (1:2),1,,,
2573,2019/20,11,NK Maribor-Rudar Velenje,2019-09-25,19:15:00,NK Maribor,Rudar Velenje,5,0,5:0 (3:0),1,,,
2574,2019/20,11,NK Triglav-NK Aluminij,2019-09-26,15:00:00,NK Triglav,NK Aluminij,1,0,1:0 (0:0),1,,,
2575,2019/20,11,NK Celje-NK Tabor Sežana,2019-09-26,17:00:00,NK Celje,NK Tabor Sežana,2,0,2:0 (1:0),1,,,
2576,2019/20,12,Olimpija Ljubljana-NK Maribor,2019-09-28,16:00:00,Olimpija Ljubljana,NK Maribor,2,4,2:4 (1:2),1,,,
2577,2019/20,12,NŠ Mura-NK Domžale,2019-09-28,19:15:00,NŠ Mura,NK Domžale,3,0,3:0 (1:0),1,,,
2578,2019/20,12,NK Tabor Sežana-NK Bravo,2019-09-29,14:00:00,NK Tabor Sežana,NK Bravo,3,1,3:1 (0:0),1,,,
2579,2019/20,12,Rudar Velenje-NK Triglav,2019-09-29,16:00:00,Rudar Velenje,NK Triglav,1,1,1:1 (1:0),0,,,
2580,2019/20,12,NK Aluminij-NK Celje,2019-09-30,17:00:00,NK Aluminij,NK Celje,0,0,0:0 (0:0),0,,,
2581,2019/20,13,NK Bravo-NK Celje,2019-10-05,14:30:00,NK Bravo,NK Celje,2,2,2:2 (1:0),0,,,
2582,2019/20,13,NK Domžale-NK Tabor Sežana,2019-10-05,17:00:00,NK Domžale,NK Tabor Sežana,1,0,1:0 (1:0),1,,,
2583,2019/20,13,NK Maribor-NŠ Mura,2019-10-05,19:15:00,NK Maribor,NŠ Mura,0,0,0:0 (0:0),0,,,
2584,2019/20,13,NK Triglav-Olimpija Ljubljana,2019-10-06,14:30:00,NK Triglav,Olimpija Ljubljana,2,3,2:3 (1:0),1,,,
2585,2019/20,13,Rudar Velenje-NK Aluminij,2019-10-06,17:00:00,Rudar Velenje,NK Aluminij,1,2,1:2 (1:0),1,,,
2586,2019/20,14,NŠ Mura-NK Triglav,2019-10-19,13:30:00,NŠ Mura,NK Triglav,2,2,2:2 (0:1),0,,,
2587,2019/20,14,Olimpija Ljubljana-Rudar Velenje,2019-10-19,15:45:00,Olimpija Ljubljana,Rudar Velenje,6,0,6:0 (4:0),1,,,
2588,2019/20,14,NK Celje-NK Domžale,2019-10-19,17:45:00,NK Celje,NK Domžale,2,1,2:1 (1:1),1,,,
2589,2019/20,14,NK Tabor Sežana-NK Maribor,2019-10-20,13:30:00,NK Tabor Sežana,NK Maribor,4,1,4:1 (1:1),1,,,
2590,2019/20,14,NK Aluminij-NK Bravo,2019-10-20,15:30:00,NK Aluminij,NK Bravo,5,1,5:1 (2:0),1,,,
2591,2019/20,15,NK Triglav-NK Tabor Sežana,2019-10-26,12:00:00,NK Triglav,NK Tabor Sežana,3,2,3:2 (2:2),1,,,
2592,2019/20,15,Olimpija Ljubljana-NK Aluminij,2019-10-26,13:45:00,Olimpija Ljubljana,NK Aluminij,3,1,3:1 (1:0),1,,,
2593,2019/20,15,NK Maribor-NK Celje,2019-10-26,15:55:00,NK Maribor,NK Celje,1,0,1:0 (0:0),1,,,
2594,2019/20,15,Rudar Velenje-NŠ Mura,2019-10-27,16:00:00,Rudar Velenje,NŠ Mura,1,2,1:2 (1:0),1,,,
2595,2019/20,15,NK Domžale-NK Bravo,2019-10-27,18:00:00,NK Domžale,NK Bravo,2,0,2:0 (2:0),1,,,
2596,2019/20,16,NK Bravo-NK Maribor,2019-11-02,13:00:00,NK Bravo,NK Maribor,0,1,0:1 (0:1),1,,,
2597,2019/20,16,NK Celje-NK Triglav,2019-11-02,15:15:00,NK Celje,NK Triglav,4,0,4:0 (2:0),1,,,
2598,2019/20,16,NK Tabor Sežana-Rudar Velenje,2019-11-03,13:00:00,NK Tabor Sežana,Rudar Velenje,1,1,1:1 (0:0),0,,,
2599,2019/20,16,NŠ Mura-Olimpija Ljubljana,2019-11-03,15:45:00,NŠ Mura,Olimpija Ljubljana,3,1,3:1 (0:0),1,,,
2600,2019/20,16,NK Aluminij-NK Domžale,2019-11-03,18:00:00,NK Aluminij,NK Domžale,4,2,4:2 (1:1),1,,,
2601,2019/20,17,Rudar Velenje-NK Celje,2019-11-09,13:45:00,Rudar Velenje,NK Celje,3,3,3:3 (3:2),0,,,
2602,2019/20,17,NK Maribor-NK Domžale,2019-11-09,15:55:00,NK Maribor,NK Domžale,4,1,4:1 (2:0),1,,,
2603,2019/20,17,NK Triglav-NK Bravo,2019-11-10,13:00:00,NK Triglav,NK Bravo,1,0,1:0 (0:0),1,,,
2604,2019/20,17,Olimpija Ljubljana-NK Tabor Sežana,2019-11-10,15:45:00,Olimpija Ljubljana,NK Tabor Sežana,2,0,2:0 (1:0),1,,,
2605,2019/20,17,NŠ Mura-NK Aluminij,2019-11-10,18:00:00,NŠ Mura,NK Aluminij,2,4,2:4 (2:2),1,,,
2606,2019/20,18,NK Bravo-Rudar Velenje,2019-11-23,11:45:00,NK Bravo,Rudar Velenje,2,1,2:1 (1:1),1,,,
2607,2019/20,18,NK Domžale-NK Triglav,2019-11-23,13:45:00,NK Domžale,NK Triglav,3,0,3:0 (2:0),1,,,
2608,2019/20,18,NK Celje-Olimpija Ljubljana,2019-11-23,15:55:00,NK Celje,Olimpija Ljubljana,1,3,1:3 (1:2),1,,,
2609,2019/20,18,NK Tabor Sežana-NŠ Mura,2019-11-24,12:30:00,NK Tabor Sežana,NŠ Mura,1,1,1:1 (0:0),0,,,
2610,2019/20,18,NK Aluminij-NK Maribor,2019-11-24,16:00:00,NK Aluminij,NK Maribor,0,2,0:2 (0:1),1,,,
2611,2019/20,19,NK Tabor Sežana-NK Aluminij,2019-11-30,12:00:00,NK Tabor Sežana,NK Aluminij,1,1,1:1 (1:0),0,,,
2612,2019/20,19,NK Celje-NŠ Mura,2019-11-30,12:50:00,NK Celje,NŠ Mura,1,0,1:0 (1:0),1,,,
2613,2019/20,19,NK Maribor-NK Triglav,2019-11-30,15:55:00,NK Maribor,NK Triglav,0,2,0:2 (0:2),1,,,
2614,2019/20,19,NK Bravo-Olimpija Ljubljana,2019-12-01,12:00:00,NK Bravo,Olimpija Ljubljana,1,2,1:2 (0:0),1,,,
2615,2019/20,19,NK Domžale-Rudar Velenje,2019-12-01,14:00:00,NK Domžale,Rudar Velenje,2,1,2:1 (1:0),1,,,
2616,2019/20,20,NK Tabor Sežana-NK Celje,2019-12-04,12:00:00,NK Tabor Sežana,NK Celje,0,4,0:4 (0:2),1,,,
2617,2019/20,20,NK Aluminij-NK Triglav,2019-12-04,14:45:00,NK Aluminij,NK Triglav,8,1,8:1 (4:0),1,,,
2618,2019/20,20,Rudar Velenje-NK Maribor,2019-12-04,16:55:00,Rudar Velenje,NK Maribor,1,1,1:1 (1:1),0,,,
2619,2019/20,20,Olimpija Ljubljana-NK Domžale,2019-12-04,19:15:00,Olimpija Ljubljana,NK Domžale,0,1,0:1 (0:0),1,,,
2620,2019/20,20,NŠ Mura-NK Bravo,2019-12-05,16:00:00,NŠ Mura,NK Bravo,1,1,1:1 (1:1),0,,,
2621,2019/20,21,NK Triglav-Rudar Velenje,2020-02-22,13:00:00,NK Triglav,Rudar Velenje,3,0,3:0 (1:0),1,,,
2622,2019/20,21,NK Celje-NK Aluminij,2020-02-22,15:00:00,NK Celje,NK Aluminij,2,0,2:0 (1:0),1,,,
2623,2019/20,21,NK Maribor-Olimpija Ljubljana,2020-02-22,19:15:00,NK Maribor,Olimpija Ljubljana,1,1,1:1 (0:1),0,,,
2624,2019/20,21,NK Bravo-NK Tabor Sežana,2020-02-23,13:00:00,NK Bravo,NK Tabor Sežana,2,1,2:1 (1:1),1,,,
2625,2019/20,21,NK Domžale-NŠ Mura,2020-02-23,15:00:00,NK Domžale,NŠ Mura,1,2,1:2 (0:1),1,,,
2626,2019/20,22,Olimpija Ljubljana-NK Triglav,2020-02-25,15:00:00,Olimpija Ljubljana,NK Triglav,0,2,0:2 (0:1),1,,,
2627,2019/20,22,NK Aluminij-Rudar Velenje,2020-02-25,17:00:00,NK Aluminij,Rudar Velenje,1,0,1:0 (0:0),1,,,
2628,2019/20,22,NK Tabor Sežana-NK Domžale,2020-02-26,13:30:00,NK Tabor Sežana,NK Domžale,2,1,2:1 (1:1),1,,,
2629,2019/20,22,NŠ Mura-NK Maribor,2020-02-26,16:00:00,NŠ Mura,NK Maribor,1,2,1:2 (0:1),1,,,
2630,2019/20,22,NK Celje-NK Bravo,2020-02-26,17:00:00,NK Celje,NK Bravo,2,2,2:2 (1:1),0,,,
2631,2019/20,23,Rudar Velenje-Olimpija Ljubljana,2020-02-29,13:00:00,Rudar Velenje,Olimpija Ljubljana,1,1,1:1 (0:1),0,,,
2632,2019/20,23,NK Bravo-NK Aluminij,2020-02-29,13:30:00,NK Bravo,NK Aluminij,0,0,0:0 (0:0),0,,,
2633,2019/20,23,NK Maribor-NK Tabor Sežana,2020-02-29,17:00:00,NK Maribor,NK Tabor Sežana,0,0,0:0 (0:0),0,,,
2634,2019/20,23,NK Triglav-NŠ Mura,2020-03-01,13:00:00,NK Triglav,NŠ Mura,1,1,1:1 (1:1),0,,,
2635,2019/20,23,NK Domžale-NK Celje,2020-03-01,15:30:00,NK Domžale,NK Celje,1,1,1:1 (0:1),0,,,
2636,2019/20,24,NK Aluminij-Olimpija Ljubljana,2020-03-03,15:00:00,NK Aluminij,Olimpija Ljubljana,1,2,1:2 (0:2),1,,,
2637,2019/20,24,NK Bravo-NK Domžale,2020-03-04,14:00:00,NK Bravo,NK Domžale,2,1,2:1 (0:0),1,,,
2638,2019/20,24,NK Celje-NK Maribor,2020-03-04,16:30:00,NK Celje,NK Maribor,2,0,2:0 (0:0),1,,,
2639,2019/20,24,NŠ Mura-Rudar Velenje,2020-03-04,19:00:00,NŠ Mura,Rudar Velenje,1,1,1:1 (1:0),0,,,
2640,2019/20,24,NK Tabor Sežana-NK Triglav,2020-03-05,14:00:00,NK Tabor Sežana,NK Triglav,3,1,3:1 (1:1),1,,,
2641,2019/20,25,NK Domžale-NK Aluminij,2020-03-07,14:00:00,NK Domžale,NK Aluminij,1,3,1:3 (0:1),1,,,
2642,2019/20,25,NK Maribor-NK Bravo,2020-03-07,16:15:00,NK Maribor,NK Bravo,1,2,1:2 (0:2),1,,,
2643,2019/20,25,NK Triglav-NK Celje,2020-03-08,14:00:00,NK Triglav,NK Celje,0,5,0:5 (0:2),1,,,
2644,2019/20,25,Rudar Velenje-NK Tabor Sežana,2020-03-08,16:00:00,Rudar Velenje,NK Tabor Sežana,0,1,0:1 (0:0),1,,,
2645,2019/20,25,Olimpija Ljubljana-NŠ Mura,2020-03-08,19:15:00,Olimpija Ljubljana,NŠ Mura,1,0,1:0 (0:0),1,,,
2646,2019/20,26,NK Aluminij-NŠ Mura,2020-06-05,18:00:00,NK Aluminij,NŠ Mura,1,3,1:3 (0:1),1,,,
2647,2019/20,26,NK Celje-Rudar Velenje,2020-06-05,20:00:00,NK Celje,Rudar Velenje,2,0,2:0 (0:0),1,,,
2648,2019/20,26,NK Tabor Sežana-Olimpija Ljubljana,2020-06-06,17:00:00,NK Tabor Sežana,Olimpija Ljubljana,0,3,0:3 (0:1),1,,,
2649,2019/20,26,NK Bravo-NK Triglav,2020-06-07,17:00:00,NK Bravo,NK Triglav,1,0,1:0 (0:0),1,,,
2650,2019/20,26,NK Domžale-NK Maribor,2020-06-07,19:30:00,NK Domžale,NK Maribor,1,2,1:2 (0:0),1,,,
2651,2019/20,27,NK Triglav-NK Domžale,2020-06-12,17:00:00,NK Triglav,NK Domžale,1,1,1:1 (0:0),0,,,
2652,2019/20,27,Rudar Velenje-NK Bravo,2020-06-12,19:00:00,Rudar Velenje,NK Bravo,1,3,1:3 (0:3),1,,,
2653,2019/20,27,Olimpija Ljubljana-NK Celje,2020-06-13,17:00:00,Olimpija Ljubljana,NK Celje,0,1,0:1 (0:1),1,,,
2654,2019/20,27,NŠ Mura-NK Tabor Sežana,2020-06-13,20:30:00,NŠ Mura,NK Tabor Sežana,3,2,3:2 (2:0),1,,,
2655,2019/20,27,NK Maribor-NK Aluminij,2020-06-14,19:30:00,NK Maribor,NK Aluminij,3,0,3:0 (1:0),1,,,
2656,2019/20,28,NŠ Mura-NK Celje,2020-06-16,18:00:00,NŠ Mura,NK Celje,3,1,3:1 (2:1),1,,,
2657,2019/20,28,NK Aluminij-NK Tabor Sežana,2020-06-17,17:00:00,NK Aluminij,NK Tabor Sežana,0,2,0:2 (0:0),1,,,
2658,2019/20,28,Rudar Velenje-NK Domžale,2020-06-17,19:00:00,Rudar Velenje,NK Domžale,2,3,2:3 (0:1),1,,,
2659,2019/20,28,Olimpija Ljubljana-NK Bravo,2020-06-17,19:30:00,Olimpija Ljubljana,NK Bravo,0,5,0:5 (0:4),1,,,
2660,2019/20,28,NK Triglav-NK Maribor,2020-06-18,17:00:00,NK Triglav,NK Maribor,1,3,1:3 (0:0),1,,,
2661,2019/20,29,NK Bravo-NŠ Mura,2020-06-20,17:00:00,NK Bravo,NŠ Mura,1,0,1:0 (0:0),1,,,
2662,2019/20,29,NK Celje-NK Tabor Sežana,2020-06-20,19:00:00,NK Celje,NK Tabor Sežana,1,1,1:1 (0:0),0,,,
2663,2019/20,29,NK Triglav-NK Aluminij,2020-06-21,15:00:00,NK Triglav,NK Aluminij,1,4,1:4 (0:1),1,,,
2664,2019/20,29,NK Domžale-Olimpija Ljubljana,2020-06-21,17:00:00,NK Domžale,Olimpija Ljubljana,0,1,0:1 (0:0),1,,,
2665,2019/20,29,NK Maribor-Rudar Velenje,2020-06-21,19:30:00,NK Maribor,Rudar Velenje,3,0,3:0 (1:0),1,,,
2666,2019/20,30,Rudar Velenje-NK Triglav,2020-06-26,19:00:00,Rudar Velenje,NK Triglav,0,1,0:1 (0:1),1,,,
2667,2019/20,30,NK Tabor Sežana-NK Bravo,2020-06-27,17:00:00,NK Tabor Sežana,NK Bravo,0,0,0:0 (0:0),0,,,
2668,2019/20,30,NK Aluminij-NK Celje,2020-06-27,19:00:00,NK Aluminij,NK Celje,0,2,0:2 (0:2),1,,,
2669,2019/20,30,NŠ Mura-NK Domžale,2020-06-28,17:00:00,NŠ Mura,NK Domžale,0,1,0:1 (0:0),1,,,
2670,2019/20,30,Olimpija Ljubljana-NK Maribor,2020-06-28,19:45:00,Olimpija Ljubljana,NK Maribor,1,0,1:0 (0:0),1,,,
2671,2019/20,31,NK Bravo-NK Celje,2020-07-03,17:00:00,NK Bravo,NK Celje,1,2,1:2 (1:0),1,,,
2672,2019/20,31,NK Domžale-NK Tabor Sežana,2020-07-03,19:00:00,NK Domžale,NK Tabor Sežana,2,1,2:1 (0:0),1,,,
2673,2019/20,31,Rudar Velenje-NK Aluminij,2020-07-04,19:00:00,Rudar Velenje,NK Aluminij,1,3,1:3 (1:2),1,,,
2674,2019/20,31,NK Triglav-Olimpija Ljubljana,2020-07-05,16:00:00,NK Triglav,Olimpija Ljubljana,3,7,3:7 (2:3),1,,,
2675,2019/20,31,NK Maribor-NŠ Mura,2020-07-05,19:15:00,NK Maribor,NŠ Mura,3,2,3:2 (2:0),1,,,
2676,2019/20,32,NK Celje-NK Domžale,2020-07-07,19:00:00,NK Celje,NK Domžale,4,1,4:1 (1:1),1,,,
2677,2019/20,32,NK Aluminij-NK Bravo,2020-07-08,17:00:00,NK Aluminij,NK Bravo,1,2,1:2 (1:0),1,,,
2678,2019/20,32,NŠ Mura-NK Triglav,2020-07-08,19:15:00,NŠ Mura,NK Triglav,2,0,2:0 (2:0),1,,,
2679,2019/20,32,NK Tabor Sežana-NK Maribor,2020-07-09,17:00:00,NK Tabor Sežana,NK Maribor,4,1,4:1 (3:1),1,,,
2680,2019/20,32,Olimpija Ljubljana-Rudar Velenje,2020-07-09,19:30:00,Olimpija Ljubljana,Rudar Velenje,5,0,5:0 (4:0),1,,,
2681,2019/20,33,NK Domžale-NK Bravo,2020-07-11,19:00:00,NK Domžale,NK Bravo,1,1,1:1 (0:0),0,,,
2682,2019/20,33,NK Triglav-NK Tabor Sežana,2020-07-12,17:00:00,NK Triglav,NK Tabor Sežana,1,2,1:2 (0:1),1,,,
2683,2019/20,33,NK Maribor-NK Celje,2020-07-12,19:15:00,NK Maribor,NK Celje,1,2,1:2 (0:2),1,,,
2684,2019/20,33,Olimpija Ljubljana-NK Aluminij,2020-07-12,19:30:00,Olimpija Ljubljana,NK Aluminij,0,1,0:1 (0:1),1,,,
2685,2019/20,33,Rudar Velenje-NŠ Mura,2020-07-13,19:00:00,Rudar Velenje,NŠ Mura,0,0,0:0 (0:0),0,,,
2686,2019/20,34,NK Bravo-NK Maribor,2020-07-15,17:00:00,NK Bravo,NK Maribor,0,3,0:3 (0:0),1,,,
2687,2019/20,34,NK Celje-NK Triglav,2020-07-15,19:10:00,NK Celje,NK Triglav,2,2,2:2 (0:1),0,,,
2688,2019/20,34,NK Tabor Sežana-Rudar Velenje,2020-07-16,17:00:00,NK Tabor Sežana,Rudar Velenje,1,0,1:0 (1:0),1,,,
2689,2019/20,34,NK Aluminij-NK Domžale,2020-07-16,19:00:00,NK Aluminij,NK Domžale,2,5,2:5 (2:0),1,,,
2690,2019/20,34,NŠ Mura-Olimpija Ljubljana,2020-07-16,19:30:00,NŠ Mura,Olimpija Ljubljana,1,1,1:1 (1:1),0,,,
2691,2019/20,35,NŠ Mura-NK Aluminij,2020-07-19,17:00:00,NŠ Mura,NK Aluminij,1,1,1:1 (0:0),0,,,
2692,2019/20,35,NK Triglav-NK Bravo,2020-07-19,17:00:00,NK Triglav,NK Bravo,1,4,1:4 (0:0),1,,,
2693,2019/20,35,Olimpija Ljubljana-NK Tabor Sežana,2020-07-19,19:15:00,Olimpija Ljubljana,NK Tabor Sežana,1,2,1:2 (0:1),1,,,
2694,2019/20,35,Rudar Velenje-NK Celje,2020-07-19,19:15:00,Rudar Velenje,NK Celje,0,2,0:2 (0:2),1,,,
2695,2019/20,35,NK Maribor-NK Domžale,2020-07-19,19:15:00,NK Maribor,NK Domžale,2,1,2:1 (1:0),1,,,
2696,2019/20,36,NK Aluminij-NK Maribor,2020-07-22,17:00:00,NK Aluminij,NK Maribor,1,4,1:4 (0:0),1,,,
2697,2019/20,36,NK Bravo-Rudar Velenje,2020-07-22,17:00:00,NK Bravo,Rudar Velenje,1,1,1:1 (0:1),0,,,
2698,2019/20,36,NK Tabor Sežana-NŠ Mura,2020-07-22,17:00:00,NK Tabor Sežana,NŠ Mura,1,2,1:2 (1:0),1,,,
2699,2019/20,36,NK Domžale-NK Triglav,2020-07-22,17:15:00,NK Domžale,NK Triglav,2,1,2:1 (1:0),1,,,
2700,2019/20,36,NK Celje-Olimpija Ljubljana,2020-07-22,19:45:00,NK Celje,Olimpija Ljubljana,2,2,2:2 (1:0),0,,,
2701,2020/21,1,NK Tabor Sežana-FC Koper,2020-08-22,16:00:00,NK Tabor Sežana,FC Koper,1,0,1:0 (1:0),1,,,
2702,2020/21,1,NK Domžale-NK Bravo,2020-08-22,18:00:00,NK Domžale,NK Bravo,1,2,1:2 (1:1),1,,,
2703,2020/21,1,NK Celje-NŠ Mura,2020-08-22,19:45:00,NK Celje,NŠ Mura,0,2,0:2 (0:1),1,,,
2704,2020/21,1,NK Maribor-NK Aluminij,2020-08-23,,NK Maribor,NK Aluminij,3,0,3:0 (3:0),1,,,
2705,2020/21,1,Olimpija Ljubljana-ND Gorica,2020-09-30,19:00:00,Olimpija Ljubljana,ND Gorica,1,0,1:0 (1:0),1,,,
2706,2020/21,2,NK Bravo-ND Gorica,2020-08-29,16:00:00,NK Bravo,ND Gorica,4,1,4:1 (1:0),1,,,
2707,2020/21,2,NK Aluminij-NK Celje,2020-08-29,20:00:00,NK Aluminij,NK Celje,0,0,0:0 (0:0),0,,,
2708,2020/21,2,NŠ Mura-NK Tabor Sežana,2020-08-30,15:00:00,NŠ Mura,NK Tabor Sežana,3,0,3:0 (1:0),1,,,
2709,2020/21,2,FC Koper-Olimpija Ljubljana,2020-08-30,17:00:00,FC Koper,Olimpija Ljubljana,1,1,1:1 (1:1),0,,,
2710,2020/21,2,NK Domžale-NK Maribor,2020-08-30,19:15:00,NK Domžale,NK Maribor,1,1,1:1 (0:1),0,,,
2711,2020/21,3,NK Maribor-NK Bravo,2020-09-12,17:00:00,NK Maribor,NK Bravo,4,1,4:1 (3:0),1,,,
2712,2020/21,3,NK Celje-NK Domžale,2020-09-12,19:15:00,NK Celje,NK Domžale,1,2,1:2 (0:2),1,,,
2713,2020/21,3,NK Tabor Sežana-NK Aluminij,2020-09-13,15:00:00,NK Tabor Sežana,NK Aluminij,3,1,3:1 (1:0),1,,,
2714,2020/21,3,ND Gorica-FC Koper,2020-09-13,17:00:00,ND Gorica,FC Koper,2,4,2:4 (1:1),1,,,
2715,2020/21,3,Olimpija Ljubljana-NŠ Mura,2020-09-13,19:15:00,Olimpija Ljubljana,NŠ Mura,0,0,0:0 (0:0),0,,,
2716,2020/21,4,NK Bravo-FC Koper,2020-09-19,14:45:00,NK Bravo,FC Koper,0,0,0:0 (0:0),0,,,
2717,2020/21,4,NK Maribor-NK Celje,2020-09-19,17:00:00,NK Maribor,NK Celje,2,2,2:2 (0:1),0,,,
2718,2020/21,4,NK Domžale-NK Tabor Sežana,2020-09-20,15:00:00,NK Domžale,NK Tabor Sežana,3,1,3:1 (1:1),1,,,
2719,2020/21,4,NK Aluminij-Olimpija Ljubljana,2020-09-20,17:00:00,NK Aluminij,Olimpija Ljubljana,1,0,1:0 (0:0),1,,,
2720,2020/21,4,NŠ Mura-ND Gorica,2020-09-20,19:30:00,NŠ Mura,ND Gorica,1,0,1:0 (0:0),1,,,
2721,2020/21,5,NK Tabor Sežana-NK Maribor,2020-09-26,14:30:00,NK Tabor Sežana,NK Maribor,3,1,3:1 (1:0),1,,,
2722,2020/21,5,ND Gorica-NK Aluminij,2020-09-26,16:30:00,ND Gorica,NK Aluminij,2,0,2:0 (1:0),1,,,
2723,2020/21,5,NK Celje-NK Bravo,2020-09-27,14:45:00,NK Celje,NK Bravo,2,0,2:0 (1:0),1,,,
2724,2020/21,5,FC Koper-NŠ Mura,2020-09-27,17:00:00,FC Koper,NŠ Mura,1,3,1:3 (0:2),1,,,
2725,2020/21,5,Olimpija Ljubljana-NK Domžale,2020-09-27,19:15:00,Olimpija Ljubljana,NK Domžale,3,2,3:2 (3:1),1,,,
2726,2020/21,6,NK Domžale-ND Gorica,2020-10-03,16:00:00,NK Domžale,ND Gorica,1,1,1:1 (0:0),0,,,
2727,2020/21,6,NK Bravo-NŠ Mura,2020-10-04,14:15:00,NK Bravo,NŠ Mura,2,1,2:1 (1:1),1,,,
2728,2020/21,6,NK Celje-NK Tabor Sežana,2020-10-04,17:00:00,NK Celje,NK Tabor Sežana,2,1,2:1 (1:1),1,,,
2729,2020/21,6,NK Maribor-Olimpija Ljubljana,2020-10-04,19:15:00,NK Maribor,Olimpija Ljubljana,1,1,1:1 (1:0),0,,,
2730,2020/21,6,NK Aluminij-FC Koper,2020-10-13,16:00:00,NK Aluminij,FC Koper,1,1,1:1 (0:1),0,,,
2731,2020/21,7,FC Koper-NK Domžale,2020-10-17,14:45:00,FC Koper,NK Domžale,2,0,2:0 (1:0),1,,,
2732,2020/21,7,ND Gorica-NK Maribor,2020-10-17,17:00:00,ND Gorica,NK Maribor,0,4,0:4 (0:1),1,,,
2733,2020/21,7,NK Tabor Sežana-NK Bravo,2020-10-18,14:00:00,NK Tabor Sežana,NK Bravo,2,0,2:0 (1:0),1,,,
2734,2020/21,7,Olimpija Ljubljana-NK Celje,2020-10-18,16:00:00,Olimpija Ljubljana,NK Celje,1,0,1:0 (0:0),1,,,
2735,2020/21,7,NŠ Mura-NK Aluminij,2020-10-18,18:00:00,NŠ Mura,NK Aluminij,1,2,1:2 (1:2),1,,,
2736,2020/21,8,NK Celje-ND Gorica,2020-10-24,14:45:00,NK Celje,ND Gorica,1,1,1:1 (0:1),0,,,
2737,2020/21,8,NK Maribor-FC Koper,2020-10-24,17:00:00,NK Maribor,FC Koper,1,1,1:1 (1:1),0,,,
2738,2020/21,8,NK Bravo-NK Aluminij,2020-10-25,11:00:00,NK Bravo,NK Aluminij,1,1,1:1 (1:0),0,,,
2739,2020/21,8,NK Tabor Sežana-Olimpija Ljubljana,2020-10-25,13:00:00,NK Tabor Sežana,Olimpija Ljubljana,2,1,2:1 (1:1),1,,,
2740,2020/21,8,NK Domžale-NŠ Mura,2020-10-25,16:30:00,NK Domžale,NŠ Mura,1,1,1:1 (0:0),0,,,
2741,2020/21,9,ND Gorica-NK Tabor Sežana,2020-10-28,15:00:00,ND Gorica,NK Tabor Sežana,2,1,2:1 (2:0),1,,,
2742,2020/21,9,FC Koper-NK Celje,2020-10-28,17:00:00,FC Koper,NK Celje,3,0,3:0 (2:0),1,,,
2743,2020/21,9,Olimpija Ljubljana-NK Bravo,2020-10-29,14:45:00,Olimpija Ljubljana,NK Bravo,2,0,2:0 (0:0),1,,,
2744,2020/21,9,NŠ Mura-NK Maribor,2020-10-29,16:30:00,NŠ Mura,NK Maribor,2,0,2:0 (1:0),1,,,
2745,2020/21,9,NK Aluminij-NK Domžale,2020-11-14,16:00:00,NK Aluminij,NK Domžale,1,2,1:2 (1:0),1,,,
2746,2020/21,10,NŠ Mura-NK Celje,2020-11-02,16:00:00,NŠ Mura,NK Celje,0,0,0:0 (0:0),0,,,
2747,2020/21,10,NK Aluminij-NK Maribor,2020-11-02,19:15:00,NK Aluminij,NK Maribor,1,3,1:3 (0:2),1,,,
2748,2020/21,10,FC Koper-NK Tabor Sežana,2020-11-03,15:00:00,FC Koper,NK Tabor Sežana,2,1,2:1 (1:0),1,,,
2749,2020/21,10,ND Gorica-Olimpija Ljubljana,2020-11-03,17:00:00,ND Gorica,Olimpija Ljubljana,0,2,0:2 (0:1),1,,,
2750,2020/21,10,NK Bravo-NK Domžale,2020-12-09,12:30:00,NK Bravo,NK Domžale,1,0,1:0 (1:0),1,,,
2751,2020/21,11,NK Celje-NK Aluminij,2020-11-06,16:00:00,NK Celje,NK Aluminij,4,0,4:0 (1:0),1,,,
2752,2020/21,11,NK Tabor Sežana-NŠ Mura,2020-11-07,13:00:00,NK Tabor Sežana,NŠ Mura,0,0,0:0 (0:0),0,,,
2753,2020/21,11,Olimpija Ljubljana-FC Koper,2020-11-07,15:00:00,Olimpija Ljubljana,FC Koper,1,2,1:2 (0:0),1,,,
2754,2020/21,11,NK Maribor-NK Domžale,2020-11-07,17:00:00,NK Maribor,NK Domžale,4,3,4:3 (0:1),1,,,
2755,2020/21,11,ND Gorica-NK Bravo,2020-11-07,19:00:00,ND Gorica,NK Bravo,0,0,0:0 (0:0),0,,,
2756,2020/21,12,NK Bravo-NK Maribor,2020-11-21,12:45:00,NK Bravo,NK Maribor,1,2,1:2 (1:2),1,,,
2757,2020/21,12,NŠ Mura-Olimpija Ljubljana,2020-11-21,16:15:00,NŠ Mura,Olimpija Ljubljana,0,1,0:1 (0:1),1,,,
2758,2020/21,12,FC Koper-ND Gorica,2020-11-21,19:00:00,FC Koper,ND Gorica,1,1,1:1 (0:1),0,,,
2759,2020/21,12,NK Aluminij-NK Tabor Sežana,2020-11-22,14:00:00,NK Aluminij,NK Tabor Sežana,0,0,0:0 (0:0),0,,,
2760,2020/21,12,NK Domžale-NK Celje,2020-11-22,16:00:00,NK Domžale,NK Celje,0,1,0:1 (0:0),1,,,
2761,2020/21,13,FC Koper-NK Bravo,2020-11-24,15:00:00,FC Koper,NK Bravo,2,1,2:1 (1:0),1,,,
2762,2020/21,13,ND Gorica-NŠ Mura,2020-11-24,17:00:00,ND Gorica,NŠ Mura,0,1,0:1 (0:1),1,,,
2763,2020/21,13,NK Tabor Sežana-NK Domžale,2020-11-25,12:30:00,NK Tabor Sežana,NK Domžale,1,1,1:1 (1:1),0,,,
2764,2020/21,13,NK Celje-NK Maribor,2020-11-25,16:00:00,NK Celje,NK Maribor,0,2,0:2 (0:1),1,,,
2765,2020/21,13,Olimpija Ljubljana-NK Aluminij,2020-11-26,16:00:00,Olimpija Ljubljana,NK Aluminij,3,0,3:0 (2:0),1,,,
2766,2020/21,14,NŠ Mura-FC Koper,2020-11-28,13:15:00,NŠ Mura,FC Koper,2,1,2:1 (0:0),1,,,
2767,2020/21,14,NK Maribor-NK Tabor Sežana,2020-11-28,16:15:00,NK Maribor,NK Tabor Sežana,1,0,1:0 (0:0),1,,,
2768,2020/21,14,NK Bravo-NK Celje,2020-11-29,12:15:00,NK Bravo,NK Celje,2,1,2:1 (1:1),1,,,
2769,2020/21,14,NK Aluminij-ND Gorica,2020-11-29,14:15:00,NK Aluminij,ND Gorica,2,1,2:1 (1:1),1,,,
2770,2020/21,14,NK Domžale-Olimpija Ljubljana,2020-11-29,16:15:00,NK Domžale,Olimpija Ljubljana,3,1,3:1 (2:0),1,,,
2771,2020/21,15,ND Gorica-NK Domžale,2020-12-02,12:00:00,ND Gorica,NK Domžale,0,2,0:2 (0:0),1,,,
2772,2020/21,15,NŠ Mura-NK Bravo,2020-12-02,14:00:00,NŠ Mura,NK Bravo,0,0,0:0 (0:0),0,,,
2773,2020/21,15,FC Koper-NK Aluminij,2020-12-02,16:15:00,FC Koper,NK Aluminij,1,0,1:0 (1:0),1,,,
2774,2020/21,15,Olimpija Ljubljana-NK Maribor,2020-12-03,15:45:00,Olimpija Ljubljana,NK Maribor,2,0,2:0 (1:0),1,,,
2775,2020/21,15,NK Tabor Sežana-NK Celje,2020-12-09,10:30:00,NK Tabor Sežana,NK Celje,1,0,1:0 (0:0),1,,,
2776,2020/21,16,NK Domžale-FC Koper,2020-12-05,14:00:00,NK Domžale,FC Koper,1,1,1:1 (1:0),0,,,
2777,2020/21,16,NK Aluminij-NŠ Mura,2020-12-05,16:00:00,NK Aluminij,NŠ Mura,1,2,1:2 (1:0),1,,,
2778,2020/21,16,NK Celje-Olimpija Ljubljana,2020-12-06,13:00:00,NK Celje,Olimpija Ljubljana,1,1,1:1 (0:1),0,,,
2779,2020/21,16,NK Maribor-ND Gorica,2020-12-06,16:15:00,NK Maribor,ND Gorica,3,1,3:1 (1:1),1,,,
2780,2020/21,16,NK Bravo-NK Tabor Sežana,2021-02-06,13:00:00,NK Bravo,NK Tabor Sežana,3,1,3:1 (0:0),1,,,
2781,2020/21,17,ND Gorica-NK Celje,2020-12-12,12:00:00,ND Gorica,NK Celje,0,2,0:2 (0:1),1,,,
2782,2020/21,17,NK Aluminij-NK Bravo,2020-12-12,14:00:00,NK Aluminij,NK Bravo,1,1,1:1 (0:0),0,,,
2783,2020/21,17,Olimpija Ljubljana-NK Tabor Sežana,2020-12-12,16:15:00,Olimpija Ljubljana,NK Tabor Sežana,2,1,2:1 (1:0),1,,,
2784,2020/21,17,FC Koper-NK Maribor,2020-12-12,19:15:00,FC Koper,NK Maribor,1,2,1:2 (0:1),1,,,
2785,2020/21,17,NŠ Mura-NK Domžale,2020-12-13,15:00:00,NŠ Mura,NK Domžale,1,1,1:1 (1:0),0,,,
2786,2020/21,18,NK Bravo-Olimpija Ljubljana,2020-12-15,12:00:00,NK Bravo,Olimpija Ljubljana,0,0,0:0 (0:0),0,,,
2787,2020/21,18,NK Tabor Sežana-ND Gorica,2020-12-16,12:00:00,NK Tabor Sežana,ND Gorica,1,0,1:0 (0:0),1,,,
2788,2020/21,18,NK Celje-FC Koper,2020-12-16,14:00:00,NK Celje,FC Koper,2,0,2:0 (0:0),1,,,
2789,2020/21,18,NK Domžale-NK Aluminij,2020-12-16,16:00:00,NK Domžale,NK Aluminij,2,1,2:1 (1:1),1,,,
2790,2020/21,18,NK Maribor-NŠ Mura,2020-12-17,16:15:00,NK Maribor,NŠ Mura,2,1,2:1 (0:0),1,,,
2791,2020/21,19,NK Tabor Sežana-FC Koper,2020-12-19,12:00:00,NK Tabor Sežana,FC Koper,3,4,3:4 (1:4),1,,,
2792,2020/21,19,Olimpija Ljubljana-ND Gorica,2020-12-19,17:10:00,Olimpija Ljubljana,ND Gorica,2,0,2:0 (0:0),1,,,
2793,2020/21,19,NK Domžale-NK Bravo,2020-12-20,12:00:00,NK Domžale,NK Bravo,0,0,0:0 (0:0),0,,,
2794,2020/21,19,NK Celje-NŠ Mura,2020-12-20,14:00:00,NK Celje,NŠ Mura,1,3,1:3 (0:1),1,,,
2795,2020/21,19,NK Maribor-NK Aluminij,2020-12-20,16:15:00,NK Maribor,NK Aluminij,2,2,2:2 (2:2),0,,,
2796,2020/21,20,NK Bravo-ND Gorica,2021-02-10,13:00:00,NK Bravo,ND Gorica,0,0,0:0 (0:0),0,,,
2797,2020/21,20,NK Domžale-NK Maribor,2021-02-10,15:45:00,NK Domžale,NK Maribor,3,3,3:3 (3:1),0,,,
2798,2020/21,20,FC Koper-Olimpija Ljubljana,2021-02-10,17:30:00,FC Koper,Olimpija Ljubljana,1,2,1:2 (0:1),1,,,
2799,2020/21,20,NŠ Mura-NK Tabor Sežana,2021-02-11,16:00:00,NŠ Mura,NK Tabor Sežana,0,0,0:0 (0:0),0,,,
2800,2020/21,20,NK Aluminij-NK Celje,2021-02-17,14:00:00,NK Aluminij,NK Celje,1,0,1:0 (0:0),1,,,
2801,2020/21,21,ND Gorica-FC Koper,2021-02-13,14:00:00,ND Gorica,FC Koper,2,1,2:1 (1:0),1,,,
2802,2020/21,21,NK Maribor-NK Bravo,2021-02-13,16:15:00,NK Maribor,NK Bravo,1,1,1:1 (0:1),0,,,
2803,2020/21,21,NK Tabor Sežana-NK Aluminij,2021-02-14,13:00:00,NK Tabor Sežana,NK Aluminij,1,1,1:1 (0:1),0,,,
2804,2020/21,21,NK Celje-NK Domžale,2021-02-14,15:00:00,NK Celje,NK Domžale,0,2,0:2 (0:1),1,,,
2805,2020/21,21,Olimpija Ljubljana-NŠ Mura,2021-02-14,17:30:00,Olimpija Ljubljana,NŠ Mura,2,0,2:0 (0:0),1,,,
2806,2020/21,22,NK Bravo-FC Koper,2021-02-20,13:30:00,NK Bravo,FC Koper,3,0,3:0 (1:0),1,,,
2807,2020/21,22,NK Maribor-NK Celje,2021-02-20,16:15:00,NK Maribor,NK Celje,0,1,0:1 (0:0),1,,,
2808,2020/21,22,NŠ Mura-ND Gorica,2021-02-20,19:00:00,NŠ Mura,ND Gorica,3,1,3:1 (1:1),1,,,
2809,2020/21,22,NK Domžale-NK Tabor Sežana,2021-02-21,14:00:00,NK Domžale,NK Tabor Sežana,2,1,2:1 (0:1),1,,,
2810,2020/21,22,NK Aluminij-Olimpija Ljubljana,2021-02-21,15:45:00,NK Aluminij,Olimpija Ljubljana,0,0,0:0 (0:0),0,,,
2811,2020/21,23,NK Tabor Sežana-NK Maribor,2021-02-24,12:30:00,NK Tabor Sežana,NK Maribor,0,4,0:4 (0:1),1,,,
2812,2020/21,23,Olimpija Ljubljana-NK Domžale,2021-02-24,14:30:00,Olimpija Ljubljana,NK Domžale,0,0,0:0 (0:0),0,,,
2813,2020/21,23,NK Celje-NK Bravo,2021-02-24,16:30:00,NK Celje,NK Bravo,2,3,2:3 (0:1),1,,,
2814,2020/21,23,ND Gorica-NK Aluminij,2021-02-25,14:00:00,ND Gorica,NK Aluminij,0,0,0:0 (0:0),0,,,
2815,2020/21,23,FC Koper-NŠ Mura,2021-02-25,16:15:00,FC Koper,NŠ Mura,1,0,1:0 (1:0),1,,,
2816,2020/21,24,NK Celje-NK Tabor Sežana,2021-02-27,14:00:00,NK Celje,NK Tabor Sežana,0,3,0:3 (0:1),1,,,
2817,2020/21,24,NK Maribor-Olimpija Ljubljana,2021-02-27,16:15:00,NK Maribor,Olimpija Ljubljana,1,1,1:1 (1:1),0,,,
2818,2020/21,24,NK Bravo-NŠ Mura,2021-02-28,13:30:00,NK Bravo,NŠ Mura,0,1,0:1 (0:0),1,,,
2819,2020/21,24,NK Domžale-ND Gorica,2021-02-28,15:30:00,NK Domžale,ND Gorica,1,0,1:0 (0:0),1,,,
2820,2020/21,24,NK Aluminij-FC Koper,2021-03-01,15:00:00,NK Aluminij,FC Koper,0,1,0:1 (0:1),1,,,
2821,2020/21,25,NŠ Mura-NK Aluminij,2021-03-06,14:00:00,NŠ Mura,NK Aluminij,2,0,2:0 (1:0),1,,,
2822,2020/21,25,ND Gorica-NK Maribor,2021-03-06,16:15:00,ND Gorica,NK Maribor,1,1,1:1 (1:1),0,,,
2823,2020/21,25,FC Koper-NK Domžale,2021-03-06,18:30:00,FC Koper,NK Domžale,0,2,0:2 (0:2),1,,,
2824,2020/21,25,NK Tabor Sežana-NK Bravo,2021-03-07,14:00:00,NK Tabor Sežana,NK Bravo,0,0,0:0 (0:0),0,,,
2825,2020/21,25,Olimpija Ljubljana-NK Celje,2021-03-07,16:00:00,Olimpija Ljubljana,NK Celje,1,0,1:0 (1:0),1,,,
2826,2020/21,26,NK Bravo-NK Aluminij,2021-03-10,14:00:00,NK Bravo,NK Aluminij,0,1,0:1 (0:1),1,,,
2827,2020/21,26,NK Domžale-NŠ Mura,2021-03-10,16:00:00,NK Domžale,NŠ Mura,1,1,1:1 (0:1),0,,,
2828,2020/21,26,NK Tabor Sežana-Olimpija Ljubljana,2021-03-11,12:00:00,NK Tabor Sežana,Olimpija Ljubljana,0,3,0:3 (0:1),1,,,
2829,2020/21,26,NK Celje-ND Gorica,2021-03-11,14:00:00,NK Celje,ND Gorica,0,1,0:1 (0:1),1,,,
2830,2020/21,26,NK Maribor-FC Koper,2021-03-11,16:15:00,NK Maribor,FC Koper,4,2,4:2 (1:1),1,,,
2831,2020/21,27,NK Aluminij-NK Domžale,2021-03-13,14:00:00,NK Aluminij,NK Domžale,1,0,1:0 (1:0),1,,,
2832,2020/21,27,NŠ Mura-NK Maribor,2021-03-14,13:45:00,NŠ Mura,NK Maribor,0,0,0:0 (0:0),0,,,
2833,2020/21,27,FC Koper-NK Celje,2021-03-14,18:30:00,FC Koper,NK Celje,1,1,1:1 (1:0),0,,,
2834,2020/21,27,ND Gorica-NK Tabor Sežana,2021-03-15,14:00:00,ND Gorica,NK Tabor Sežana,0,3,0:3 (0:0),1,,,
2835,2020/21,27,Olimpija Ljubljana-NK Bravo,2021-04-13,16:15:00,Olimpija Ljubljana,NK Bravo,1,1,1:1 (1:1),0,,,
2836,2020/21,28,NK Aluminij-NK Maribor,2021-04-16,15:45:00,NK Aluminij,NK Maribor,0,0,0:0 (0:0),0,,,
2837,2020/21,28,NŠ Mura-NK Celje,2021-04-16,18:00:00,NŠ Mura,NK Celje,0,0,0:0 (0:0),0,,,
2838,2020/21,28,NK Bravo-NK Domžale,2021-04-17,14:00:00,NK Bravo,NK Domžale,2,2,2:2 (1:0),0,,,
2839,2020/21,28,ND Gorica-Olimpija Ljubljana,2021-04-17,16:15:00,ND Gorica,Olimpija Ljubljana,0,1,0:1 (0:0),1,,,
2840,2020/21,28,FC Koper-NK Tabor Sežana,2021-04-17,19:00:00,FC Koper,NK Tabor Sežana,1,0,1:0 (0:0),1,,,
2841,2020/21,29,NK Celje-NK Aluminij,2021-04-20,14:00:00,NK Celje,NK Aluminij,0,1,0:1 (0:0),1,,,
2842,2020/21,29,NK Maribor-NK Domžale,2021-04-20,16:15:00,NK Maribor,NK Domžale,1,3,1:3 (0:3),1,,,
2843,2020/21,29,NK Tabor Sežana-NŠ Mura,2021-04-21,14:00:00,NK Tabor Sežana,NŠ Mura,3,1,3:1 (1:1),1,,,
2844,2020/21,29,Olimpija Ljubljana-FC Koper,2021-04-21,15:45:00,Olimpija Ljubljana,FC Koper,6,2,6:2 (3:1),1,,,
2845,2020/21,29,ND Gorica-NK Bravo,2021-04-21,19:00:00,ND Gorica,NK Bravo,3,2,3:2 (1:1),1,,,
2846,2020/21,30,NK Bravo-NK Maribor,2021-04-24,15:15:00,NK Bravo,NK Maribor,0,1,0:1 (0:0),1,,,
2847,2020/21,30,NK Domžale-NK Celje,2021-04-24,17:00:00,NK Domžale,NK Celje,3,1,3:1 (1:1),1,,,
2848,2020/21,30,FC Koper-ND Gorica,2021-04-24,19:00:00,FC Koper,ND Gorica,0,0,0:0 (0:0),0,,,
2849,2020/21,30,NK Aluminij-NK Tabor Sežana,2021-04-25,14:00:00,NK Aluminij,NK Tabor Sežana,0,2,0:2 (0:2),1,,,
2850,2020/21,30,NŠ Mura-Olimpija Ljubljana,2021-04-25,16:15:00,NŠ Mura,Olimpija Ljubljana,3,0,3:0 (0:0),1,,,
2851,2020/21,31,ND Gorica-NŠ Mura,2021-04-30,16:00:00,ND Gorica,NŠ Mura,1,5,1:5 (1:2),1,,,
2852,2020/21,31,NK Tabor Sežana-NK Domžale,2021-05-01,14:00:00,NK Tabor Sežana,NK Domžale,0,0,0:0 (0:0),0,,,
2853,2020/21,31,NK Celje-NK Maribor,2021-05-01,15:45:00,NK Celje,NK Maribor,2,1,2:1 (1:0),1,,,
2854,2020/21,31,FC Koper-NK Bravo,2021-05-01,19:00:00,FC Koper,NK Bravo,0,0,0:0 (0:0),0,,,
2855,2020/21,31,Olimpija Ljubljana-NK Aluminij,2021-05-02,16:15:00,Olimpija Ljubljana,NK Aluminij,2,2,2:2 (0:1),0,,,
2856,2020/21,32,NK Bravo-NK Celje,2021-05-04,14:00:00,NK Bravo,NK Celje,2,0,2:0 (0:0),1,,,
2857,2020/21,32,NK Maribor-NK Tabor Sežana,2021-05-04,15:45:00,NK Maribor,NK Tabor Sežana,2,1,2:1 (0:1),1,,,
2858,2020/21,32,NŠ Mura-FC Koper,2021-05-05,14:00:00,NŠ Mura,FC Koper,2,1,2:1 (0:1),1,,,
2859,2020/21,32,NK Domžale-Olimpija Ljubljana,2021-05-05,16:15:00,NK Domžale,Olimpija Ljubljana,2,0,2:0 (2:0),1,,,
2860,2020/21,32,NK Aluminij-ND Gorica,2021-05-06,16:00:00,NK Aluminij,ND Gorica,2,0,2:0 (2:0),1,,,
2861,2020/21,33,NK Tabor Sežana-NK Celje,2021-05-08,14:00:00,NK Tabor Sežana,NK Celje,0,1,0:1 (0:1),1,,,
2862,2020/21,33,NŠ Mura-NK Bravo,2021-05-08,16:15:00,NŠ Mura,NK Bravo,2,2,2:2 (2:0),0,,,
2863,2020/21,33,ND Gorica-NK Domžale,2021-05-09,14:00:00,ND Gorica,NK Domžale,2,1,2:1 (2:0),1,,,
2864,2020/21,33,Olimpija Ljubljana-NK Maribor,2021-05-09,15:45:00,Olimpija Ljubljana,NK Maribor,0,0,0:0 (0:0),0,,,
2865,2020/21,33,FC Koper-NK Aluminij,2021-05-09,19:00:00,FC Koper,NK Aluminij,0,3,0:3 (0:2),1,,,
2866,2020/21,34,NK Bravo-NK Tabor Sežana,2021-05-15,14:00:00,NK Bravo,NK Tabor Sežana,1,1,1:1 (1:1),0,,,
2867,2020/21,34,NK Maribor-ND Gorica,2021-05-15,15:45:00,NK Maribor,ND Gorica,3,0,3:0 (2:0),1,,,
2868,2020/21,34,NK Aluminij-NŠ Mura,2021-05-15,19:00:00,NK Aluminij,NŠ Mura,0,0,0:0 (0:0),0,,,
2869,2020/21,34,NK Celje-Olimpija Ljubljana,2021-05-16,16:15:00,NK Celje,Olimpija Ljubljana,4,0,4:0 (2:0),1,,,
2870,2020/21,34,NK Domžale-FC Koper,2021-05-16,19:00:00,NK Domžale,FC Koper,3,1,3:1 (1:0),1,,,
2871,2020/21,35,NK Aluminij-NK Bravo,2021-05-18,16:00:00,NK Aluminij,NK Bravo,3,0,3:0 (2:0),1,,,
2872,2020/21,35,NŠ Mura-NK Domžale,2021-05-19,14:00:00,NŠ Mura,NK Domžale,3,0,3:0 (1:0),1,,,
2873,2020/21,35,FC Koper-NK Maribor,2021-05-19,16:15:00,FC Koper,NK Maribor,0,3,0:3 (0:1),1,,,
2874,2020/21,35,ND Gorica-NK Celje,2021-05-19,18:30:00,ND Gorica,NK Celje,0,2,0:2 (0:1),1,,,
2875,2020/21,35,Olimpija Ljubljana-NK Tabor Sežana,2021-05-19,19:30:00,Olimpija Ljubljana,NK Tabor Sežana,1,2,1:2 (1:0),1,,,
2876,2020/21,36,NK Bravo-Olimpija Ljubljana,2021-05-22,15:00:00,NK Bravo,Olimpija Ljubljana,3,0,3:0 (0:0),1,,,
2877,2020/21,36,NK Celje-FC Koper,2021-05-22,15:00:00,NK Celje,FC Koper,2,1,2:1 (1:1),1,,,
2878,2020/21,36,NK Domžale-NK Aluminij,2021-05-22,15:00:00,NK Domžale,NK Aluminij,1,1,1:1 (0:0),0,,,
2879,2020/21,36,NK Tabor Sežana-ND Gorica,2021-05-22,15:00:00,NK Tabor Sežana,ND Gorica,0,1,0:1 (0:0),1,,,
2880,2020/21,36,NK Maribor-NŠ Mura,2021-05-22,19:00:00,NK Maribor,NŠ Mura,1,3,1:3 (1:1),1,,,
2881,2021/22,1,NK Bravo-NK Radomlje,2021-07-16,16:00:00,NK Bravo,NK Radomlje,0,0,0:0 (0:0),0,,,
2882,2021/22,1,NK Aluminij-FC Koper,2021-07-17,16:00:00,NK Aluminij,FC Koper,0,0,0:0 (0:0),0,,,
2883,2021/22,1,NŠ Mura-NK Tabor Sežana,2021-07-17,19:15:00,NŠ Mura,NK Tabor Sežana,0,3,0:3 (0:1),1,,,
2884,2021/22,1,NK Celje-NK Maribor,2021-07-18,19:15:00,NK Celje,NK Maribor,2,3,2:3 (2:1),1,,,
2885,2021/22,1,NK Domžale-Olimpija Ljubljana,2021-08-25,16:00:00,NK Domžale,Olimpija Ljubljana,0,2,0:2 (0:1),1,,,
2886,2021/22,2,NK Tabor Sežana-NK Celje,2021-07-23,16:00:00,NK Tabor Sežana,NK Celje,0,1,0:1 (0:0),1,,,
2887,2021/22,2,NK Bravo-NK Aluminij,2021-07-24,16:00:00,NK Bravo,NK Aluminij,0,0,0:0 (0:0),0,,,
2888,2021/22,2,FC Koper-NŠ Mura,2021-07-24,19:15:00,FC Koper,NŠ Mura,3,2,3:2 (2:1),1,,,
2889,2021/22,2,NK Radomlje-Olimpija Ljubljana,2021-07-25,16:00:00,NK Radomlje,Olimpija Ljubljana,1,1,1:1 (1:1),0,,,
2890,2021/22,2,NK Maribor-NK Domžale,2021-07-25,19:15:00,NK Maribor,NK Domžale,3,1,3:1 (3:0),1,,,
2891,2021/22,3,NK Aluminij-NK Radomlje,2021-07-30,19:15:00,NK Aluminij,NK Radomlje,0,2,0:2 (0:1),1,,,
2892,2021/22,3,NŠ Mura-NK Bravo,2021-07-31,16:00:00,NŠ Mura,NK Bravo,1,1,1:1 (0:0),0,,,
2893,2021/22,3,NK Celje-FC Koper,2021-07-31,19:15:00,NK Celje,FC Koper,1,3,1:3 (1:1),1,,,
2894,2021/22,3,NK Domžale-NK Tabor Sežana,2021-08-01,16:00:00,NK Domžale,NK Tabor Sežana,1,1,1:1 (1:1),0,,,
2895,2021/22,3,Olimpija Ljubljana-NK Maribor,2021-08-01,19:15:00,Olimpija Ljubljana,NK Maribor,3,1,3:1 (1:0),1,,,
2896,2021/22,4,NK Bravo-NK Celje,2021-08-06,16:00:00,NK Bravo,NK Celje,2,1,2:1 (0:1),1,,,
2897,2021/22,4,NK Radomlje-NK Maribor,2021-08-07,19:15:00,NK Radomlje,NK Maribor,1,2,1:2 (0:2),1,,,
2898,2021/22,4,NK Tabor Sežana-Olimpija Ljubljana,2021-08-08,16:00:00,NK Tabor Sežana,Olimpija Ljubljana,1,2,1:2 (0:0),1,,,
2899,2021/22,4,NK Aluminij-NŠ Mura,2021-08-08,19:15:00,NK Aluminij,NŠ Mura,1,1,1:1 (1:1),0,,,
2900,2021/22,4,FC Koper-NK Domžale,2021-09-29,16:00:00,FC Koper,NK Domžale,4,2,4:2 (2:0),1,,,
2901,2021/22,5,NK Celje-NK Aluminij,2021-08-13,19:15:00,NK Celje,NK Aluminij,0,0,0:0 (0:0),0,,,
2902,2021/22,5,NK Domžale-NK Bravo,2021-08-14,16:00:00,NK Domžale,NK Bravo,0,2,0:2 (0:1),1,,,
2903,2021/22,5,NK Maribor-NK Tabor Sežana,2021-08-14,19:15:00,NK Maribor,NK Tabor Sežana,2,0,2:0 (1:0),1,,,
2904,2021/22,5,Olimpija Ljubljana-FC Koper,2021-08-15,19:15:00,Olimpija Ljubljana,FC Koper,1,3,1:3 (1:0),1,,,
2905,2021/22,5,NŠ Mura-NK Radomlje,2021-09-03,16:00:00,NŠ Mura,NK Radomlje,4,2,4:2 (2:2),1,,,
2906,2021/22,6,NK Aluminij-NK Domžale,2021-08-20,19:15:00,NK Aluminij,NK Domžale,0,1,0:1 (0:1),1,,,
2907,2021/22,6,NK Radomlje-NK Tabor Sežana,2021-08-21,16:00:00,NK Radomlje,NK Tabor Sežana,0,1,0:1 (0:0),1,,,
2908,2021/22,6,FC Koper-NK Maribor,2021-08-21,19:15:00,FC Koper,NK Maribor,2,0,2:0 (2:0),1,,,
2909,2021/22,6,NK Bravo-Olimpija Ljubljana,2021-08-22,16:00:00,NK Bravo,Olimpija Ljubljana,2,0,2:0 (1:0),1,,,
2910,2021/22,6,NŠ Mura-NK Celje,2021-08-22,19:15:00,NŠ Mura,NK Celje,1,0,1:0 (0:0),1,,,
2911,2021/22,7,NK Celje-NK Radomlje,2021-08-27,19:15:00,NK Celje,NK Radomlje,2,0,2:0 (1:0),1,,,
2912,2021/22,7,NK Tabor Sežana-FC Koper,2021-08-28,16:00:00,NK Tabor Sežana,FC Koper,0,1,0:1 (0:0),1,,,
2913,2021/22,7,NK Maribor-NK Bravo,2021-08-28,19:15:00,NK Maribor,NK Bravo,1,1,1:1 (1:0),0,,,
2914,2021/22,7,NK Domžale-NŠ Mura,2021-08-29,16:00:00,NK Domžale,NŠ Mura,4,1,4:1 (2:1),1,,,
2915,2021/22,7,Olimpija Ljubljana-NK Aluminij,2021-08-29,19:15:00,Olimpija Ljubljana,NK Aluminij,3,1,3:1 (2:0),1,,,
2916,2021/22,8,NK Celje-NK Domžale,2021-09-11,16:00:00,NK Celje,NK Domžale,3,1,3:1 (1:1),1,,,
2917,2021/22,8,NŠ Mura-Olimpija Ljubljana,2021-09-11,19:15:00,NŠ Mura,Olimpija Ljubljana,1,0,1:0 (1:0),1,,,
2918,2021/22,8,NK Bravo-NK Tabor Sežana,2021-09-12,14:00:00,NK Bravo,NK Tabor Sežana,0,2,0:2 (0:1),1,,,
2919,2021/22,8,NK Radomlje-FC Koper,2021-09-12,16:00:00,NK Radomlje,FC Koper,1,4,1:4 (0:1),1,,,
2920,2021/22,8,NK Aluminij-NK Maribor,2021-09-12,19:15:00,NK Aluminij,NK Maribor,3,0,3:0 (1:0),1,,,
2921,2021/22,9,NK Domžale-NK Radomlje,2021-09-18,16:00:00,NK Domžale,NK Radomlje,2,0,2:0 (1:0),1,,,
2922,2021/22,9,Olimpija Ljubljana-NK Celje,2021-09-18,19:15:00,Olimpija Ljubljana,NK Celje,1,0,1:0 (1:0),1,,,
2923,2021/22,9,NK Tabor Sežana-NK Aluminij,2021-09-19,14:00:00,NK Tabor Sežana,NK Aluminij,4,0,4:0 (1:0),1,,,
2924,2021/22,9,FC Koper-NK Bravo,2021-09-19,16:00:00,FC Koper,NK Bravo,0,1,0:1 (0:0),1,,,
2925,2021/22,9,NK Maribor-NŠ Mura,2021-09-19,19:15:00,NK Maribor,NŠ Mura,1,2,1:2 (1:1),1,,,
2926,2021/22,10,NK Radomlje-NK Bravo,2021-09-22,16:00:00,NK Radomlje,NK Bravo,0,2,0:2 (0:1),1,,,
2927,2021/22,10,Olimpija Ljubljana-NK Domžale,2021-09-22,19:15:00,Olimpija Ljubljana,NK Domžale,2,1,2:1 (1:1),1,,,
2928,2021/22,10,NK Tabor Sežana-NŠ Mura,2021-09-23,14:00:00,NK Tabor Sežana,NŠ Mura,1,1,1:1 (1:1),0,,,
2929,2021/22,10,FC Koper-NK Aluminij,2021-09-23,16:00:00,FC Koper,NK Aluminij,1,3,1:3 (1:1),1,,,
2930,2021/22,10,NK Maribor-NK Celje,2021-09-23,19:15:00,NK Maribor,NK Celje,2,0,2:0 (1:0),1,,,
2931,2021/22,11,Olimpija Ljubljana-NK Radomlje,2021-09-25,19:15:00,Olimpija Ljubljana,NK Radomlje,2,3,2:3 (2:1),1,,,
2932,2021/22,11,NK Aluminij-NK Bravo,2021-09-26,14:00:00,NK Aluminij,NK Bravo,0,1,0:1 (0:0),1,,,
2933,2021/22,11,NK Domžale-NK Maribor,2021-09-26,16:00:00,NK Domžale,NK Maribor,3,3,3:3 (0:1),0,,,
2934,2021/22,11,NŠ Mura-FC Koper,2021-09-26,19:15:00,NŠ Mura,FC Koper,0,0,0:0 (0:0),0,,,
2935,2021/22,11,NK Celje-NK Tabor Sežana,2021-09-27,16:00:00,NK Celje,NK Tabor Sežana,2,2,2:2 (0:1),0,,,
2936,2021/22,12,NK Radomlje-NK Aluminij,2021-10-01,19:15:00,NK Radomlje,NK Aluminij,2,2,2:2 (0:1),0,,,
2937,2021/22,12,NK Tabor Sežana-NK Domžale,2021-10-02,14:00:00,NK Tabor Sežana,NK Domžale,0,0,0:0 (0:0),0,,,
2938,2021/22,12,NK Maribor-Olimpija Ljubljana,2021-10-02,19:15:00,NK Maribor,Olimpija Ljubljana,0,0,0:0 (0:0),0,,,
2939,2021/22,12,NK Bravo-NŠ Mura,2021-10-03,14:00:00,NK Bravo,NŠ Mura,0,0,0:0 (0:0),0,,,
2940,2021/22,12,FC Koper-NK Celje,2021-10-03,16:00:00,FC Koper,NK Celje,2,2,2:2 (1:2),0,,,
2941,2021/22,13,NŠ Mura-NK Aluminij,2021-10-16,16:00:00,NŠ Mura,NK Aluminij,3,2,3:2 (1:1),1,,,
2942,2021/22,13,NK Maribor-NK Radomlje,2021-10-16,19:15:00,NK Maribor,NK Radomlje,1,0,1:0 (1:0),1,,,
2943,2021/22,13,NK Domžale-FC Koper,2021-10-17,16:00:00,NK Domžale,FC Koper,2,3,2:3 (1:2),1,,,
2944,2021/22,13,Olimpija Ljubljana-NK Tabor Sežana,2021-10-17,19:15:00,Olimpija Ljubljana,NK Tabor Sežana,1,0,1:0 (0:0),1,,,
2945,2021/22,13,NK Celje-NK Bravo,2021-10-18,16:00:00,NK Celje,NK Bravo,1,0,1:0 (0:0),1,,,
2946,2021/22,14,NK Bravo-NK Domžale,2021-10-23,14:00:00,NK Bravo,NK Domžale,0,1,0:1 (0:1),1,,,
2947,2021/22,14,NK Aluminij-NK Celje,2021-10-23,16:00:00,NK Aluminij,NK Celje,0,1,0:1 (0:1),1,,,
2948,2021/22,14,FC Koper-Olimpija Ljubljana,2021-10-23,19:15:00,FC Koper,Olimpija Ljubljana,0,1,0:1 (0:1),1,,,
2949,2021/22,14,NK Tabor Sežana-NK Maribor,2021-10-24,14:00:00,NK Tabor Sežana,NK Maribor,0,1,0:1 (0:0),1,,,
2950,2021/22,14,NK Radomlje-NŠ Mura,2021-10-24,16:00:00,NK Radomlje,NŠ Mura,2,2,2:2 (1:0),0,,,
2951,2021/22,15,NK Tabor Sežana-NK Radomlje,2021-10-30,13:00:00,NK Tabor Sežana,NK Radomlje,0,1,0:1 (0:0),1,,,
2952,2021/22,15,Olimpija Ljubljana-NK Bravo,2021-10-30,16:00:00,Olimpija Ljubljana,NK Bravo,1,1,1:1 (0:0),0,,,
2953,2021/22,15,NK Domžale-NK Aluminij,2021-10-31,14:00:00,NK Domžale,NK Aluminij,1,1,1:1 (0:1),0,,,
2954,2021/22,15,NK Celje-NŠ Mura,2021-10-31,16:00:00,NK Celje,NŠ Mura,1,0,1:0 (1:0),1,,,
2955,2021/22,15,NK Maribor-FC Koper,2021-11-01,19:15:00,NK Maribor,FC Koper,2,0,2:0 (1:0),1,,,
2956,2021/22,16,NK Radomlje-NK Celje,2021-11-05,16:00:00,NK Radomlje,NK Celje,3,2,3:2 (1:0),1,,,
2957,2021/22,16,NK Bravo-NK Maribor,2021-11-06,12:30:00,NK Bravo,NK Maribor,0,2,0:2 (0:1),1,,,
2958,2021/22,16,FC Koper-NK Tabor Sežana,2021-11-06,19:15:00,FC Koper,NK Tabor Sežana,1,0,1:0 (0:0),1,,,
2959,2021/22,16,NK Aluminij-Olimpija Ljubljana,2021-11-07,16:00:00,NK Aluminij,Olimpija Ljubljana,1,0,1:0 (0:0),1,,,
2960,2021/22,16,NŠ Mura-NK Domžale,2021-11-07,19:15:00,NŠ Mura,NK Domžale,1,1,1:1 (1:1),0,,,
2961,2021/22,17,NK Tabor Sežana-NK Bravo,2021-11-21,12:00:00,NK Tabor Sežana,NK Bravo,0,2,0:2 (0:1),1,,,
2962,2021/22,17,NK Maribor-NK Aluminij,2021-11-21,16:00:00,NK Maribor,NK Aluminij,3,0,3:0 (1:0),1,,,
2963,2021/22,17,FC Koper-NK Radomlje,2021-11-21,19:15:00,FC Koper,NK Radomlje,3,2,3:2 (1:0),1,,,
2964,2021/22,17,NK Domžale-NK Celje,2021-11-22,16:00:00,NK Domžale,NK Celje,1,0,1:0 (0:0),1,,,
2965,2021/22,17,Olimpija Ljubljana-NŠ Mura,2022-02-09,16:30:00,Olimpija Ljubljana,NŠ Mura,1,0,1:0 (1:0),1,,,
2966,2021/22,18,NK Radomlje-NK Domžale,2021-11-27,14:00:00,NK Radomlje,NK Domžale,0,2,0:2 (0:2),1,,,
2967,2021/22,18,NK Aluminij-NK Tabor Sežana,2021-11-27,16:00:00,NK Aluminij,NK Tabor Sežana,3,2,3:2 (2:2),1,,,
2968,2021/22,18,NK Bravo-FC Koper,2021-11-28,12:00:00,NK Bravo,FC Koper,1,2,1:2 (1:2),1,,,
2969,2021/22,18,NŠ Mura-NK Maribor,2021-11-28,19:15:00,NŠ Mura,NK Maribor,3,1,3:1 (2:1),1,,,
2970,2021/22,18,NK Celje-Olimpija Ljubljana,2021-12-08,16:00:00,NK Celje,Olimpija Ljubljana,1,1,1:1 (0:1),0,,,
2971,2021/22,19,NK Aluminij-FC Koper,2021-12-04,14:00:00,NK Aluminij,FC Koper,1,1,1:1 (0:0),0,,,
2972,2021/22,19,NŠ Mura-NK Tabor Sežana,2021-12-04,16:00:00,NŠ Mura,NK Tabor Sežana,1,0,1:0 (0:0),1,,,
2973,2021/22,19,NK Celje-NK Maribor,2021-12-04,19:15:00,NK Celje,NK Maribor,0,1,0:1 (0:1),1,,,
2974,2021/22,19,NK Bravo-NK Radomlje,2021-12-07,14:00:00,NK Bravo,NK Radomlje,0,3,0:3 (0:0),1,,,
2975,2021/22,19,NK Domžale-Olimpija Ljubljana,2022-02-17,15:00:00,NK Domžale,Olimpija Ljubljana,2,0,2:0 (2:0),1,,,
2976,2021/22,20,NK Tabor Sežana-NK Celje,2021-12-11,12:00:00,NK Tabor Sežana,NK Celje,2,1,2:1 (1:1),1,,,
2977,2021/22,20,NK Radomlje-Olimpija Ljubljana,2021-12-11,16:00:00,NK Radomlje,Olimpija Ljubljana,0,1,0:1 (0:1),1,,,
2978,2021/22,20,NK Maribor-NK Domžale,2021-12-11,19:15:00,NK Maribor,NK Domžale,1,0,1:0 (0:0),1,,,
2979,2021/22,20,NK Bravo-NK Aluminij,2021-12-12,14:00:00,NK Bravo,NK Aluminij,2,1,2:1 (0:0),1,,,
2980,2021/22,20,FC Koper-NŠ Mura,2021-12-12,16:00:00,FC Koper,NŠ Mura,2,2,2:2 (0:0),0,,,
2981,2021/22,21,NK Domžale-NK Tabor Sežana,2022-02-12,14:00:00,NK Domžale,NK Tabor Sežana,1,1,1:1 (0:1),0,,,
2982,2021/22,21,NK Celje-FC Koper,2022-02-12,16:30:00,NK Celje,FC Koper,1,2,1:2 (1:1),1,,,
2983,2021/22,21,NŠ Mura-NK Bravo,2022-02-13,14:00:00,NŠ Mura,NK Bravo,2,2,2:2 (1:0),0,,,
2984,2021/22,21,Olimpija Ljubljana-NK Maribor,2022-02-13,16:30:00,Olimpija Ljubljana,NK Maribor,1,0,1:0 (0:0),1,,,
2985,2021/22,21,NK Aluminij-NK Radomlje,2022-02-14,16:30:00,NK Aluminij,NK Radomlje,0,4,0:4 (0:2),1,,,
2986,2021/22,22,NK Bravo-NK Celje,2022-02-19,12:00:00,NK Bravo,NK Celje,3,0,3:0 (2:0),1,,,
2987,2021/22,22,NK Aluminij-NŠ Mura,2022-02-19,16:30:00,NK Aluminij,NŠ Mura,0,1,0:1 (0:1),1,,,
2988,2021/22,22,NK Tabor Sežana-Olimpija Ljubljana,2022-02-20,12:00:00,NK Tabor Sežana,Olimpija Ljubljana,1,2,1:2 (1:0),1,,,
2989,2021/22,22,FC Koper-NK Domžale,2022-02-20,16:30:00,FC Koper,NK Domžale,0,2,0:2 (0:1),1,,,
2990,2021/22,22,NK Radomlje-NK Maribor,2022-02-21,16:30:00,NK Radomlje,NK Maribor,1,4,1:4 (0:2),1,,,
2991,2021/22,23,NK Celje-NK Aluminij,2022-02-25,16:30:00,NK Celje,NK Aluminij,3,2,3:2 (1:0),1,,,
2992,2021/22,23,NK Domžale-NK Bravo,2022-02-26,14:00:00,NK Domžale,NK Bravo,3,0,3:0 (1:0),1,,,
2993,2021/22,23,NK Maribor-NK Tabor Sežana,2022-02-26,16:30:00,NK Maribor,NK Tabor Sežana,2,0,2:0 (1:0),1,,,
2994,2021/22,23,NŠ Mura-NK Radomlje,2022-02-27,14:00:00,NŠ Mura,NK Radomlje,0,2,0:2 (0:1),1,,,
2995,2021/22,23,Olimpija Ljubljana-FC Koper,2022-02-27,16:30:00,Olimpija Ljubljana,FC Koper,2,2,2:2 (1:1),0,,,
2996,2021/22,24,NK Aluminij-NK Domžale,2022-03-01,16:30:00,NK Aluminij,NK Domžale,1,1,1:1 (0:0),0,,,
2997,2021/22,24,NK Radomlje-NK Tabor Sežana,2022-03-02,14:00:00,NK Radomlje,NK Tabor Sežana,0,0,0:0 (0:0),0,,,
2998,2021/22,24,NŠ Mura-NK Celje,2022-03-02,16:30:00,NŠ Mura,NK Celje,3,2,3:2 (2:2),1,,,
2999,2021/22,24,NK Bravo-Olimpija Ljubljana,2022-03-03,14:00:00,NK Bravo,Olimpija Ljubljana,0,0,0:0 (0:0),0,,,
3000,2021/22,24,FC Koper-NK Maribor,2022-03-03,16:30:00,FC Koper,NK Maribor,1,2,1:2 (0:0),1,,,
3001,2021/22,25,NK Celje-NK Radomlje,2022-03-05,14:00:00,NK Celje,NK Radomlje,0,0,0:0 (0:0),0,,,
3002,2021/22,25,NK Domžale-NŠ Mura,2022-03-05,16:30:00,NK Domžale,NŠ Mura,1,1,1:1 (1:1),0,,,
3003,2021/22,25,NK Tabor Sežana-FC Koper,2022-03-06,14:00:00,NK Tabor Sežana,FC Koper,1,1,1:1 (0:0),0,,,
3004,2021/22,25,NK Maribor-NK Bravo,2022-03-06,16:30:00,NK Maribor,NK Bravo,1,2,1:2 (0:0),1,,,
3005,2021/22,25,Olimpija Ljubljana-NK Aluminij,2022-03-06,19:15:00,Olimpija Ljubljana,NK Aluminij,6,0,6:0 (2:0),1,,,
3006,2021/22,26,NK Bravo-NK Tabor Sežana,2022-03-09,12:00:00,NK Bravo,NK Tabor Sežana,0,1,0:1 (0:1),1,,,
3007,2021/22,26,NK Celje-NK Domžale,2022-03-09,14:00:00,NK Celje,NK Domžale,2,1,2:1 (1:0),1,,,
3008,2021/22,26,NK Radomlje-FC Koper,2022-03-09,16:30:00,NK Radomlje,FC Koper,0,1,0:1 (0:1),1,,,
3009,2021/22,26,NK Aluminij-NK Maribor,2022-03-10,14:00:00,NK Aluminij,NK Maribor,3,3,3:3 (1:2),0,,,
3010,2021/22,26,NŠ Mura-Olimpija Ljubljana,2022-03-10,16:30:00,NŠ Mura,Olimpija Ljubljana,3,2,3:2 (2:2),1,,,
3011,2021/22,27,NK Domžale-NK Radomlje,2022-03-12,14:00:00,NK Domžale,NK Radomlje,0,0,0:0 (0:0),0,,,
3012,2021/22,27,NK Tabor Sežana-NK Aluminij,2022-03-13,14:00:00,NK Tabor Sežana,NK Aluminij,1,1,1:1 (0:1),0,,,
3013,2021/22,27,NK Maribor-NŠ Mura,2022-03-13,16:30:00,NK Maribor,NŠ Mura,1,1,1:1 (0:1),0,,,
3014,2021/22,27,FC Koper-NK Bravo,2022-03-13,19:15:00,FC Koper,NK Bravo,0,0,0:0 (0:0),0,,,
3015,2021/22,27,Olimpija Ljubljana-NK Celje,2022-03-14,16:30:00,Olimpija Ljubljana,NK Celje,2,4,2:4 (1:1),1,,,
3016,2021/22,28,NK Radomlje-NK Bravo,2022-03-18,16:30:00,NK Radomlje,NK Bravo,2,1,2:1 (1:0),1,,,
3017,2021/22,28,NK Tabor Sežana-NŠ Mura,2022-03-19,14:00:00,NK Tabor Sežana,NŠ Mura,0,2,0:2 (0:0),1,,,
3018,2021/22,28,NK Maribor-NK Celje,2022-03-19,16:30:00,NK Maribor,NK Celje,1,0,1:0 (0:0),1,,,
3019,2021/22,28,Olimpija Ljubljana-NK Domžale,2022-03-20,14:00:00,Olimpija Ljubljana,NK Domžale,1,1,1:1 (1:0),0,,,
3020,2021/22,28,FC Koper-NK Aluminij,2022-03-20,16:30:00,FC Koper,NK Aluminij,2,0,2:0 (1:0),1,,,
3021,2021/22,29,NK Celje-NK Tabor Sežana,2022-04-02,16:30:00,NK Celje,NK Tabor Sežana,1,0,1:0 (0:0),1,,,
3022,2021/22,29,NK Domžale-NK Maribor,2022-04-02,19:15:00,NK Domžale,NK Maribor,0,2,0:2 (0:2),1,,,
3023,2021/22,29,NK Aluminij-NK Bravo,2022-04-03,14:00:00,NK Aluminij,NK Bravo,0,2,0:2 (0:0),1,,,
3024,2021/22,29,NŠ Mura-FC Koper,2022-04-03,16:30:00,NŠ Mura,FC Koper,1,2,1:2 (0:0),1,,,
3025,2021/22,29,Olimpija Ljubljana-NK Radomlje,2022-04-03,19:15:00,Olimpija Ljubljana,NK Radomlje,4,1,4:1 (2:1),1,,,
3026,2021/22,30,NK Bravo-NŠ Mura,2022-04-09,14:00:00,NK Bravo,NŠ Mura,1,2,1:2 (1:1),1,,,
3027,2021/22,30,NK Radomlje-NK Aluminij,2022-04-09,16:30:00,NK Radomlje,NK Aluminij,1,1,1:1 (1:1),0,,,
3028,2021/22,30,NK Maribor-Olimpija Ljubljana,2022-04-09,19:15:00,NK Maribor,Olimpija Ljubljana,1,0,1:0 (0:0),1,,,
3029,2021/22,30,NK Tabor Sežana-NK Domžale,2022-04-10,14:00:00,NK Tabor Sežana,NK Domžale,2,1,2:1 (1:0),1,,,
3030,2021/22,30,FC Koper-NK Celje,2022-04-10,19:15:00,FC Koper,NK Celje,3,1,3:1 (1:1),1,,,
3031,2021/22,31,NK Maribor-NK Radomlje,2022-04-15,19:15:00,NK Maribor,NK Radomlje,0,0,0:0 (0:0),0,,,
3032,2021/22,31,NK Domžale-FC Koper,2022-04-16,14:00:00,NK Domžale,FC Koper,0,1,0:1 (0:0),1,,,
3033,2021/22,31,NK Celje-NK Bravo,2022-04-16,16:30:00,NK Celje,NK Bravo,2,0,2:0 (2:0),1,,,
3034,2021/22,31,Olimpija Ljubljana-NK Tabor Sežana,2022-04-16,19:15:00,Olimpija Ljubljana,NK Tabor Sežana,1,0,1:0 (0:0),1,,,
3035,2021/22,31,NŠ Mura-NK Aluminij,2022-04-18,16:30:00,NŠ Mura,NK Aluminij,3,0,3:0 (1:0),1,,,
3036,2021/22,32,NK Tabor Sežana-NK Maribor,2022-04-23,16:30:00,NK Tabor Sežana,NK Maribor,1,2,1:2 (1:0),1,,,
3037,2021/22,32,NK Radomlje-NŠ Mura,2022-04-23,19:15:00,NK Radomlje,NŠ Mura,3,2,3:2 (2:0),1,,,
3038,2021/22,32,NK Bravo-NK Domžale,2022-04-24,14:00:00,NK Bravo,NK Domžale,0,2,0:2 (0:0),1,,,
3039,2021/22,32,FC Koper-Olimpija Ljubljana,2022-04-24,19:15:00,FC Koper,Olimpija Ljubljana,1,0,1:0 (1:0),1,,,
3040,2021/22,32,NK Aluminij-NK Celje,2022-04-25,16:30:00,NK Aluminij,NK Celje,0,6,0:6 (0:4),1,,,
3041,2021/22,33,NK Celje-NŠ Mura,2022-04-29,19:15:00,NK Celje,NŠ Mura,1,3,1:3 (1:0),1,,,
3042,2021/22,33,NK Tabor Sežana-NK Radomlje,2022-04-30,16:30:00,NK Tabor Sežana,NK Radomlje,1,2,1:2 (0:1),1,,,
3043,2021/22,33,NK Maribor-FC Koper,2022-04-30,19:15:00,NK Maribor,FC Koper,1,1,1:1 (1:1),0,,,
3044,2021/22,33,NK Domžale-NK Aluminij,2022-05-01,16:30:00,NK Domžale,NK Aluminij,3,1,3:1 (2:1),1,,,
3045,2021/22,33,Olimpija Ljubljana-NK Bravo,2022-05-01,19:15:00,Olimpija Ljubljana,NK Bravo,1,0,1:0 (1:0),1,,,
3046,2021/22,34,FC Koper-NK Tabor Sežana,2022-05-06,19:15:00,FC Koper,NK Tabor Sežana,1,0,1:0 (0:0),1,,,
3047,2021/22,34,NK Radomlje-NK Celje,2022-05-07,14:00:00,NK Radomlje,NK Celje,2,1,2:1 (0:0),1,,,
3048,2021/22,34,NK Bravo-NK Maribor,2022-05-07,16:30:00,NK Bravo,NK Maribor,3,1,3:1 (2:1),1,,,
3049,2021/22,34,NŠ Mura-NK Domžale,2022-05-08,16:30:00,NŠ Mura,NK Domžale,3,1,3:1 (1:0),1,,,
3050,2021/22,34,NK Aluminij-Olimpija Ljubljana,2022-05-08,19:15:00,NK Aluminij,Olimpija Ljubljana,2,3,2:3 (1:1),1,,,
3051,2021/22,35,NK Tabor Sežana-NK Bravo,2022-05-14,14:00:00,NK Tabor Sežana,NK Bravo,0,1,0:1 (0:1),1,,,
3052,2021/22,35,NK Maribor-NK Aluminij,2022-05-14,19:15:00,NK Maribor,NK Aluminij,3,1,3:1 (0:1),1,,,
3053,2021/22,35,NK Domžale-NK Celje,2022-05-15,14:00:00,NK Domžale,NK Celje,1,1,1:1 (1:0),0,,,
3054,2021/22,35,Olimpija Ljubljana-NŠ Mura,2022-05-15,16:30:00,Olimpija Ljubljana,NŠ Mura,3,3,3:3 (1:1),0,,,
3055,2021/22,35,FC Koper-NK Radomlje,2022-05-16,16:30:00,FC Koper,NK Radomlje,1,3,1:3 (1:2),1,,,
3056,2021/22,36,NK Radomlje-NK Domžale,2022-05-21,14:00:00,NK Radomlje,NK Domžale,3,3,3:3 (1:1),0,,,
3057,2021/22,36,NK Aluminij-NK Tabor Sežana,2022-05-21,19:15:00,NK Aluminij,NK Tabor Sežana,2,2,2:2 (1:1),0,,,
3058,2021/22,36,NK Celje-Olimpija Ljubljana,2022-05-22,16:30:00,NK Celje,Olimpija Ljubljana,0,2,0:2 (0:2),1,,,
3059,2021/22,36,NŠ Mura-NK Maribor,2022-05-22,16:30:00,NŠ Mura,NK Maribor,1,3,1:3 (0:1),1,,,
3060,2021/22,36,NK Bravo-FC Koper,2022-05-22,16:30:00,NK Bravo,FC Koper,0,0,0:0 (0:0),0,,,
3061,2022/23,1,FC Koper-NK Tabor Sežana,2022-07-15,19:15:00,FC Koper,NK Tabor Sežana,2,1,2:1 (0:0),1,,,
3062,2022/23,1,NK Domžale-NK Celje,2022-07-16,16:30:00,NK Domžale,NK Celje,0,0,0:0 (0:0),0,,,
3063,2022/23,1,NK Maribor-NK Radomlje,2022-07-16,19:15:00,NK Maribor,NK Radomlje,0,3,0:3 (0:2),1,,,
3064,2022/23,1,Olimpija Ljubljana-NŠ Mura,2022-07-17,19:15:00,Olimpija Ljubljana,NŠ Mura,2,0,2:0 (0:0),1,,,
3065,2022/23,1,ND Gorica-NK Bravo,2022-07-18,19:15:00,ND Gorica,NK Bravo,2,0,2:0 (1:0),1,,,
3066,2022/23,2,NK Radomlje-NK Celje,2022-07-22,19:15:00,NK Radomlje,NK Celje,1,1,1:1 (0:0),0,,,
3067,2022/23,2,NK Maribor-ND Gorica,2022-07-23,19:15:00,NK Maribor,ND Gorica,3,2,3:2 (2:1),1,,,
3068,2022/23,2,NK Bravo-FC Koper,2022-07-24,16:30:00,NK Bravo,FC Koper,1,0,1:0 (1:0),1,,,
3069,2022/23,2,NK Tabor Sežana-Olimpija Ljubljana,2022-07-24,16:30:00,NK Tabor Sežana,Olimpija Ljubljana,0,1,0:1 (0:1),1,,,
3070,2022/23,2,NŠ Mura-NK Domžale,2022-07-24,19:15:00,NŠ Mura,NK Domžale,4,3,4:3 (1:3),1,,,
3071,2022/23,3,ND Gorica-NK Radomlje,2022-07-29,19:15:00,ND Gorica,NK Radomlje,0,1,0:1 (0:1),1,,,
3072,2022/23,3,NK Domžale-NK Tabor Sežana,2022-07-30,19:15:00,NK Domžale,NK Tabor Sežana,1,1,1:1 (1:0),0,,,
3073,2022/23,3,Olimpija Ljubljana-NK Bravo,2022-07-31,16:30:00,Olimpija Ljubljana,NK Bravo,1,0,1:0 (0:0),1,,,
3074,2022/23,3,FC Koper-NK Maribor,2022-07-31,19:15:00,FC Koper,NK Maribor,2,1,2:1 (1:1),1,,,
3075,2022/23,3,NK Celje-NŠ Mura,2022-07-31,19:15:00,NK Celje,NŠ Mura,3,3,3:3 (0:2),0,,,
3076,2022/23,4,NK Tabor Sežana-NK Celje,2022-08-05,16:30:00,NK Tabor Sežana,NK Celje,1,0,1:0 (0:0),1,,,
3077,2022/23,4,NK Bravo-NK Domžale,2022-08-06,16:30:00,NK Bravo,NK Domžale,0,1,0:1 (0:1),1,,,
3078,2022/23,4,NK Radomlje-NŠ Mura,2022-08-07,16:30:00,NK Radomlje,NŠ Mura,1,1,1:1 (1:0),0,,,
3079,2022/23,4,NK Maribor-Olimpija Ljubljana,2022-08-07,19:15:00,NK Maribor,Olimpija Ljubljana,0,2,0:2 (0:1),1,,,
3080,2022/23,4,ND Gorica-FC Koper,2022-08-08,19:15:00,ND Gorica,FC Koper,1,2,1:2 (0:1),1,,,
3081,2022/23,5,NK Celje-NK Bravo,2022-08-12,19:15:00,NK Celje,NK Bravo,1,0,1:0 (1:0),1,,,
3082,2022/23,5,NŠ Mura-NK Tabor Sežana,2022-08-13,16:30:00,NŠ Mura,NK Tabor Sežana,2,2,2:2 (0:1),0,,,
3083,2022/23,5,FC Koper-NK Radomlje,2022-08-13,19:15:00,FC Koper,NK Radomlje,5,0,5:0 (2:0),1,,,
3084,2022/23,5,NK Domžale-NK Maribor,2022-08-14,19:15:00,NK Domžale,NK Maribor,3,2,3:2 (1:1),1,,,
3085,2022/23,5,Olimpija Ljubljana-ND Gorica,2022-08-15,19:15:00,Olimpija Ljubljana,ND Gorica,2,0,2:0 (0:0),1,,,
3086,2022/23,6,NK Radomlje-NK Tabor Sežana,2022-08-19,19:15:00,NK Radomlje,NK Tabor Sežana,0,0,0:0 (0:0),0,,,
3087,2022/23,6,NK Bravo-NŠ Mura,2022-08-20,16:30:00,NK Bravo,NŠ Mura,0,1,0:1 (0:0),1,,,
3088,2022/23,6,FC Koper-Olimpija Ljubljana,2022-08-20,19:15:00,FC Koper,Olimpija Ljubljana,0,2,0:2 (0:1),1,,,
3089,2022/23,6,NK Maribor-NK Celje,2022-08-21,16:30:00,NK Maribor,NK Celje,2,2,2:2 (2:2),0,,,
3090,2022/23,6,ND Gorica-NK Domžale,2022-08-22,19:15:00,ND Gorica,NK Domžale,0,0,0:0 (0:0),0,,,
3091,2022/23,7,NK Tabor Sežana-NK Bravo,2022-08-26,16:30:00,NK Tabor Sežana,NK Bravo,0,4,0:4 (0:1),1,,,
3092,2022/23,7,NK Celje-ND Gorica,2022-08-26,19:15:00,NK Celje,ND Gorica,1,0,1:0 (0:0),1,,,
3093,2022/23,7,Olimpija Ljubljana-NK Radomlje,2022-08-27,16:30:00,Olimpija Ljubljana,NK Radomlje,2,1,2:1 (1:0),1,,,
3094,2022/23,7,NK Domžale-FC Koper,2022-08-27,19:15:00,NK Domžale,FC Koper,0,2,0:2 (0:0),1,,,
3095,2022/23,7,NŠ Mura-NK Maribor,2022-08-28,16:30:00,NŠ Mura,NK Maribor,0,1,0:1 (0:0),1,,,
3096,2022/23,8,ND Gorica-NŠ Mura,2022-09-02,15:30:00,ND Gorica,NŠ Mura,0,0,0:0 (0:0),0,,,
3097,2022/23,8,FC Koper-NK Celje,2022-09-02,16:30:00,FC Koper,NK Celje,0,2,0:2 (0:2),1,,,
3098,2022/23,8,NK Maribor-NK Tabor Sežana,2022-09-03,16:30:00,NK Maribor,NK Tabor Sežana,2,2,2:2 (0:1),0,,,
3099,2022/23,8,Olimpija Ljubljana-NK Domžale,2022-09-04,19:15:00,Olimpija Ljubljana,NK Domžale,3,2,3:2 (0:2),1,,,
3100,2022/23,8,NK Radomlje-NK Bravo,2022-09-05,16:30:00,NK Radomlje,NK Bravo,1,1,1:1 (0:0),0,,,
3101,2022/23,9,NK Domžale-NK Radomlje,2022-09-09,19:15:00,NK Domžale,NK Radomlje,3,1,3:1 (0:1),1,,,
3102,2022/23,9,NK Tabor Sežana-ND Gorica,2022-09-10,14:00:00,NK Tabor Sežana,ND Gorica,1,3,1:3 (1:2),1,,,
3103,2022/23,9,NK Celje-Olimpija Ljubljana,2022-09-10,19:15:00,NK Celje,Olimpija Ljubljana,4,3,4:3 (0:2),1,,,
3104,2022/23,9,NK Bravo-NK Maribor,2022-09-11,14:00:00,NK Bravo,NK Maribor,0,1,0:1 (0:0),1,,,
3105,2022/23,9,NŠ Mura-FC Koper,2022-09-11,16:30:00,NŠ Mura,FC Koper,2,1,2:1 (1:0),1,,,
3106,2022/23,10,NK Tabor Sežana-FC Koper,2022-09-17,14:00:00,NK Tabor Sežana,FC Koper,0,2,0:2 (0:1),1,,,
3107,2022/23,10,NŠ Mura-Olimpija Ljubljana,2022-09-17,19:15:00,NŠ Mura,Olimpija Ljubljana,2,3,2:3 (2:1),1,,,
3108,2022/23,10,NK Bravo-ND Gorica,2022-09-18,14:00:00,NK Bravo,ND Gorica,2,0,2:0 (2:0),1,,,
3109,2022/23,10,NK Radomlje-NK Maribor,2022-09-18,16:30:00,NK Radomlje,NK Maribor,0,5,0:5 (0:2),1,,,
3110,2022/23,10,NK Celje-NK Domžale,2022-09-18,19:15:00,NK Celje,NK Domžale,2,1,2:1 (0:1),1,,,
3111,2022/23,11,NK Domžale-NŠ Mura,2022-10-01,14:00:00,NK Domžale,NŠ Mura,2,2,2:2 (1:1),0,,,
3112,2022/23,11,Olimpija Ljubljana-NK Tabor Sežana,2022-10-01,16:30:00,Olimpija Ljubljana,NK Tabor Sežana,2,0,2:0 (1:0),1,,,
3113,2022/23,11,FC Koper-NK Bravo,2022-10-01,19:15:00,FC Koper,NK Bravo,2,0,2:0 (1:0),1,,,
3114,2022/23,11,ND Gorica-NK Maribor,2022-10-02,14:00:00,ND Gorica,NK Maribor,1,4,1:4 (0:3),1,,,
3115,2022/23,11,NK Celje-NK Radomlje,2022-10-02,16:30:00,NK Celje,NK Radomlje,2,1,2:1 (1:1),1,,,
3116,2022/23,12,NK Tabor Sežana-NK Domžale,2022-10-08,14:00:00,NK Tabor Sežana,NK Domžale,1,1,1:1 (0:1),0,,,
3117,2022/23,12,NK Maribor-FC Koper,2022-10-08,16:30:00,NK Maribor,FC Koper,0,1,0:1 (0:0),1,,,
3118,2022/23,12,NK Bravo-Olimpija Ljubljana,2022-10-09,14:00:00,NK Bravo,Olimpija Ljubljana,6,1,6:1 (2:0),1,,,
3119,2022/23,12,NŠ Mura-NK Celje,2022-10-09,19:15:00,NŠ Mura,NK Celje,3,1,3:1 (0:1),1,,,
3120,2022/23,12,NK Radomlje-ND Gorica,2022-10-10,16:30:00,NK Radomlje,ND Gorica,1,1,1:1 (1:1),0,,,
3121,2022/23,13,NK Celje-NK Tabor Sežana,2022-10-14,16:30:00,NK Celje,NK Tabor Sežana,1,0,1:0 (1:0),1,,,
3122,2022/23,13,NK Domžale-NK Bravo,2022-10-14,19:15:00,NK Domžale,NK Bravo,0,0,0:0 (0:0),0,,,
3123,2022/23,13,FC Koper-ND Gorica,2022-10-15,16:30:00,FC Koper,ND Gorica,1,1,1:1 (0:1),0,,,
3124,2022/23,13,Olimpija Ljubljana-NK Maribor,2022-10-15,19:15:00,Olimpija Ljubljana,NK Maribor,1,0,1:0 (0:0),1,,,
3125,2022/23,13,NŠ Mura-NK Radomlje,2022-10-16,16:30:00,NŠ Mura,NK Radomlje,3,0,3:0 (2:0),1,,,
3126,2022/23,14,NK Maribor-NK Domžale,2022-10-22,19:15:00,NK Maribor,NK Domžale,0,3,0:3 (0:1),1,,,
3127,2022/23,14,NK Tabor Sežana-NŠ Mura,2022-10-23,14:00:00,NK Tabor Sežana,NŠ Mura,0,4,0:4 (0:4),1,,,
3128,2022/23,14,ND Gorica-Olimpija Ljubljana,2022-10-23,16:30:00,ND Gorica,Olimpija Ljubljana,0,0,0:0 (0:0),0,,,
3129,2022/23,14,NK Bravo-NK Celje,2022-10-24,15:00:00,NK Bravo,NK Celje,2,0,2:0 (1:0),1,,,
3130,2022/23,14,NK Radomlje-FC Koper,2022-10-24,16:30:00,NK Radomlje,FC Koper,2,2,2:2 (1:1),0,,,
3131,2022/23,15,NK Domžale-ND Gorica,2022-10-28,17:00:00,NK Domžale,ND Gorica,5,1,5:1 (2:0),1,,,
3132,2022/23,15,NK Tabor Sežana-NK Radomlje,2022-10-29,14:00:00,NK Tabor Sežana,NK Radomlje,2,1,2:1 (0:1),1,,,
3133,2022/23,15,NK Celje-NK Maribor,2022-10-29,19:15:00,NK Celje,NK Maribor,3,3,3:3 (1:1),0,,,
3134,2022/23,15,Olimpija Ljubljana-FC Koper,2022-10-30,14:00:00,Olimpija Ljubljana,FC Koper,2,1,2:1 (2:1),1,,,
3135,2022/23,15,NŠ Mura-NK Bravo,2022-11-02,15:45:00,NŠ Mura,NK Bravo,1,0,1:0 (1:0),1,,,
3136,2022/23,16,FC Koper-NK Domžale,2022-11-04,19:15:00,FC Koper,NK Domžale,1,1,1:1 (1:1),0,,,
3137,2022/23,16,ND Gorica-NK Celje,2022-11-05,14:00:00,ND Gorica,NK Celje,0,2,0:2 (0:1),1,,,
3138,2022/23,16,NK Radomlje-Olimpija Ljubljana,2022-11-05,16:30:00,NK Radomlje,Olimpija Ljubljana,0,1,0:1 (0:1),1,,,
3139,2022/23,16,NK Bravo-NK Tabor Sežana,2022-11-06,12:00:00,NK Bravo,NK Tabor Sežana,2,1,2:1 (0:1),1,,,
3140,2022/23,16,NK Maribor-NŠ Mura,2022-11-06,14:00:00,NK Maribor,NŠ Mura,5,1,5:1 (3:1),1,,,
3141,2022/23,17,NK Bravo-NK Radomlje,2022-11-12,12:00:00,NK Bravo,NK Radomlje,1,1,1:1 (1:0),0,,,
3142,2022/23,17,NK Domžale-Olimpija Ljubljana,2022-11-12,16:30:00,NK Domžale,Olimpija Ljubljana,0,3,0:3 (0:0),1,,,
3143,2022/23,17,NK Tabor Sežana-NK Maribor,2022-11-13,12:00:00,NK Tabor Sežana,NK Maribor,0,4,0:4 (0:3),1,,,
3144,2022/23,17,NK Celje-FC Koper,2022-11-13,14:00:00,NK Celje,FC Koper,1,1,1:1 (0:1),0,,,
3145,2022/23,17,NŠ Mura-ND Gorica,2022-11-13,16:30:00,NŠ Mura,ND Gorica,2,0,2:0 (1:0),1,,,
3146,2022/23,18,ND Gorica-NK Tabor Sežana,2022-11-29,13:00:00,ND Gorica,NK Tabor Sežana,1,1,1:1 (0:1),0,,,
3147,2022/23,18,NK Maribor-NK Bravo,2022-11-29,17:00:00,NK Maribor,NK Bravo,3,0,3:0 (3:0),1,,,
3148,2022/23,18,NK Radomlje-NK Domžale,2022-11-30,13:00:00,NK Radomlje,NK Domžale,0,2,0:2 (0:0),1,,,
3149,2022/23,18,FC Koper-NŠ Mura,2022-11-30,17:00:00,FC Koper,NŠ Mura,0,0,0:0 (0:0),0,,,
3150,2022/23,18,Olimpija Ljubljana-NK Celje,2022-12-01,17:00:00,Olimpija Ljubljana,NK Celje,0,0,0:0 (0:0),0,,,
3151,2022/23,19,ND Gorica-NK Bravo,2022-12-06,13:00:00,ND Gorica,NK Bravo,0,0,0:0 (0:0),0,,,
3152,2022/23,19,NK Maribor-NK Radomlje,2022-12-06,17:00:00,NK Maribor,NK Radomlje,7,0,7:0 (4:0),1,,,
3153,2022/23,19,FC Koper-NK Tabor Sežana,2022-12-07,14:00:00,FC Koper,NK Tabor Sežana,5,1,5:1 (2:0),1,,,
3154,2022/23,19,NK Domžale-NK Celje,2022-12-07,16:30:00,NK Domžale,NK Celje,2,1,2:1 (0:0),1,,,
3155,2022/23,19,Olimpija Ljubljana-NŠ Mura,2022-12-08,16:30:00,Olimpija Ljubljana,NŠ Mura,0,0,0:0 (0:0),0,,,
3156,2022/23,20,NK Bravo-FC Koper,2022-12-10,12:00:00,NK Bravo,FC Koper,0,1,0:1 (0:1),1,,,
3157,2022/23,20,NK Tabor Sežana-Olimpija Ljubljana,2022-12-11,12:00:00,NK Tabor Sežana,Olimpija Ljubljana,0,8,0:8 (0:2),1,,,
3158,2022/23,20,NK Maribor-ND Gorica,2022-12-11,14:00:00,NK Maribor,ND Gorica,2,1,2:1 (1:1),1,,,
3159,2022/23,20,NK Radomlje-NK Celje,2022-12-11,16:30:00,NK Radomlje,NK Celje,0,3,0:3 (0:1),1,,,
3160,2022/23,20,NŠ Mura-NK Domžale,2022-12-12,16:30:00,NŠ Mura,NK Domžale,0,1,0:1 (0:1),1,,,
3161,2022/23,21,Olimpija Ljubljana-NK Bravo,2023-02-11,14:00:00,Olimpija Ljubljana,NK Bravo,2,1,2:1 (0:0),1,,,
3162,2022/23,21,NK Celje-NŠ Mura,2023-02-11,16:30:00,NK Celje,NŠ Mura,2,1,2:1 (1:0),1,,,
3163,2022/23,21,ND Gorica-NK Radomlje,2023-02-12,12:00:00,ND Gorica,NK Radomlje,1,1,1:1 (0:0),0,,,
3164,2022/23,21,FC Koper-NK Maribor,2023-02-12,14:00:00,FC Koper,NK Maribor,0,1,0:1 (0:1),1,,,
3165,2022/23,21,NK Domžale-NK Tabor Sežana,2023-02-12,16:30:00,NK Domžale,NK Tabor Sežana,0,4,0:4 (0:1),1,,,
3166,2022/23,22,NK Tabor Sežana-NK Celje,2023-02-18,12:00:00,NK Tabor Sežana,NK Celje,2,2,2:2 (1:1),0,,,
3167,2022/23,22,NK Radomlje-NŠ Mura,2023-02-18,14:00:00,NK Radomlje,NŠ Mura,0,0,0:0 (0:0),0,,,
3168,2022/23,22,ND Gorica-FC Koper,2023-02-18,16:30:00,ND Gorica,FC Koper,2,2,2:2 (1:2),0,,,
3169,2022/23,22,NK Bravo-NK Domžale,2023-02-19,12:00:00,NK Bravo,NK Domžale,0,2,0:2 (0:1),1,,,
3170,2022/23,22,NK Maribor-Olimpija Ljubljana,2023-02-19,14:00:00,NK Maribor,Olimpija Ljubljana,2,0,2:0 (2:0),1,,,
3171,2022/23,23,FC Koper-NK Radomlje,2023-02-21,14:00:00,FC Koper,NK Radomlje,1,2,1:2 (0:1),1,,,
3172,2022/23,23,NŠ Mura-NK Tabor Sežana,2023-02-21,16:30:00,NŠ Mura,NK Tabor Sežana,2,2,2:2 (0:2),0,,,
3173,2022/23,23,NK Celje-NK Bravo,2023-02-22,14:00:00,NK Celje,NK Bravo,2,1,2:1 (1:1),1,,,
3174,2022/23,23,Olimpija Ljubljana-ND Gorica,2023-02-22,16:30:00,Olimpija Ljubljana,ND Gorica,4,3,4:3 (2:1),1,,,
3175,2022/23,23,NK Domžale-NK Maribor,2023-02-23,16:30:00,NK Domžale,NK Maribor,1,1,1:1 (1:0),0,,,
3176,2022/23,24,NK Bravo-NŠ Mura,2023-02-25,12:00:00,NK Bravo,NŠ Mura,0,0,0:0 (0:0),0,,,
3177,2022/23,24,NK Radomlje-NK Tabor Sežana,2023-02-25,14:00:00,NK Radomlje,NK Tabor Sežana,0,0,0:0 (0:0),0,,,
3178,2022/23,24,FC Koper-Olimpija Ljubljana,2023-02-25,19:15:00,FC Koper,Olimpija Ljubljana,0,1,0:1 (0:0),1,,,
3179,2022/23,24,NK Maribor-NK Celje,2023-02-26,14:00:00,NK Maribor,NK Celje,2,0,2:0 (2:0),1,,,
3180,2022/23,24,ND Gorica-NK Domžale,2023-02-26,16:30:00,ND Gorica,NK Domžale,0,2,0:2 (0:1),1,,,
3181,2022/23,25,NK Celje-ND Gorica,2023-03-04,14:00:00,NK Celje,ND Gorica,0,1,0:1 (0:0),1,,,
3182,2022/23,25,NK Domžale-FC Koper,2023-03-04,16:30:00,NK Domžale,FC Koper,0,0,0:0 (0:0),0,,,
3183,2022/23,25,Olimpija Ljubljana-NK Radomlje,2023-03-04,19:15:00,Olimpija Ljubljana,NK Radomlje,1,0,1:0 (0:0),1,,,
3184,2022/23,25,NK Tabor Sežana-NK Bravo,2023-03-05,12:00:00,NK Tabor Sežana,NK Bravo,1,1,1:1 (1:0),0,,,
3185,2022/23,25,NŠ Mura-NK Maribor,2023-03-05,14:00:00,NŠ Mura,NK Maribor,2,1,2:1 (2:1),1,,,
3186,2022/23,26,ND Gorica-NŠ Mura,2023-03-10,16:30:00,ND Gorica,NŠ Mura,1,1,1:1 (0:0),0,,,
3187,2022/23,26,NK Maribor-NK Tabor Sežana,2023-03-11,16:30:00,NK Maribor,NK Tabor Sežana,1,1,1:1 (0:0),0,,,
3188,2022/23,26,FC Koper-NK Celje,2023-03-11,19:15:00,FC Koper,NK Celje,0,1,0:1 (0:0),1,,,
3189,2022/23,26,Olimpija Ljubljana-NK Domžale,2023-03-12,14:00:00,Olimpija Ljubljana,NK Domžale,1,4,1:4 (0:3),1,,,
3190,2022/23,26,NK Radomlje-NK Bravo,2023-03-12,16:30:00,NK Radomlje,NK Bravo,3,1,3:1 (1:1),1,,,
3191,2022/23,27,NK Bravo-NK Maribor,2023-03-15,12:00:00,NK Bravo,NK Maribor,2,3,2:3 (0:3),1,,,
3192,2022/23,27,NK Domžale-NK Radomlje,2023-03-15,14:00:00,NK Domžale,NK Radomlje,1,2,1:2 (0:1),1,,,
3193,2022/23,27,NK Celje-Olimpija Ljubljana,2023-03-15,16:30:00,NK Celje,Olimpija Ljubljana,0,1,0:1 (0:0),1,,,
3194,2022/23,27,NK Tabor Sežana-ND Gorica,2023-03-16,14:00:00,NK Tabor Sežana,ND Gorica,0,1,0:1 (0:0),1,,,
3195,2022/23,27,NŠ Mura-FC Koper,2023-03-16,16:30:00,NŠ Mura,FC Koper,1,2,1:2 (0:0),1,,,
3196,2022/23,28,NK Radomlje-NK Maribor,2023-03-18,14:00:00,NK Radomlje,NK Maribor,1,1,1:1 (1:1),0,,,
3197,2022/23,28,NK Celje-NK Domžale,2023-03-18,16:30:00,NK Celje,NK Domžale,1,0,1:0 (0:0),1,,,
3198,2022/23,28,NK Bravo-ND Gorica,2023-03-19,12:00:00,NK Bravo,ND Gorica,2,1,2:1 (0:0),1,,,
3199,2022/23,28,NK Tabor Sežana-FC Koper,2023-03-19,14:00:00,NK Tabor Sežana,FC Koper,0,1,0:1 (0:1),1,,,
3200,2022/23,28,NŠ Mura-Olimpija Ljubljana,2023-03-19,16:30:00,NŠ Mura,Olimpija Ljubljana,2,1,2:1 (2:1),1,,,
3201,2022/23,29,NK Celje-NK Radomlje,2023-04-01,14:00:00,NK Celje,NK Radomlje,1,1,1:1 (1:0),0,,,
3202,2022/23,29,ND Gorica-NK Maribor,2023-04-01,16:30:00,ND Gorica,NK Maribor,0,3,0:3 (0:1),1,,,
3203,2022/23,29,FC Koper-NK Bravo,2023-04-01,19:15:00,FC Koper,NK Bravo,1,0,1:0 (1:0),1,,,
3204,2022/23,29,Olimpija Ljubljana-NK Tabor Sežana,2023-04-02,16:30:00,Olimpija Ljubljana,NK Tabor Sežana,1,0,1:0 (1:0),1,,,
3205,2022/23,29,NK Domžale-NŠ Mura,2023-04-02,19:15:00,NK Domžale,NŠ Mura,0,0,0:0 (0:0),0,,,
3206,2022/23,30,NK Tabor Sežana-NK Domžale,2023-04-08,14:00:00,NK Tabor Sežana,NK Domžale,1,1,1:1 (1:1),0,,,
3207,2022/23,30,NK Radomlje-ND Gorica,2023-04-08,16:30:00,NK Radomlje,ND Gorica,2,0,2:0 (1:0),1,,,
3208,2022/23,30,NK Maribor-FC Koper,2023-04-08,19:15:00,NK Maribor,FC Koper,3,1,3:1 (1:0),1,,,
3209,2022/23,30,NK Bravo-Olimpija Ljubljana,2023-04-10,14:00:00,NK Bravo,Olimpija Ljubljana,1,0,1:0 (0:0),1,,,
3210,2022/23,30,NŠ Mura-NK Celje,2023-04-10,16:30:00,NŠ Mura,NK Celje,0,2,0:2 (0:1),1,,,
3211,2022/23,31,FC Koper-ND Gorica,2023-04-14,19:15:00,FC Koper,ND Gorica,1,0,1:0 (0:0),1,,,
3212,2022/23,31,NŠ Mura-NK Radomlje,2023-04-15,14:00:00,NŠ Mura,NK Radomlje,1,1,1:1 (1:1),0,,,
3213,2022/23,31,NK Domžale-NK Bravo,2023-04-15,16:30:00,NK Domžale,NK Bravo,2,2,2:2 (0:1),0,,,
3214,2022/23,31,NK Celje-NK Tabor Sežana,2023-04-15,19:15:00,NK Celje,NK Tabor Sežana,0,0,0:0 (0:0),0,,,
3215,2022/23,31,Olimpija Ljubljana-NK Maribor,2023-04-16,16:30:00,Olimpija Ljubljana,NK Maribor,2,0,2:0 (1:0),1,,,
3216,2022/23,32,NK Radomlje-FC Koper,2023-04-22,14:00:00,NK Radomlje,FC Koper,1,1,1:1 (1:1),0,,,
3217,2022/23,32,NK Tabor Sežana-NŠ Mura,2023-04-22,16:30:00,NK Tabor Sežana,NŠ Mura,1,2,1:2 (0:0),1,,,
3218,2022/23,32,NK Maribor-NK Domžale,2023-04-22,19:15:00,NK Maribor,NK Domžale,1,0,1:0 (0:0),1,,,
3219,2022/23,32,ND Gorica-Olimpija Ljubljana,2023-04-23,14:00:00,ND Gorica,Olimpija Ljubljana,2,2,2:2 (1:1),0,,,
3220,2022/23,32,NK Bravo-NK Celje,2023-04-23,16:30:00,NK Bravo,NK Celje,0,3,0:3 (0:1),1,,,
3221,2022/23,33,NK Domžale-ND Gorica,2023-04-28,19:15:00,NK Domžale,ND Gorica,1,1,1:1 (1:0),0,,,
3222,2022/23,33,NŠ Mura-NK Bravo,2023-04-29,16:30:00,NŠ Mura,NK Bravo,0,1,0:1 (0:0),1,,,
3223,2022/23,33,NK Celje-NK Maribor,2023-04-29,19:15:00,NK Celje,NK Maribor,3,1,3:1 (1:0),1,,,
3224,2022/23,33,NK Tabor Sežana-NK Radomlje,2023-04-30,14:00:00,NK Tabor Sežana,NK Radomlje,1,2,1:2 (1:0),1,,,
3225,2022/23,33,Olimpija Ljubljana-FC Koper,2023-04-30,16:30:00,Olimpija Ljubljana,FC Koper,3,2,3:2 (2:1),1,,,
3226,2022/23,34,NK Maribor-NŠ Mura,2023-05-02,19:15:00,NK Maribor,NŠ Mura,3,1,3:1 (2:1),1,,,
3227,2022/23,34,NK Radomlje-Olimpija Ljubljana,2023-05-03,16:30:00,NK Radomlje,Olimpija Ljubljana,2,1,2:1 (0:1),1,,,
3228,2022/23,34,ND Gorica-NK Celje,2023-05-03,19:15:00,ND Gorica,NK Celje,1,2,1:2 (1:0),1,,,
3229,2022/23,34,NK Bravo-NK Tabor Sežana,2023-05-04,16:30:00,NK Bravo,NK Tabor Sežana,1,1,1:1 (1:0),0,,,
3230,2022/23,34,FC Koper-NK Domžale,2023-05-04,19:15:00,FC Koper,NK Domžale,2,3,2:3 (1:2),1,,,
3231,2022/23,35,NŠ Mura-ND Gorica,2023-05-13,14:00:00,NŠ Mura,ND Gorica,4,2,4:2 (1:2),1,,,
3232,2022/23,35,NK Domžale-Olimpija Ljubljana,2023-05-13,16:30:00,NK Domžale,Olimpija Ljubljana,2,1,2:1 (1:0),1,,,
3233,2022/23,35,NK Celje-FC Koper,2023-05-13,19:15:00,NK Celje,FC Koper,2,0,2:0 (1:0),1,,,
3234,2022/23,35,NK Tabor Sežana-NK Maribor,2023-05-14,14:00:00,NK Tabor Sežana,NK Maribor,1,1,1:1 (0:0),0,,,
3235,2022/23,35,NK Bravo-NK Radomlje,2023-05-14,16:30:00,NK Bravo,NK Radomlje,0,1,0:1 (0:0),1,,,
3236,2022/23,36,ND Gorica-NK Tabor Sežana,2023-05-19,19:15:00,ND Gorica,NK Tabor Sežana,1,0,1:0 (1:0),1,,,
3237,2022/23,36,NK Maribor-NK Bravo,2023-05-20,14:00:00,NK Maribor,NK Bravo,1,1,1:1 (0:0),0,,,
3238,2022/23,36,Olimpija Ljubljana-NK Celje,2023-05-20,14:00:00,Olimpija Ljubljana,NK Celje,0,2,0:2 (0:1),1,,,
3239,2022/23,36,FC Koper-NŠ Mura,2023-05-20,19:15:00,FC Koper,NŠ Mura,1,2,1:2 (1:0),1,,,
3240,2022/23,36,NK Radomlje-NK Domžale,2023-05-20,19:15:00,NK Radomlje,NK Domžale,1,0,1:0 (0:0),1,,,
3241,2023/24,1,NK Bravo-NK Rogaška,2023-07-22,16:30:00,NK Bravo,NK Rogaška,2,0,2:0 (1:0),1,3.06,3.18,3.10
3242,2023/24,1,NŠ Mura-NK Domžale,2023-07-22,16:30:00,NŠ Mura,NK Domžale,2,3,2:3 (2:1),1,2.51,3.50,3.30
3243,2023/24,1,FC Koper-Olimpija Ljubljana,2023-07-22,19:15:00,FC Koper,Olimpija Ljubljana,2,1,2:1 (0:0),1,3.40,3.40,3.10
3244,2023/24,1,NK Radomlje-NK Maribor,2023-07-23,16:30:00,NK Radomlje,NK Maribor,0,4,0:4 (0:2),1,2.80,4.05,3.60
3245,2023/24,1,NK Aluminij-NK Celje,2023-07-23,19:15:00,NK Aluminij,NK Celje,2,2,2:2 (1:0),0,3.54,3.85,3.50
3246,2023/24,2,FC Koper-NK Radomlje,2023-07-29,16:30:00,FC Koper,NK Radomlje,1,0,1:0 (1:0),1,2.58,3.58,3.40
3247,2023/24,2,Olimpija Ljubljana-NK Rogaška,2023-07-29,19:15:00,Olimpija Ljubljana,NK Rogaška,5,0,5:0 (2:0),1,3.75,5.14,4.50
3248,2023/24,2,NK Domžale-NK Bravo,2023-07-30,16:30:00,NK Domžale,NK Bravo,1,1,1:1 (0:1),0,3.05,3.20,3.10
3249,2023/24,2,NK Maribor-NK Aluminij,2023-07-30,16:30:00,NK Maribor,NK Aluminij,1,0,1:0 (0:0),1,2.47,4.59,4.20
3250,2023/24,2,NK Celje-NŠ Mura,2023-07-30,19:15:00,NK Celje,NŠ Mura,5,0,5:0 (2:0),1,3.51,3.85,3.50
3251,2023/24,3,NK Rogaška-NK Domžale,2023-11-25,12:00:00,NK Rogaška,NK Domžale,1,2,1:2 (0:0),1,2.75,3.48,3.30
3252,2023/24,3,NK Radomlje-Olimpija Ljubljana,2023-11-25,16:30:00,NK Radomlje,Olimpija Ljubljana,0,2,0:2 (0:0),1,3.62,4.00,3.75
3253,2023/24,3,NK Bravo-NK Celje,2023-11-26,12:00:00,NK Bravo,NK Celje,0,2,0:2 (0:1),1,4.04,3.53,3.40
3254,2023/24,3,NŠ Mura-NK Maribor,2023-11-26,14:00:00,NŠ Mura,NK Maribor,0,0,0:0 (0:0),0,2.49,3.56,3.30
3255,2023/24,3,NK Aluminij-FC Koper,2023-11-26,16:30:00,NK Aluminij,FC Koper,3,2,3:2 (2:1),1,2.76,3.38,3.50
3256,2023/24,4,Olimpija Ljubljana-NK Domžale,2023-08-12,16:30:00,Olimpija Ljubljana,NK Domžale,2,1,2:1 (1:0),1,3.97,4.08,3.60
3257,2023/24,4,NK Radomlje-NK Aluminij,2023-08-12,19:15:00,NK Radomlje,NK Aluminij,0,2,0:2 (0:2),1,2.73,3.34,3.10
3258,2023/24,4,NK Maribor-NK Bravo,2023-08-13,16:30:00,NK Maribor,NK Bravo,2,1,2:1 (2:0),1,2.69,4.07,3.70
3259,2023/24,4,NK Celje-NK Rogaška,2023-08-13,19:15:00,NK Celje,NK Rogaška,2,0,2:0 (0:0),1,3.59,4.64,4.33
3260,2023/24,4,FC Koper-NŠ Mura,2023-08-14,19:15:00,FC Koper,NŠ Mura,1,3,1:3 (0:1),1,2.48,3.53,3.50
3261,2023/24,5,NK Bravo-FC Koper,2023-08-18,16:30:00,NK Bravo,FC Koper,0,3,0:3 (0:1),1,3.12,3.21,3.10
3262,2023/24,5,NŠ Mura-NK Radomlje,2023-08-19,16:30:00,NŠ Mura,NK Radomlje,0,2,0:2 (0:2),1,2.44,3.51,3.30
3263,2023/24,5,NK Aluminij-Olimpija Ljubljana,2023-08-19,19:15:00,NK Aluminij,Olimpija Ljubljana,4,5,4:5 (2:1),1,3.68,3.98,3.70
3264,2023/24,5,NK Rogaška-NK Maribor,2023-08-20,16:30:00,NK Rogaška,NK Maribor,2,2,2:2 (0:1),0,2.73,3.98,3.70
3265,2023/24,5,NK Domžale-NK Celje,2023-08-20,19:15:00,NK Domžale,NK Celje,1,2,1:2 (0:1),1,3.55,3.33,3.10
3266,2023/24,6,NK Aluminij-NŠ Mura,2023-08-25,19:15:00,NK Aluminij,NŠ Mura,0,1,0:1 (0:1),1,2.66,3.45,3.30
3267,2023/24,6,FC Koper-NK Rogaška,2023-08-26,,FC Koper,NK Rogaška,3,0,3:0 (0:0),1,2.53,4.53,4.00
3268,2023/24,6,NK Maribor-NK Domžale,2023-08-26,19:15:00,NK Maribor,NK Domžale,1,1,1:1 (1:1),0,2.54,3.84,3.90
3269,2023/24,6,Olimpija Ljubljana-NK Celje,2023-08-27,16:30:00,Olimpija Ljubljana,NK Celje,2,4,2:4 (1:2),1,5.05,3.62,3.20
3270,2023/24,6,NK Radomlje-NK Bravo,2023-08-27,19:15:00,NK Radomlje,NK Bravo,1,2,1:2 (0:2),1,2.99,3.25,3.00
3271,2023/24,7,NK Bravo-NK Aluminij,2023-09-02,14:00:00,NK Bravo,NK Aluminij,2,0,2:0 (1:0),1,3.13,3.45,3.20
3272,2023/24,7,NK Domžale-FC Koper,2023-09-02,16:30:00,NK Domžale,FC Koper,1,2,1:2 (1:1),1,2.77,3.30,3.00
3273,2023/24,7,NK Rogaška-NK Radomlje,2023-09-03,14:00:00,NK Rogaška,NK Radomlje,1,1,1:1 (1:1),0,2.67,3.50,3.20
3274,2023/24,7,NK Celje-NK Maribor,2023-09-03,16:30:00,NK Celje,NK Maribor,2,0,2:0 (1:0),1,3.78,3.40,3.20
3275,2023/24,7,NŠ Mura-Olimpija Ljubljana,2023-09-03,19:15:00,NŠ Mura,Olimpija Ljubljana,1,3,1:3 (1:1),1,3.19,3.61,3.30
3276,2023/24,8,NK Aluminij-NK Rogaška,2023-09-16,14:00:00,NK Aluminij,NK Rogaška,1,2,1:2 (0:2),1,2.72,3.64,3.30
3277,2023/24,8,NŠ Mura-NK Bravo,2023-09-16,16:30:00,NŠ Mura,NK Bravo,1,1,1:1 (1:0),0,2.66,3.28,3.10
3278,2023/24,8,Olimpija Ljubljana-NK Maribor,2023-09-16,19:15:00,Olimpija Ljubljana,NK Maribor,2,1,2:1 (1:0),1,3.94,3.65,3.50
3279,2023/24,8,NK Radomlje-NK Domžale,2023-09-17,14:00:00,NK Radomlje,NK Domžale,3,1,3:1 (3:1),1,2.81,3.34,3.10
3280,2023/24,8,FC Koper-NK Celje,2023-09-17,19:15:00,FC Koper,NK Celje,1,1,1:1 (0:1),0,3.27,2.98,2.88
3281,2023/24,9,NK Domžale-NK Aluminij,2023-09-22,16:30:00,NK Domžale,NK Aluminij,2,1,2:1 (0:1),1,2.78,3.83,3.60
3282,2023/24,9,NK Bravo-Olimpija Ljubljana,2023-09-23,12:00:00,NK Bravo,Olimpija Ljubljana,4,2,4:2 (1:2),1,4.22,3.58,3.30
3283,2023/24,9,NK Rogaška-NŠ Mura,2023-09-23,14:00:00,NK Rogaška,NŠ Mura,0,2,0:2 (0:1),1,2.56,3.30,3.10
3284,2023/24,9,NK Celje-NK Radomlje,2023-09-23,16:30:00,NK Celje,NK Radomlje,1,0,1:0 (1:0),1,3.67,4.47,3.90
3285,2023/24,9,NK Maribor-FC Koper,2023-09-24,19:15:00,NK Maribor,FC Koper,0,1,0:1 (0:1),1,2.46,3.32,3.20
3286,2023/24,10,NK Rogaška-NK Bravo,2023-09-27,14:00:00,NK Rogaška,NK Bravo,2,0,2:0 (1:0),1,2.92,3.24,3.00
3287,2023/24,10,NK Celje-NK Aluminij,2023-09-27,16:30:00,NK Celje,NK Aluminij,1,3,1:3 (1:0),1,3.68,4.62,4.76
3288,2023/24,10,NK Domžale-NŠ Mura,2023-09-27,19:15:00,NK Domžale,NŠ Mura,0,2,0:2 (0:1),1,2.67,3.51,3.50
3289,2023/24,10,NK Maribor-NK Radomlje,2023-09-28,16:30:00,NK Maribor,NK Radomlje,3,1,3:1 (0:1),1,2.47,4.60,4.40
3290,2023/24,10,Olimpija Ljubljana-FC Koper,2023-09-28,19:15:00,Olimpija Ljubljana,FC Koper,1,1,1:1 (0:1),0,3.82,3.58,3.70
3291,2023/24,11,NK Bravo-NK Domžale,2023-09-30,14:00:00,NK Bravo,NK Domžale,3,2,3:2 (2:2),1,3.23,3.25,3.20
3292,2023/24,11,NŠ Mura-NK Celje,2023-09-30,19:15:00,NŠ Mura,NK Celje,0,2,0:2 (0:0),1,3.07,3.58,3.50
3293,2023/24,11,NK Rogaška-Olimpija Ljubljana,2023-10-01,14:00:00,NK Rogaška,Olimpija Ljubljana,0,2,0:2 (0:0),1,3.53,4.43,4.20
3294,2023/24,11,NK Radomlje-FC Koper,2023-10-01,16:30:00,NK Radomlje,FC Koper,1,1,1:1 (0:0),0,2.72,3.38,3.50
3295,2023/24,11,NK Aluminij-NK Maribor,2023-10-01,19:15:00,NK Aluminij,NK Maribor,1,0,1:0 (1:0),1,2.84,3.91,3.90
3296,2023/24,12,NK Celje-NK Bravo,2023-10-07,16:30:00,NK Celje,NK Bravo,2,1,2:1 (1:1),1,4.07,4.20,4.00
3297,2023/24,12,NK Maribor-NŠ Mura,2023-10-07,19:15:00,NK Maribor,NŠ Mura,3,1,3:1 (2:1),1,2.38,3.88,3.90
3298,2023/24,12,NK Domžale-NK Rogaška,2023-10-08,14:00:00,NK Domžale,NK Rogaška,3,0,3:0 (1:0),1,2.73,3.58,3.40
3299,2023/24,12,Olimpija Ljubljana-NK Radomlje,2023-10-08,16:30:00,Olimpija Ljubljana,NK Radomlje,1,1,1:1 (1:1),0,3.83,4.39,4.75
3300,2023/24,12,FC Koper-NK Aluminij,2023-10-08,19:15:00,FC Koper,NK Aluminij,4,1,4:1 (3:0),1,2.58,3.59,3.70
3301,2023/24,13,NK Rogaška-NK Celje,2023-10-21,14:00:00,NK Rogaška,NK Celje,0,4,0:4 (0:3),1,3.39,3.57,4.00
3302,2023/24,13,NK Domžale-Olimpija Ljubljana,2023-10-21,19:15:00,NK Domžale,Olimpija Ljubljana,0,2,0:2 (0:0),1,3.70,3.45,3.60
3303,2023/24,13,NK Bravo-NK Maribor,2023-10-22,14:00:00,NK Bravo,NK Maribor,2,1,2:1 (0:0),1,3.21,3.41,3.50
3304,2023/24,13,NK Aluminij-NK Radomlje,2023-10-22,16:30:00,NK Aluminij,NK Radomlje,0,2,0:2 (0:1),1,2.77,3.49,3.40
3305,2023/24,13,NŠ Mura-FC Koper,2023-10-22,19:15:00,NŠ Mura,FC Koper,2,2,2:2 (1:0),0,2.43,3.48,3.30
3306,2023/24,14,NK Celje-NK Domžale,2023-10-27,16:30:00,NK Celje,NK Domžale,3,1,3:1 (1:0),1,3.80,4.65,4.60
3307,2023/24,14,FC Koper-NK Bravo,2023-10-28,16:30:00,FC Koper,NK Bravo,1,1,1:1 (1:0),0,2.82,3.43,3.40
3308,2023/24,14,NK Maribor-NK Rogaška,2023-10-28,19:15:00,NK Maribor,NK Rogaška,2,1,2:1 (1:1),1,2.42,5.29,5.00
3309,2023/24,14,NK Radomlje-NŠ Mura,2023-10-29,14:00:00,NK Radomlje,NŠ Mura,1,1,1:1 (0:1),0,2.63,3.19,3.30
3310,2023/24,14,Olimpija Ljubljana-NK Aluminij,2023-10-29,16:30:00,Olimpija Ljubljana,NK Aluminij,0,0,0:0 (0:0),0,3.84,4.79,4.60
3311,2023/24,15,NK Rogaška-FC Koper,2023-11-04,12:00:00,NK Rogaška,FC Koper,0,1,0:1 (0:1),1,2.66,3.54,3.40
3312,2023/24,15,NŠ Mura-NK Aluminij,2023-11-04,14:00:00,NŠ Mura,NK Aluminij,1,0,1:0 (0:0),1,2.44,3.48,3.40
3313,2023/24,15,NK Domžale-NK Maribor,2023-11-04,16:30:00,NK Domžale,NK Maribor,1,2,1:2 (1:1),1,2.85,3.65,3.60
3314,2023/24,15,NK Bravo-NK Radomlje,2023-11-05,12:00:00,NK Bravo,NK Radomlje,0,2,0:2 (0:1),1,3.13,3.48,3.40
3315,2023/24,15,NK Celje-Olimpija Ljubljana,2023-11-05,14:00:00,NK Celje,Olimpija Ljubljana,0,1,0:1 (0:1),1,5.04,3.61,3.40
3316,2023/24,16,NK Aluminij-NK Bravo,2023-11-10,16:30:00,NK Aluminij,NK Bravo,1,1,1:1 (0:1),0,3.04,3.10,3.10
3317,2023/24,16,NK Radomlje-NK Rogaška,2023-11-11,14:00:00,NK Radomlje,NK Rogaška,1,3,1:3 (0:1),1,2.68,3.72,3.50
3318,2023/24,16,FC Koper-NK Domžale,2023-11-11,16:30:00,FC Koper,NK Domžale,0,1,0:1 (0:0),1,2.66,3.85,3.70
3319,2023/24,16,NK Maribor-NK Celje,2023-11-12,14:00:00,NK Maribor,NK Celje,0,1,0:1 (0:0),1,3.11,3.29,3.20
3320,2023/24,16,Olimpija Ljubljana-NŠ Mura,2023-11-12,16:30:00,Olimpija Ljubljana,NŠ Mura,1,0,1:0 (0:0),1,3.66,4.42,4.33
3321,2023/24,17,NK Domžale-NK Radomlje,2023-12-02,14:00:00,NK Domžale,NK Radomlje,3,0,3:0 (2:0),1,2.78,3.29,3.40
3322,2023/24,17,NK Bravo-NŠ Mura,2023-12-03,12:00:00,NK Bravo,NŠ Mura,2,0,2:0 (1:0),1,3.00,3.16,3.20
3323,2023/24,17,NK Maribor-Olimpija Ljubljana,2023-12-03,14:00:00,NK Maribor,Olimpija Ljubljana,3,1,3:1 (3:0),1,3.23,3.48,3.50
3324,2023/24,17,NK Rogaška-NK Aluminij,2023-12-16,12:00:00,NK Rogaška,NK Aluminij,0,1,0:1 (0:0),1,2.67,3.10,3.20
3325,2023/24,17,NK Celje-FC Koper,2023-12-16,14:00:00,NK Celje,FC Koper,2,0,2:0 (2:0),1,3.66,4.20,4.20
3326,2023/24,18,NK Radomlje-NK Celje,2023-12-05,16:30:00,NK Radomlje,NK Celje,0,4,0:4 (0:0),1,3.48,3.81,3.60
3327,2023/24,18,NK Aluminij-NK Domžale,2023-12-06,14:00:00,NK Aluminij,NK Domžale,0,5,0:5 (0:2),1,2.86,3.21,3.20
3328,2023/24,18,FC Koper-NK Maribor,2023-12-06,16:30:00,FC Koper,NK Maribor,3,3,3:3 (2:2),0,2.64,3.17,3.40
3329,2023/24,18,NŠ Mura-NK Rogaška,2023-12-07,14:00:00,NŠ Mura,NK Rogaška,3,1,3:1 (1:1),1,2.40,3.66,3.60
3330,2023/24,18,Olimpija Ljubljana-NK Bravo,2023-12-07,16:30:00,Olimpija Ljubljana,NK Bravo,1,1,1:1 (0:0),0,4.26,4.15,4.20
3331,2023/24,19,NK Aluminij-NK Celje,2023-12-09,14:00:00,NK Aluminij,NK Celje,1,3,1:3 (0:2),1,3.54,4.74,4.80
3332,2023/24,19,NK Bravo-NK Rogaška,2023-12-10,12:00:00,NK Bravo,NK Rogaška,3,2,3:2 (1:0),1,3.06,3.76,3.50
3333,2023/24,19,FC Koper-Olimpija Ljubljana,2023-12-10,14:00:00,FC Koper,Olimpija Ljubljana,2,4,2:4 (0:3),1,3.40,3.55,3.40
3334,2023/24,19,NŠ Mura-NK Domžale,2023-12-10,16:30:00,NŠ Mura,NK Domžale,1,0,1:0 (1:0),1,2.51,3.21,3.30
3335,2023/24,19,NK Radomlje-NK Maribor,2023-12-11,16:30:00,NK Radomlje,NK Maribor,2,2,2:2 (1:2),0,2.80,4.11,4.20
3336,2023/24,20,Olimpija Ljubljana-NK Rogaška,2024-02-10,12:00:00,Olimpija Ljubljana,NK Rogaška,2,2,2:2 (0:2),0,3.75,5.83,5.50
3337,2023/24,20,NK Domžale-NK Bravo,2024-02-10,14:00:00,NK Domžale,NK Bravo,1,3,1:3 (0:2),1,3.05,3.16,3.10
3338,2023/24,20,FC Koper-NK Radomlje,2024-02-10,16:30:00,FC Koper,NK Radomlje,0,1,0:1 (0:0),1,2.58,3.33,3.30
3339,2023/24,20,NK Celje-NŠ Mura,2024-02-11,14:00:00,NK Celje,NŠ Mura,4,1,4:1 (2:1),1,3.51,4.59,4.50
3340,2023/24,20,NK Maribor-NK Aluminij,2024-02-11,16:30:00,NK Maribor,NK Aluminij,7,0,7:0 (4:0),1,2.47,5.03,5.00
3341,2023/24,21,NK Aluminij-FC Koper,2024-02-16,16:30:00,NK Aluminij,FC Koper,1,2,1:2 (1:1),1,2.76,3.49,3.40
3342,2023/24,21,NK Rogaška-NK Domžale,2024-02-17,12:00:00,NK Rogaška,NK Domžale,4,1,4:1 (2:1),1,2.75,3.26,3.40
3343,2023/24,21,NK Radomlje-Olimpija Ljubljana,2024-02-17,14:00:00,NK Radomlje,Olimpija Ljubljana,1,3,1:3 (0:2),1,3.62,3.83,3.80
3344,2023/24,21,NK Bravo-NK Celje,2024-02-18,12:00:00,NK Bravo,NK Celje,0,0,0:0 (0:0),0,4.04,3.59,3.50
3345,2023/24,21,NŠ Mura-NK Maribor,2024-02-18,14:00:00,NŠ Mura,NK Maribor,3,2,3:2 (0:2),1,2.49,3.59,3.40
3346,2023/24,22,NK Radomlje-NK Aluminij,2024-02-20,16:30:00,NK Radomlje,NK Aluminij,1,2,1:2 (0:1),1,2.73,3.62,3.40
3347,2023/24,22,Olimpija Ljubljana-NK Domžale,2024-02-21,14:00:00,Olimpija Ljubljana,NK Domžale,1,0,1:0 (1:0),1,3.97,5.50,5.00
3348,2023/24,22,NK Celje-NK Rogaška,2024-02-22,14:00:00,NK Celje,NK Rogaška,4,1,4:1 (1:0),1,3.59,6.58,6.00
3349,2023/24,22,NK Maribor-NK Bravo,2024-02-22,16:30:00,NK Maribor,NK Bravo,2,1,2:1 (1:1),1,2.69,3.91,3.80
3350,2023/24,22,FC Koper-NŠ Mura,2024-03-23,19:15:00,FC Koper,NŠ Mura,2,1,2:1 (1:0),1,2.48,3.36,3.40
3351,2023/24,23,NK Aluminij-Olimpija Ljubljana,2024-02-24,16:30:00,NK Aluminij,Olimpija Ljubljana,0,4,0:4 (0:3),1,3.68,5.03,4.60
3352,2023/24,23,NK Rogaška-NK Maribor,2024-02-25,12:00:00,NK Rogaška,NK Maribor,0,0,0:0 (0:0),0,2.73,4.31,4.00
3353,2023/24,23,NK Domžale-NK Celje,2024-02-25,14:00:00,NK Domžale,NK Celje,2,1,2:1 (0:0),1,3.55,4.66,4.40
3354,2023/24,23,NŠ Mura-NK Radomlje,2024-02-25,16:30:00,NŠ Mura,NK Radomlje,0,0,0:0 (0:0),0,2.44,3.37,3.25
3355,2023/24,23,NK Bravo-FC Koper,2024-02-26,14:00:00,NK Bravo,FC Koper,0,0,0:0 (0:0),0,3.12,3.40,3.20
3356,2023/24,24,NK Aluminij-NŠ Mura,2024-03-01,16:30:00,NK Aluminij,NŠ Mura,2,0,2:0 (0:0),1,2.66,3.26,3.30
3357,2023/24,24,Olimpija Ljubljana-NK Celje,2024-03-02,14:00:00,Olimpija Ljubljana,NK Celje,1,1,1:1 (0:1),0,5.05,3.17,3.25
3358,2023/24,24,NK Maribor-NK Domžale,2024-03-02,16:30:00,NK Maribor,NK Domžale,3,0,3:0 (2:0),1,2.54,4.83,4.60
3359,2023/24,24,FC Koper-NK Rogaška,2024-03-03,14:00:00,FC Koper,NK Rogaška,1,2,1:2 (1:2),1,2.53,3.80,3.75
3360,2023/24,24,NK Radomlje-NK Bravo,2024-03-03,16:30:00,NK Radomlje,NK Bravo,0,1,0:1 (0:0),1,2.99,3.04,3.20
3361,2023/24,25,NK Bravo-NK Aluminij,2024-03-09,14:00:00,NK Bravo,NK Aluminij,0,0,0:0 (0:0),0,3.13,3.81,3.70
3362,2023/24,25,NK Celje-NK Maribor,2024-03-09,16:30:00,NK Celje,NK Maribor,1,1,1:1 (0:0),0,3.78,3.49,3.25
3363,2023/24,25,NK Rogaška-NK Radomlje,2024-03-10,12:00:00,NK Rogaška,NK Radomlje,1,0,1:0 (1:0),1,2.67,3.26,3.20
3364,2023/24,25,NŠ Mura-Olimpija Ljubljana,2024-03-10,14:00:00,NŠ Mura,Olimpija Ljubljana,1,1,1:1 (1:0),0,3.19,4.05,3.75
3365,2023/24,25,NK Domžale-FC Koper,2024-04-18,15:00:00,NK Domžale,FC Koper,1,0,1:0 (0:0),1,2.77,3.55,3.50
3366,2023/24,26,NŠ Mura-NK Bravo,2024-03-13,13:45:00,NŠ Mura,NK Bravo,1,2,1:2 (0:1),1,2.66,3.12,2.90
3367,2023/24,26,NK Aluminij-NK Rogaška,2024-03-13,15:45:00,NK Aluminij,NK Rogaška,0,1,0:1 (0:0),1,2.72,3.21,3.40
3368,2023/24,26,NK Radomlje-NK Domžale,2024-03-13,17:45:00,NK Radomlje,NK Domžale,2,0,2:0 (0:0),1,2.81,3.22,3.25
3369,2023/24,26,FC Koper-NK Celje,2024-03-14,15:45:00,FC Koper,NK Celje,1,3,1:3 (0:1),1,3.27,3.55,3.30
3370,2023/24,26,Olimpija Ljubljana-NK Maribor,2024-04-17,17:30:00,Olimpija Ljubljana,NK Maribor,1,2,1:2 (1:0),1,3.94,3.66,3.50
3371,2023/24,27,NK Bravo-Olimpija Ljubljana,2024-03-16,14:00:00,NK Bravo,Olimpija Ljubljana,1,1,1:1 (1:1),0,4.22,3.41,3.40
3372,2023/24,27,NK Domžale-NK Aluminij,2024-03-16,19:15:00,NK Domžale,NK Aluminij,2,0,2:0 (1:0),1,2.78,3.70,3.60
3373,2023/24,27,NK Rogaška-NŠ Mura,2024-03-17,12:00:00,NK Rogaška,NŠ Mura,0,0,0:0 (0:0),0,2.56,3.28,3.20
3374,2023/24,27,NK Celje-NK Radomlje,2024-03-17,14:00:00,NK Celje,NK Radomlje,2,1,2:1 (1:1),1,3.67,4.87,5.00
3375,2023/24,27,NK Maribor-FC Koper,2024-03-17,16:30:00,NK Maribor,FC Koper,3,1,3:1 (1:0),1,2.46,3.65,3.60
3376,2023/24,28,NK Rogaška-NK Bravo,2024-03-29,14:00:00,NK Rogaška,NK Bravo,2,0,2:0 (1:0),1,2.92,3.46,3.20
3377,2023/24,28,NK Maribor-NK Radomlje,2024-03-29,16:30:00,NK Maribor,NK Radomlje,1,0,1:0 (0:0),1,2.47,5.79,4.40
3378,2023/24,28,NK Domžale-NŠ Mura,2024-03-29,19:15:00,NK Domžale,NŠ Mura,3,5,3:5 (0:2),1,2.67,3.45,3.20
3379,2023/24,28,Olimpija Ljubljana-FC Koper,2024-03-30,14:00:00,Olimpija Ljubljana,FC Koper,3,2,3:2 (2:0),1,3.82,3.72,4.20
3380,2023/24,28,NK Celje-NK Aluminij,2024-03-30,16:30:00,NK Celje,NK Aluminij,2,2,2:2 (1:2),0,3.68,6.52,5.80
3381,2023/24,29,NK Aluminij-NK Maribor,2024-04-05,19:15:00,NK Aluminij,NK Maribor,0,2,0:2 (0:1),1,2.84,5.25,5.00
3382,2023/24,29,NK Rogaška-Olimpija Ljubljana,2024-04-06,14:00:00,NK Rogaška,Olimpija Ljubljana,2,3,2:3 (1:1),1,3.53,4.06,3.90
3383,2023/24,29,NK Radomlje-FC Koper,2024-04-06,16:30:00,NK Radomlje,FC Koper,1,1,1:1 (0:0),0,2.72,3.26,3.20
3384,2023/24,29,NŠ Mura-NK Celje,2024-04-06,19:15:00,NŠ Mura,NK Celje,1,3,1:3 (1:2),1,3.07,4.30,4.20
3385,2023/24,29,NK Bravo-NK Domžale,2024-04-07,14:00:00,NK Bravo,NK Domžale,1,3,1:3 (0:0),1,3.23,3.49,3.40
3386,2023/24,30,NK Maribor-NŠ Mura,2024-04-09,17:45:00,NK Maribor,NŠ Mura,5,0,5:0 (2:0),1,2.38,4.41,4.50
3387,2023/24,30,NK Celje-NK Bravo,2024-04-10,13:45:00,NK Celje,NK Bravo,2,1,2:1 (1:0),1,4.07,4.86,4.80
3388,2023/24,30,NK Domžale-NK Rogaška,2024-04-10,15:45:00,NK Domžale,NK Rogaška,0,1,0:1 (0:1),1,2.73,3.18,3.40
3389,2023/24,30,Olimpija Ljubljana-NK Radomlje,2024-04-10,17:45:00,Olimpija Ljubljana,NK Radomlje,2,2,2:2 (1:1),0,3.83,4.45,4.60
3390,2023/24,30,FC Koper-NK Aluminij,2024-04-11,15:45:00,FC Koper,NK Aluminij,2,1,2:1 (0:1),1,2.58,4.10,3.80
3391,2023/24,31,NK Rogaška-NK Celje,2024-04-13,14:00:00,NK Rogaška,NK Celje,1,2,1:2 (0:0),1,3.39,4.30,4.00
3392,2023/24,31,NK Bravo-NK Maribor,2024-04-14,14:00:00,NK Bravo,NK Maribor,1,1,1:1 (1:1),0,3.21,3.33,3.30
3393,2023/24,31,NŠ Mura-FC Koper,2024-04-14,16:30:00,NŠ Mura,FC Koper,1,1,1:1 (1:0),0,2.43,3.26,3.20
3394,2023/24,31,NK Domžale-Olimpija Ljubljana,2024-04-14,19:15:00,NK Domžale,Olimpija Ljubljana,1,3,1:3 (0:0),1,3.70,3.91,3.90
3395,2023/24,31,NK Aluminij-NK Radomlje,2024-04-15,16:30:00,NK Aluminij,NK Radomlje,1,1,1:1 (1:0),0,2.77,3.38,3.25
3396,2023/24,32,NK Radomlje-NŠ Mura,2024-04-20,14:00:00,NK Radomlje,NŠ Mura,1,2,1:2 (1:1),1,2.63,3.36,3.25
3397,2023/24,32,Olimpija Ljubljana-NK Aluminij,2024-04-20,16:30:00,Olimpija Ljubljana,NK Aluminij,5,0,5:0 (1:0),1,3.84,5.65,5.80
3398,2023/24,32,NK Maribor-NK Rogaška,2024-04-21,14:00:00,NK Maribor,NK Rogaška,3,0,3:0 (0:0),1,2.42,4.67,4.33
3399,2023/24,32,NK Celje-NK Domžale,2024-04-21,16:30:00,NK Celje,NK Domžale,2,3,2:3 (1:0),1,3.80,5.25,5.00
3400,2023/24,32,FC Koper-NK Bravo,2024-04-21,19:15:00,FC Koper,NK Bravo,0,0,0:0 (0:0),0,2.82,3.32,3.20
3401,2023/24,33,NK Bravo-NK Radomlje,2024-04-27,16:30:00,NK Bravo,NK Radomlje,1,1,1:1 (1:1),0,3.13,3.19,3.10
3402,2023/24,33,NK Domžale-NK Maribor,2024-04-27,19:15:00,NK Domžale,NK Maribor,1,1,1:1 (0:1),0,2.85,3.91,3.90
3403,2023/24,33,NK Celje-Olimpija Ljubljana,2024-04-28,14:00:00,NK Celje,Olimpija Ljubljana,1,0,1:0 (0:0),1,5.04,3.38,3.60
3404,2023/24,33,NK Rogaška-FC Koper,2024-04-28,16:30:00,NK Rogaška,FC Koper,2,2,2:2 (1:1),0,2.66,3.16,3.25
3405,2023/24,33,NŠ Mura-NK Aluminij,2024-04-29,16:30:00,NŠ Mura,NK Aluminij,3,1,3:1 (1:0),1,2.44,3.48,3.40
3406,2023/24,34,NK Aluminij-NK Bravo,2024-05-04,14:00:00,NK Aluminij,NK Bravo,1,1,1:1 (0:1),0,3.04,3.75,3.25
3407,2023/24,34,FC Koper-NK Domžale,2024-05-04,16:30:00,FC Koper,NK Domžale,3,1,3:1 (2:0),1,2.66,3.66,3.40
3408,2023/24,34,NK Maribor-NK Celje,2024-05-04,19:15:00,NK Maribor,NK Celje,3,1,3:1 (2:0),1,3.11,4.11,3.75
3409,2023/24,34,NK Radomlje-NK Rogaška,2024-05-05,14:00:00,NK Radomlje,NK Rogaška,1,0,1:0 (0:0),1,2.68,3.30,3.20
3410,2023/24,34,Olimpija Ljubljana-NŠ Mura,2024-05-05,16:30:00,Olimpija Ljubljana,NŠ Mura,0,0,0:0 (0:0),0,3.66,5.37,5.00
3411,2023/24,35,NK Rogaška-NK Aluminij,2024-05-11,14:00:00,NK Rogaška,NK Aluminij,1,4,1:4 (0:4),1,2.67,3.80,3.50
3412,2023/24,35,NK Domžale-NK Radomlje,2024-05-11,16:30:00,NK Domžale,NK Radomlje,1,1,1:1 (1:1),0,2.78,3.44,3.50
3413,2023/24,35,NK Maribor-Olimpija Ljubljana,2024-05-11,19:15:00,NK Maribor,Olimpija Ljubljana,2,1,2:1 (1:0),1,3.23,3.91,3.90
3414,2023/24,35,NK Celje-FC Koper,2024-05-12,14:00:00,NK Celje,FC Koper,2,1,2:1 (1:1),1,3.66,4.51,3.90
3415,2023/24,35,NK Bravo-NŠ Mura,2024-05-12,16:30:00,NK Bravo,NŠ Mura,1,1,1:1 (0:0),0,3.00,3.42,3.40
3416,2023/24,36,NK Aluminij-NK Domžale,2024-05-18,14:00:00,NK Aluminij,NK Domžale,1,3,1:3 (0:3),1,2.86,4.97,5.00
3417,2023/24,36,NŠ Mura-NK Rogaška,2024-05-18,14:00:00,NŠ Mura,NK Rogaška,1,2,1:2 (0:2),1,2.40,3.69,3.60
3418,2023/24,36,NK Radomlje-NK Celje,2024-05-18,14:00:00,NK Radomlje,NK Celje,1,1,1:1 (1:0),0,3.48,3.70,3.50
3419,2023/24,36,FC Koper-NK Maribor,2024-05-19,16:30:00,FC Koper,NK Maribor,1,1,1:1 (1:1),0,2.64,4.02,4.00
3420,2023/24,36,Olimpija Ljubljana-NK Bravo,2024-05-19,16:30:00,Olimpija Ljubljana,NK Bravo,0,1,0:1 (0:0),1,4.26,4.03,4.00
